mtllib materials.mtl
v -0.1102301 -0.08224809 -0.9830483
v -0.09197615 -0.08191943 -0.9887071
v -0.09064478 -0.1243788 -0.9868779
v -0.1088987 -0.1247075 -0.9812192
v -0.07898609 -0.08211613 -1.002727
v -0.07765471 -0.1245755 -1.000898
v -0.07474057 -0.08278525 -1.021351
v -0.0734092 -0.1252447 -1.019522
v -0.08037716 -0.08374774 -1.039589
v -0.07904578 -0.1262071 -1.03776
v -0.09438555 -0.08474553 -1.052555
v -0.09305417 -0.1272049 -1.050726
v -0.1130122 -0.08551133 -1.056773
v -0.1116808 -0.1279707 -1.054944
v -0.1312661 -0.08583999 -1.051115
v -0.1299347 -0.1282994 -1.049286
v -0.1442562 -0.08564329 -1.037095
v -0.1429248 -0.1281027 -1.035266
v -0.1485017 -0.08497417 -1.018471
v -0.1471703 -0.1274335 -1.016642
v -0.1428651 -0.08401167 -1.000232
v -0.1415337 -0.126471 -0.9984033
v -0.1288567 -0.08301389 -0.9872669
v -0.1275253 -0.1254733 -0.9854378
v -0.1082095 -0.1083841 -0.9511448
v -0.07474397 -0.1077816 -0.9615191
v -0.07406951 -0.1292907 -0.9605925
v -0.107535 -0.1298931 -0.9502182
v -0.05092883 -0.1081421 -0.9872221
v -0.05025442 -0.1296512 -0.9862955
v -0.0431454 -0.109369 -1.021366
v -0.04247095 -0.130878 -1.02044
v -0.05347908 -0.1111335 -1.054803
v -0.05280467 -0.1326425 -1.053877
v -0.07916114 -0.1129628 -1.078574
v -0.0784867 -0.1344718 -1.077647
v -0.11331 -0.1143668 -1.086308
v -0.1126355 -0.1358757 -1.085381
v -0.1467755 -0.1149693 -1.075933
v -0.146101 -0.1364782 -1.075007
v -0.1705906 -0.1146086 -1.05023
v -0.1699161 -0.1361177 -1.049304
v -0.1783741 -0.1133819 -1.016086
v -0.1776996 -0.1348908 -1.015159
v -0.1680404 -0.1116173 -0.982649
v -0.1673659 -0.1331264 -0.9817224
v -0.1423583 -0.1097881 -0.9588788
v -0.1416838 -0.1312971 -0.9579523
v 1.220742 -0.05008543 -0.1107786
v 1.232004 -0.03164828 0.2210759
v 1.229253 0.01651597 0.2184931
v 1.226341 0.01174796 0.1326733
v 1.217991 -0.001921296 -0.113361
v 0.8889154 -0.06838012 -0.09850064
v 0.8861645 -0.02021599 -0.101083
v 0.8917958 -0.01099741 0.06484416
v 0.8945467 -0.05916154 0.06742668
v 1.207635 -0.07815957 -0.5560269
v 1.177566 -0.03243744 0.3421313
v 1.134012 -0.01183856 -0.1741826
v 1.179335 -0.02376997 -0.4228429
v 1.179683 -0.02386165 -0.4247534
v 1.209154 -0.02137995 -0.4196716
v 1.205 -0.0305264 -0.5636524
v 1.174701 0.01574421 0.3400482
v 1.115932 -0.02764618 -0.4344324
v 1.113349 -0.02756262 -0.4306846
v 1.013987 -0.03202236 -0.4174681
v 0.8971767 -0.05661237 -0.7320917
v 1.00216 -0.05423057 -0.893243
v 0.8942943 -0.006907344 0.1384625
v 0.8978854 -0.05608964 0.1471855
v 0.9041744 -0.0478431 0.4953876
v 0.8973892 -0.0001238585 0.4928451
v 0.7464581 -0.01553524 0.4836359
v 0.8216254 -0.009176135 0.3478585
v 0.8592092 -0.005996704 0.2799697
v 0.8967928 -0.002817154 0.212081
v 1.063023 0.006849408 0.215287
v 0.8265036 -0.05951536 0.3171171
v 0.7551219 -0.06294107 0.4870486
v 0.896736 -0.002910018 0.2104088
v 1.072868 0.004257679 0.1612737
v 1.045582 -0.02537119 -0.3323677
v 1.07387 0.003993869 0.1557764
v 0.86519 -0.07807267 -0.215804
v 0.8626718 -0.02991045 -0.2185474
v 0.7993836 -0.1423194 -1.219351
v 0.2248934 -0.144774 -0.6703751
v 0.3935346 -0.1180731 -0.5812523
v 0.5640137 -0.1171502 -0.4877141
v 0.6177391 -0.1074576 -0.3804108
v 0.7414646 -0.08776522 -0.2931074
v 0.8533272 -0.08291888 -0.2744557
v 0.7993199 -0.07793474 -1.222833
v 0.5308967 -0.09232068 -0.9587075
v 0.2844382 -0.1105925 -1.139273
v 0.4496953 -0.115577 -1.40657
v 0.3921797 -0.0699209 -0.5848004
v 0.5621935 -0.06899405 -0.4909404
v 0.2224732 -0.09670663 -0.6745812
v 0.1804151 -0.1524919 -0.7976655
v 0.1780705 -0.1044942 -0.8024067
v 0.1035111 -0.2171668 -1.582797
v -0.001181327 -0.1714238 -1.055122
v 0.1859368 -0.1502099 -0.9449558
v 0.1000707 -0.153219 -1.590306
v 0.06020705 -0.1395425 -1.351818
v -0.1851167 -0.1712496 -1.578743
v -0.004830562 -0.1237159 -1.061804
v -0.03539046 -0.1774069 -0.9642217
v -0.03793772 -0.1297374 -0.970719
v -0.6668304 -0.265946 -1.552338
v -0.3196944 -0.1583087 -0.2964092
v -0.1186847 -0.1396881 -0.1581753
v -0.1082331 -0.1295155 0.07314375
v -0.01470038 -0.1212019 0.07572007
v 0.1266477 -0.1072638 0.2174725
v 0.1973217 -0.1002948 0.2883487
v 0.207434 -0.09560788 0.351286
v 0.204412 -0.09449172 0.373689
v 0.4798041 -0.07705152 0.448516
v 0.6411812 -0.06868899 0.3598717
v 0.710294 -0.08478463 0.1840542
v 0.6682071 -0.09516919 -0.02481082
v 0.6385713 -0.1024815 -0.1718845
v 0.4903173 -0.116972 -0.2840102
v 0.411821 -0.124736 -0.3488652
v 0.3333248 -0.1324999 -0.4137205
v 0.2548285 -0.1402639 -0.4785757
v 0.1743768 -0.1451081 -0.501803
v 0.09392444 -0.1499523 -0.5250303
v 0.04338006 -0.1556084 -0.6808873
v -0.04310962 -0.1694992 -0.7971044
v -0.07959946 -0.1733899 -0.9133213
v -0.2862661 -0.1776447 -1.574642
v -0.672602 -0.2020702 -1.558979
v -0.5781572 -0.1824476 -1.32529
v -0.9726003 -0.2062155 -1.104139
v -1.14943 -0.2406764 -1.314936
v -0.3248256 -0.1104146 -0.3001279
v -0.5218895 -0.1885235 -0.63855
v -0.5287459 -0.1410918 -0.6426427
v -1.141869 -0.3039383 -1.30502
v -0.8013251 -0.2214823 -0.901968
v -0.809069 -0.1743462 -0.9091958
v 0.6538988 -0.04459739 -0.02400848
v 0.6389805 -0.05529356 -0.1816155
v 0.09722517 -0.1022193 -0.528248
v 0.0442628 -0.1078292 -0.6850299
v -0.04339095 -0.1217941 -0.802332
v -0.08104476 -0.1257589 -0.9196341
v 0.3367935 -0.08498824 -0.4191547
v 0.2979569 -0.08879685 -0.450781
v 0.2591206 -0.09260547 -0.4824074
v 0.178173 -0.09741235 -0.5053278
v 0.09144924 -0.09029615 -0.3047043
v -0.04800924 -0.1084756 -0.5888046
v -0.09660741 -0.1207911 -0.7421156
v -0.2374774 -0.1337531 -0.7992017
v -0.3822652 -0.1417472 -0.8405846
v -0.376823 -0.1639146 -1.239306
v -0.1207462 -0.1357965 -1.04635
v -0.08263906 -0.134775 -1.117435
v -0.1604476 -0.1458342 -1.173065
v 0.1836677 -0.1022818 -0.9502321
v -0.1150583 -0.09179544 -0.1586275
v -0.1042148 -0.08164144 0.07444298
v 0.2129153 -0.05465591 0.3652202
v 0.2167095 -0.05550778 0.3994726
v 0.3925433 -0.04199553 0.4825923
v 0.6458448 -0.02104151 0.3608526
v 0.4921388 -0.069754 -0.2926489
v 0.4144659 -0.07737112 -0.355902
v 0.7116889 -0.03712773 0.1787763
v 0.08233801 -0.105708 0.4584964
v -0.02914473 -0.115008 0.3224631
v -0.1748334 -0.1172433 0.3320352
v -0.1690622 -0.1062162 0.4615712
v -0.09453531 -0.1091573 0.5336697
v -0.02000781 -0.1120983 0.6057678
v 0.004181661 -0.1113269 0.6561303
v 0.02837137 -0.1105555 0.7064924
v 0.1371048 -0.09223795 0.8418024
v 0.5052516 -0.07541466 0.7131532
v 0.359793 -0.08885491 0.5453353
v 0.4098199 -0.08447683 0.4750972
v -0.009639464 -0.07341909 0.0743877
v 0.1329943 -0.05962241 0.2164904
v 0.2043108 -0.05272412 0.2875417
v 0.2327985 -0.07188916 -0.07747662
v 0.654087 -0.04446244 -0.02202031
v 0.2800669 -0.06135678 0.00257577
v 0.1352136 -0.06738794 0.03848174
v 0.2065306 -0.06048965 0.1095331
v 0.2421889 -0.05704045 0.1450588
v 0.3725651 -0.04692757 0.202639
v 0.08128337 -0.05833399 0.4668278
v 0.3653267 -0.04124928 0.5445063
v 0.2754962 -0.04748178 0.507503
v 0.2269433 -0.05019486 0.4973342
v 0.17839 -0.05290794 0.4871654
v 0.1846595 -0.1244854 0.93843
v 0.3393255 -0.1108716 0.8673849
v 0.4939916 -0.09725761 0.7963399
v -0.03204032 -0.06739616 0.3273947
v 0.5133136 -0.02827394 0.7099292
v 0.3472824 -0.04168379 0.5686061
v 0.01406995 -0.02074397 0.7009685
v 0.1354937 -0.03820837 0.8487997
v 0.1091237 0.0296303 0.782208
v 0.1709134 0.04279864 0.7850739
v -0.1661714 -0.05848503 0.4668879
v -0.1780995 -0.07000184 0.3395459
v -0.05099734 -0.05829132 0.4831171
v 0.3017699 -0.03840923 0.6697747
v 0.3422115 -0.04131889 0.5798782
v 0.3232029 -0.005923986 0.7751025
v 0.2432336 -0.04121375 0.6586635
v -0.004937135 -0.03214538 0.6535093
v 0.09303562 -0.03613019 0.6354156
v 0.1407265 -0.02707767 0.6767118
v 0.1740509 -0.01658249 0.9468391
v 0.2112732 0.05728948 0.8534908
v 0.4983835 -0.04952836 0.7968585
v 0.3548124 -0.02355719 0.8837593
v 0.2644316 -0.02006984 0.9152992
v 0.6907498 -0.07392788 -0.9638169
v 0.6242192 -0.073035 -0.8793603
v 0.8099384 -0.06085706 -0.7246594
v 0.8290765 -0.0591296 -0.683067
v 0.8509254 -0.03475773 -0.2772795
v 0.739179 -0.03960502 -0.2960117
v 0.6156862 -0.05929947 -0.3834761
v 0.6107546 -0.06019318 -0.3933835
v 0.9347479 -0.03736913 -0.4090338
v 1.015667 -0.03166866 -0.4129426
v 0.05962185 -0.1393417 -1.348317
v 0.06417666 -0.05809772 0.4993463
v 0.1024513 -0.04258776 0.588029
v -0.06041332 -0.05183387 0.5305037
v 0.2572521 -0.04393733 0.5929825
v 0.04534475 -0.0451827 0.5941194
v -0.02394398 -0.0435468 0.6060501
v -0.09505781 -0.05101585 0.5364691
v 0.06429175 -0.0767653 -0.001516834
v -0.01180454 -0.09104574 -0.2316659
v -0.2325532 -0.1097683 -0.3963534
v -0.1402813 -0.1091219 -0.492579
v 0.8317293 -0.05903149 -0.6849767
v 0.8455948 -0.05851901 -0.6949583
v -0.1675913 -0.08513641 1.349015
v -0.5612988 -0.08283126 1.358313
v -0.5705578 0.06772423 1.352885
v -0.1783447 0.3558408 1.377124
v -0.172968 0.1353521 1.363069
v -1.250356 -0.1400141 1.003431
v -1.254651 -0.1386696 0.9922464
v -0.3253154 0.3873683 1.303808
v -0.02648463 0.05999231 1.372274
v 0.2136243 0.02976644 1.327002
v 0.2158363 -0.04563987 1.329134
v -1.262906 0.009599805 0.9879276
v -1.090572 0.02584553 1.078335
v -0.9172338 0.03980505 1.169852
v -0.2071559 0.3252524 1.343811
v -0.1918726 0.3163277 1.337867
v -1.32533 -0.1529914 0.8314729
v -1.326612 0.02246392 0.8273076
v -0.2070076 -0.1478419 0.769998
v -0.4531853 -0.1710265 0.6256707
v -0.5396327 -0.1807986 0.4676601
v -0.695366 -0.1747178 0.4418753
v -0.1962686 0.0001986027 0.7425966
v -0.4312456 -0.06467521 0.6030599
v -1.198766 0.2521091 0.6876085
v -1.164428 0.3226961 0.7385883
v -1.151415 0.3233576 0.8511639
v -1.152133 0.3213351 0.8520455
v -0.6825092 -0.06884372 0.44233
v -0.5476906 -0.06194115 0.4731588
v -0.7220713 -0.0401721 0.582667
v -0.2858277 0.3355098 1.301156
v -0.1764024 0.312778 1.337718
v -0.09095313 0.3031242 1.335101
v -0.0818614 0.3054808 1.336328
v -0.1750267 -0.1434761 1.109142
v -0.1631641 0.006607413 1.098998
v 0.3842538 -0.1111503 1.228116
v -0.004788421 -0.1331151 1.178599
v 0.2114124 0.1051728 1.32487
v 0.3997208 0.03838897 1.214664
v -0.9029894 -0.2004904 0.3702994
v -1.004619 -0.2253799 0.2309749
v -1.661473 -0.1891584 0.3341577
v -1.561119 -0.183428 0.4996286
v -1.460765 -0.1776978 0.6650995
v -0.7860401 -0.08150697 0.4060195
v -0.8895708 -0.09417021 0.3697088
v -0.8370293 -0.04620326 0.5552623
v -0.8593099 -0.04456329 0.4461515
v -1.650755 -0.03874695 0.3275494
v -1.685026 -0.2652192 -0.4430762
v -1.692729 -0.1148344 -0.4534335
v -1.579553 -0.05924916 -0.2515658
v -1.603287 -0.05241501 -0.05852708
v -1.62702 -0.04558098 0.1345114
v -1.034946 -0.2242091 -0.0816035
v -1.024597 -0.2669268 -0.383915
v -1.00229 -0.1042674 0.2051007
v -1.030196 -0.1169629 -0.08299562
v -1.10517 -0.07650423 0.06927934
v -1.543878 -0.1122363 -0.6877323
v -1.473773 -0.09700274 -0.6052145
v -0.9654331 -0.2934333 -0.7931722
v -1.306806 -0.3463351 -1.102677
v -1.395459 -0.3213511 -0.9942354
v -1.440242 -0.3254361 -0.877813
v -1.495829 -0.3195882 -0.7922548
v -1.551416 -0.3137403 -0.7066969
v -1.01872 -0.1162388 -0.3902979
v -0.9839283 -0.1285486 -0.5408019
v -0.9205641 -0.150968 -0.8149096
v -1.121449 -0.07156682 -0.4060695
v -1.079571 -0.1016295 -0.5669702
v -1.317633 -0.1997617 -1.137046
v -0.9973311 -0.1606663 -0.882944
v -1.035715 -0.1655155 -0.9169606
v -1.074098 -0.1703649 -0.9509782
v -1.112482 -0.1752141 -0.9849948
v -1.150866 -0.1800632 -1.019011
v -1.189249 -0.1849124 -1.053029
v 0.007974185 0.01710367 1.171631
v 0.2055093 0.04475069 1.234123
v 0.01129798 0.05111229 1.253582
v -0.1726663 0.03583837 1.222597
v -0.2582352 0.0305903 1.18628
v -0.2191609 0.01835752 1.035982
v -0.4303257 0.01708245 1.082649
v -0.393904 0.01494372 1.087688
v -0.6604786 0.3789065 1.137538
v -0.6750224 0.2841117 1.086484
v -0.6029404 0.2909505 1.128816
v -0.6317095 0.3349285 1.133177
v -0.646094 0.3569175 1.135357
v -1.419412 0.02020013 0.68334
v -1.469609 0.08518195 0.5001202
v -1.465318 0.1692353 0.5297797
v -0.8040402 0.3761457 1.092751
v -0.6612292 0.3779151 1.137632
v -0.9955345 0.09835148 1.039089
v -0.8975886 0.3574265 0.9919726
v -0.8826198 0.3584903 1.0092
v -0.8767479 0.4125518 0.9819473
v -0.866874 0.1891239 0.8771962
v -0.7866238 0.2034296 0.9316598
v -1.145435 0.1086524 0.9977009
v -1.043053 0.0620985 1.058712
v -0.5363823 0.3989012 1.194015
v -0.4322861 0.4988958 1.250492
v -0.4222885 0.4145317 1.220291
v -1.535083 -0.009273291 0.5054449
v -1.477248 0.005463362 0.5943922
v -0.9604813 -0.01118398 0.6758505
v -1.042336 -0.01003861 0.6165522
v -1.079203 -0.009459853 0.5833304
v -1.09607 -0.02888107 0.4801086
v -1.062698 -0.02954376 0.4575171
v -1.322118 -0.05750072 0.2690185
v -1.252718 -0.1010349 0.2108223
v -1.018321 -0.03074777 0.4326434
v -1.192407 -0.04352236 0.3632678
v -0.8609865 -0.00946188 0.699358
v -0.9330009 -0.0097121 0.7053188
v -1.136718 0.05984819 0.6507812
v -1.122237 0.003149152 0.5535927
v -1.436511 -0.01000619 0.2709385
v -1.391719 -0.02802479 0.2279229
v -1.367762 -0.02238083 0.3063537
v -1.327853 0.08403254 0.7369577
v -1.296749 0.08248985 0.8179537
v -1.371487 0.3170037 0.5704072
v -1.351121 0.3193412 0.6008369
v -1.350965 0.3174506 0.6022791
v -1.168436 0.1079216 0.9607368
v -1.041422 0.3327119 0.9094661
v -1.035401 0.3433669 0.9070359
v -0.9922485 0.1679764 0.8173126
v -0.9629804 0.1690354 0.8703799
v -1.133543 0.3198125 0.8577437
v -1.133334 0.3210834 0.857126
v -1.11702 0.4201508 0.8089727
v -1.075039 0.3132596 0.7886268
v -1.033058 0.2063683 0.768281
v -0.9807157 -0.003726363 0.6920707
v -1.28112 0.3079789 0.6497904
v -1.281001 0.3097073 0.6485014
v -1.229004 0.3026969 0.6513875
v -1.568801 0.1672322 0.2054633
v -1.527618 0.0595541 0.2518738
v -1.502694 0.0279721 0.2997825
v -1.518953 0.1040682 0.3012809
v -1.357883 0.4012544 0.53835
v -1.365123 0.3204261 0.5153917
v -1.290194 0.3074419 0.566156
v -1.276034 0.3813759 0.595053
v -1.288839 0.3078942 0.6301216
v -1.289495 0.3041302 0.6319178
v -1.396213 0.3184774 0.5352924
v -1.395773 0.3194265 0.5353273
v -1.371179 0.3189158 0.5696796
v -1.290652 0.3050511 0.5652217
v -1.25461 0.2993627 0.5967948
v -1.187961 0.1068749 0.6486681
v -1.198162 0.1431836 0.6734031
v -1.232861 0.2161049 0.5985633
v -1.189689 0.05083346 0.6020737
v -1.193825 0.0788542 0.6353707
v -1.292413 -0.03587508 0.3738538
v -1.46197 0.1649003 0.4058476
v -1.472412 0.09419382 0.367144
v -1.609777 0.0642426 0.2665065
v -1.555936 0.04002893 0.3588891
v -1.529015 0.02792215 0.4050804
v -1.502094 0.01581538 0.4512717
v -1.320491 0.1492547 0.5043291
v -1.37403 0.2209824 0.487146
v -1.197756 -0.01354969 0.4564044
v -1.473428 0.04532266 0.5472562
v -1.365656 0.3144729 0.5137008
v -1.412894 -0.02503669 0.09262612
v -1.31849 -0.06042969 0.09611753
v -1.563725 0.1089157 0.04445091
v -1.46535 0.01126564 0.1081506
v -1.595373 0.03166723 0.08948079
v -1.530805 0.009823203 -0.289575
v -1.56815 0.03678083 -0.1002813
v -1.533015 0.1259769 -0.1420358
v -1.482056 0.07889557 -0.3275842
v -1.420572 -0.0283277 -0.2681218
v -1.449094 0.02191949 -0.09452793
v -1.461975 0.01432276 -0.4744776
v -1.410119 -0.05674911 -0.430757
v -1.524792 -0.0664748 -0.4418517
v -1.307608 -0.06921673 -0.4225843
v -1.348106 -0.0583055 -0.4249773
v -1.305366 -0.09512854 -0.5673158
v -1.249231 -0.09450376 -0.5546825
v -1.251873 -0.09335923 -0.548704
v -1.306067 -0.0698843 -0.4260722
v -1.40116 -0.03056741 -0.6347984
v -1.327737 -0.0853678 -0.5843344
v -1.33626 -0.06255746 -0.7688614
v -1.240052 -0.07778144 -0.9457003
v -1.193957 -0.105511 -0.8977867
v -1.266374 -0.1223943 -0.7355537
v -1.391726 -0.1279224 -0.7658254
v -1.309679 -0.158842 -0.9264351
v -1.38859 -0.1592528 -0.9985684
v -1.43656 0.00417614 0.3174848
v -1.4962 0.1453892 0.3252147
v -0.7434747 0.3554369 1.013329
v -0.9541725 0.336926 0.91573
v -0.927278 0.2236191 0.8671457
v -0.8822017 0.3623397 1.00726
v -0.7648314 0.4926496 1.066044
v -0.7489662 0.4064254 1.024556
v -0.9753768 0.4510001 0.9430654
v -0.8963767 0.3606319 0.9913896
v -0.9805352 0.3607562 0.9676381
v -0.9805869 0.359851 0.9678847
v -1.035676 0.3332849 0.9124727
v -1.378314 -0.06452799 -0.2501542
v -1.373589 -0.02486587 -0.08277044
v -1.311235 -0.06628776 -0.2496837
v -1.314863 -0.06335878 -0.07678291
v -1.176776 -0.1485188 -0.8457686
v -1.241071 -0.1218237 -0.7065423
v -1.132476 -0.1450777 -0.8188792
v -1.190853 -0.1197908 -0.686781
v -0.5295728 -0.000702858 0.9890956
v -0.3548299 0.002710819 0.9373893
v -0.6203411 -0.0004998446 0.9480505
v -0.6609231 -0.005696774 0.8740926
v -0.6156032 -0.006101727 0.8260496
v -0.919967 -0.01475906 0.630433
v -0.5363478 -0.02063704 0.8831462
v -0.594363 -0.02333641 0.8166232
v -0.6523783 -0.0260359 0.7501003
v -0.8794528 -0.01833403 0.5850157
v -0.7616335 -0.01150048 0.7230036
v -0.9537004 -0.01025593 0.6193299
v -0.9096689 -0.0160296 0.577559
v -1.111796 -0.08144188 0.2290335
v -0.9747863 -0.03795564 0.4100502
v -1.211684 -0.08493268 0.06245568
v -1.024458 -0.1166009 -0.236647
v -1.243492 -0.08404374 -0.1022938
v -1.148167 -0.07550049 -0.1482236
v -1.128861 -0.1008058 -0.08706018
v -1.057043 -0.09285462 0.2170673
v -0.9376388 -0.04553795 0.3786299
v -0.741505 -0.01089382 0.8201345
v -0.6886538 -0.01027298 0.9033206
v -1.019346 -0.1154459 -0.3890295
v -1.106796 -0.05402339 -0.341099
v -1.120961 -0.07098198 -0.4039043
v -1.147333 -0.07123995 -0.4083659
v -1.148349 -0.07122707 -0.4084561
v -1.134141 -0.1023204 -0.5797955
v -1.078979 -0.1020544 -0.5692434
v -1.169542 -0.08930779 -0.4017695
v -1.303544 -0.06926787 -0.4222238
v -1.155306 -0.0985024 -0.5618762
v -1.138896 -0.09937644 -0.5641147
v -1.064365 -0.09408367 -0.2030101
v -1.066191 -0.08887768 -0.2070366
v -1.086812 -0.03009963 -0.2524982
v -1.032037 -0.1157303 -0.08946154
v -1.064724 -0.08184886 -0.1211235
v -1.098086 -0.04726636 -0.1534408
v -1.098971 -0.04603851 -0.1521408
v -1.097686 -0.05695534 -0.2115795
v -1.164447 -0.0809176 -0.251517
v -1.157655 -0.07865763 -0.2084229
v -1.143032 -0.06031001 -0.3124829
v -1.14026 -0.05326796 -0.2507058
v -0.9293886 -0.02927029 0.4949706
v -0.9522274 -0.02699268 0.4838046
v -1.473777 -0.1337553 -0.7790402
v -1.458004 -0.159325 -0.8731109
v -1.15734 0.0883615 0.6647246
v -1.142029 0.08410478 0.6677529
v -1.138182 0.1270891 0.6983315
v -1.16105 0.1298351 0.7002556
v -1.198363 0.179492 0.6781383
v -1.15476 0.1713086 0.7157866
v -1.14218 0.2542561 0.7468487
v -1.1296 0.3372035 0.7779107
v -1.157893 0.3361299 0.7482907
v -0.4064349 0.2412679 1.14449
v -0.4071272 0.2347715 1.142698
v -0.3688126 0.107103 1.169183
v -0.367868 0.1084853 1.170511
v -0.3673304 0.1092721 1.171268
v -0.3143353 0.2114615 1.219886
v -0.3728205 0.2372253 1.198228
v -0.5454021 0.2029945 1.120094
v -0.488354 0.2329917 1.148332
v -0.6895662 0.1893167 1.035429
v -0.5744897 0.008404732 1.007985
v -0.7343717 0.2377275 0.9838893
v -0.2578025 0.03235197 1.187314
v -0.2382626 0.1119028 1.233991
v -0.2282899 0.2032157 1.251702
v -0.2928101 0.1512439 1.226485
v -0.1755055 0.2058398 1.26986
v 0.04295997 0.2131166 1.294557
v -0.0504417 0.2904804 1.302697
v 0.02906863 0.1175566 1.348903
v 0.09746394 0.08758259 1.353572
v 0.07462189 0.3751209 1.335533
v 0.1172568 0.2909833 1.332209
v 0.1430171 0.2401469 1.330202
v -0.05917295 0.1652366 1.329301
v -0.003619812 0.3403008 1.335931
v -0.8304886 -0.003415823 0.7736549
v -0.8967345 0.08280981 0.8220174
v -0.9656721 0.08028114 0.7674509
v -0.9860768 0.09947705 0.7429352
v -1.093909 0.1888385 0.7420337
v -1.124334 0.1800735 0.7289101
v -0.9390957 -0.007414103 0.7175893
v -1.037312 0.092556 0.7170522
v -1.115314 0.1243434 0.6964074
v -0.8654495 -0.006359696 0.7147181
v -0.8895837 -0.006708145 0.7229675
v -1.2374 0.3167424 0.6413308
v -1.254447 0.2987404 0.5968082
v 0.05879096 0.2941188 1.315045
v 0.1073438 0.2925284 1.31018
v 0.1400656 0.2099359 1.284828
v -0.5780423 0.3461761 1.157886
v -0.5243752 0.3574238 1.182594
v -0.4133286 0.3613298 1.194881
v -0.3788007 0.4431319 1.27715
v -0.5984304 0.3689039 1.165776
v -0.5123682 0.3159466 1.171173
v -0.24634 0.2836511 1.298505
v -0.2033173 0.2795283 1.314413
v -0.1769251 0.2808402 1.323492
v 0.01209012 0.3328006 1.319115
v 0.05832586 0.291739 1.314443
v 0.1277412 0.2410434 1.294377
v 0.1266901 0.2436967 1.295191
v -1.136367 -0.05158031 -0.2508363
v -1.087759 -0.03050983 -0.2524665
v -1.134691 -0.06201458 -0.2110034
v -1.134842 -0.06177819 -0.2120765
v -1.127295 -0.07362998 -0.1582797
v -1.099418 -0.04647446 -0.1522379
v -1.129418 -0.06033194 -0.319882
v -1.134075 -0.1024666 -0.5806012
v -0.113423 -0.1414748 -0.2392339
v -0.2087277 -0.1407257 -0.2835267
v -0.1991076 0.3635017 -0.2956982
v -0.1038029 0.3627526 -0.2514054
v -0.03059111 -0.14736 -0.4175626
v -0.02097099 0.3568674 -0.4297341
v -0.1162757 0.3576165 -0.4740269
v -0.1258958 -0.1466107 -0.4618554
v -0.1152961 0.03331971 -1.024959
v -0.1274863 0.02801383 -1.044349
v -0.1160405 0.02821994 -1.047897
v -0.1356316 0.02813721 -1.035558
v -0.1382937 0.0285567 -1.02388
v -0.1347593 0.02916026 -1.012444
v -0.1259755 0.02978587 -1.004314
v -0.114296 0.03026605 -1.001669
v -0.1028501 0.03047216 -1.005217
v -0.09470485 0.0303489 -1.014008
v -0.09204276 0.02992928 -1.025686
v -0.09557711 0.02932572 -1.037122
v -0.1043609 0.02870011 -1.045252
v -0.1379506 0.01519442 -1.06105
v -0.1164394 0.01558161 -1.067718
v -0.1532587 0.01542616 -1.044528
v -0.1582618 0.01621473 -1.02258
v -0.1516194 0.01734889 -1.001088
v -0.1351113 0.01852477 -0.9858085
v -0.1131608 0.0194273 -0.9808371
v -0.09164961 0.01981449 -0.9875057
v -0.07634158 0.01958275 -1.004027
v -0.07133847 0.01879418 -1.025975
v -0.07798089 0.01766002 -1.047468
v -0.09448899 0.01648414 -1.062747
v -0.1454268 -0.003592372 -1.073046
v -0.1164448 -0.003070712 -1.08203
v -0.1660513 -0.003280163 -1.050786
v -0.1727919 -0.00221777 -1.021216
v -0.1638426 -0.0006896257 -0.992259
v -0.1416013 0.0008945465 -0.9716735
v -0.1120275 0.002110481 -0.9649757
v -0.08304557 0.00263226 -0.9739602
v -0.06242111 0.002320051 -0.9962195
v -0.05568047 0.001257539 -1.025789
v -0.06462975 -0.0002704859 -1.054747
v -0.08687107 -0.001854777 -1.075332
v -0.149013 -0.02608061 -1.07889
v -0.116056 -0.0254873 -1.089107
v -0.1724663 -0.0257256 -1.053578
v -0.1801316 -0.0245173 -1.019952
v -0.1699547 -0.0227797 -0.9870232
v -0.1446629 -0.02097809 -0.9636143
v -0.1110328 -0.0195955 -0.9559978
v -0.07807575 -0.0190022 -0.9662145
v -0.05462248 -0.0193572 -0.9915271
v -0.04695728 -0.02056539 -1.025153
v -0.05713405 -0.0223031 -1.058082
v -0.08242595 -0.0241046 -1.081491
v -0.1482769 -0.04955769 -1.077879
v -0.1153198 -0.04896438 -1.088096
v -0.1717301 -0.04920268 -1.052567
v -0.1793953 -0.04799449 -1.018941
v -0.1692186 -0.04625678 -0.9860119
v -0.1439267 -0.04445529 -0.962603
v -0.1102967 -0.04307258 -0.9549865
v -0.07733957 -0.04247928 -0.9652032
v -0.05388631 -0.04283428 -0.9905156
v -0.04622109 -0.04404259 -1.024141
v -0.05639788 -0.04578018 -1.05707
v -0.08168977 -0.04758179 -1.080479
v -0.143307 -0.07119215 -1.070133
v -0.1143251 -0.07067037 -1.079118
v -0.1639315 -0.07087994 -1.047874
v -0.1706722 -0.06981742 -1.018304
v -0.1617229 -0.0682894 -0.9893469
v -0.1394816 -0.06670511 -0.9687613
v -0.1099078 -0.06548917 -0.9620636
v -0.08092584 -0.06496751 -0.971048
v -0.06030139 -0.06527972 -0.9933074
v -0.05356073 -0.06634212 -1.022877
v -0.06251002 -0.06787026 -1.051835
v -0.08475134 -0.06945443 -1.07242
v -0.134703 -0.08837438 -1.056588
v -0.1131918 -0.08798718 -1.063256
v -0.1500111 -0.08814263 -1.040066
v -0.1550142 -0.08735406 -1.018119
v -0.1483718 -0.08621991 -0.9966259
v -0.1318636 -0.08504403 -0.9813467
v -0.1099132 -0.08414149 -0.9763755
v -0.08840198 -0.0837543 -0.983044
v -0.07309394 -0.08398604 -0.9995655
v -0.06809085 -0.08477461 -1.021513
v -0.07473326 -0.08590877 -1.043006
v -0.09124137 -0.08708465 -1.058285
v -0.1235025 -0.09903204 -1.038876
v -0.1120567 -0.09882593 -1.042424
v -0.1316478 -0.09890878 -1.030085
v -0.1343099 -0.09848917 -1.018407
v -0.1307755 -0.09788561 -1.006971
v -0.1219917 -0.09726 -0.9988413
v -0.1103121 -0.09677982 -0.996196
v -0.09886628 -0.09657371 -0.9997443
v -0.09072105 -0.09669709 -1.008535
v -0.08805895 -0.09711659 -1.020213
v -0.09159331 -0.09772015 -1.031649
v -0.1003771 -0.09834576 -1.039779
v -0.1110566 -0.1018796 -1.019135
v 0.9096012 -0.06464577 -0.07797891
v 0.8567604 -0.06734395 -0.04326242
v 0.8527071 -0.02130115 -0.04355991
v 0.9045376 -0.0187186 -0.07674506
v 0.7847822 -0.08682597 -0.2133916
v 0.7864898 -0.0406487 -0.2144943
v 0.7735531 -0.04013121 -0.2087726
v 0.7606164 -0.03961349 -0.2030508
v 0.7602326 -0.08580565 -0.2026973
v 0.8997961 -0.06926382 -0.127883
v 0.8498731 -0.07169271 -0.117419
v 0.8346338 -0.075315 -0.1528441
v 0.8125513 -0.07888877 -0.1819701
v 0.7559586 -0.07793462 -0.1620009
v 0.7368533 -0.08388388 -0.1367284
v 0.7360399 -0.07861495 -0.1032446
v 0.7372381 -0.07912993 -0.06747746
v 0.7378396 -0.08248937 -0.02406928
v 0.762749 -0.0801295 -0.00120081
v 0.7821732 -0.0783968 0.04578534
v 0.7858439 -0.07889056 0.07538518
v 0.8228657 -0.0737958 0.06491905
v 0.838331 -0.06940806 0.02788779
v 0.8573805 -0.07171261 -0.01661554
v 0.8485817 -0.02355111 -0.08100954
v 0.8444562 -0.02580118 -0.1184592
v 0.8938367 -0.02344966 -0.1289618
v 0.7865493 -0.03273523 0.07344094
v 0.8145842 -0.02832258 0.06467524
v 0.8281997 -0.02437901 0.02968681
v 0.8399156 -0.0261842 0.009638682
v 0.8516516 -0.0258472 -0.01652709
v 0.8297908 -0.02939653 -0.1523665
v 0.7308734 -0.03283703 -0.1069709
v 0.731301 -0.03330493 -0.06841195
v 0.7540337 -0.03098762 0.00999245
v 0.7666655 -0.03162682 0.04609087
v 0.8088809 -0.03289878 -0.1798178
v 0.7522456 -0.03186953 -0.162589
v 0.7306901 -0.03818989 -0.1396634
v 0.7307818 -0.03551352 -0.1233171
v 0.7345403 -0.03638804 -0.0235748
v 0.7707893 -0.0288769 -0.05513504
v 0.7759737 -0.02800691 -0.09630874
v 0.7842968 -0.02683818 -0.01075819
v 0.7775431 -0.02785754 -0.03294657
v 0.7847201 -0.02903295 -0.1234424
v 0.7779011 -0.02927971 0.01584116
v -0.5544786 -0.09181261 1.357543
v 0.2212589 -0.04218543 1.328749
v 0.2262121 -0.1173961 1.33256
v -0.5495256 -0.1670237 1.361355
v 0.8799726 -0.01973855 0.9156487
v 0.8849257 -0.09494936 0.9194598
v 1.245162 -0.0304867 0.2289306
v 1.250115 -0.1056978 0.2327416
v 1.218973 -0.07155049 -0.5473998
v 1.223925 -0.1467615 -0.5435886
v 0.8084245 -0.1319265 -1.205324
v 0.8133776 -0.2071373 -1.201512
v 0.1235221 -0.1954371 -1.568554
v 0.1284751 -0.2706479 -1.564743
v -0.6522155 -0.2450643 -1.539759
v -0.6472625 -0.3202753 -1.535948
v -1.310929 -0.2675114 -1.126659
v -1.305976 -0.3427222 -1.122848
v -1.676118 -0.2567627 -0.4399409
v -1.671165 -0.3319737 -0.4361297
v -1.649929 -0.2156992 0.3363896
v -1.644976 -0.29091 0.3402004
v -1.23938 -0.155323 0.994314
v -1.234428 -0.2305341 0.9981251
v 1.137945 0.01037645 0.1065585
v 1.138994 0.0003731251 0.1076303
v 1.227291 0.004594445 0.09818381
v 1.226646 0.01465952 0.09741154
v 1.140668 0.01403677 0.1380602
v 1.228629 0.01721549 0.1290771
v 1.229274 0.007150412 0.1298493
v 1.141717 0.004033208 0.1391321
v 0.8874682 0.00657618 0.2100528
v 0.8854234 0.005073786 0.1783238
v 0.8865967 -0.003487349 0.2105857
v 0.8845518 -0.004989862 0.1788568
v 0.683185 -0.02742946 0.1841866
v 0.679109 -0.03033328 0.1527521
v 0.682254 -0.03744745 0.1852329
v 0.6781779 -0.04035115 0.1537986
v 0.4822046 -0.03187621 0.1759517
v 0.4598915 -0.03205419 0.1488169
v 0.4797884 -0.04145861 0.1781098
v 0.4588446 -0.0420717 0.1497512
v 0.4691556 -0.0301888 0.1792122
v 0.4681086 -0.04020619 0.1801462
v 0.4732644 -0.0453552 0.1580209
v 0.49267 -0.04442883 0.1532708
v 0.4459071 -0.05834723 -0.01649359
v 0.4272526 -0.05753279 -0.009327874
v 0.4812541 -0.0445751 0.1857655
v 0.4809119 -0.03435516 0.1854013
v 0.4726406 -0.02933705 0.3296557
v 0.4733693 -0.03953862 0.329347
v 0.5008487 -0.04425573 0.1817715
v 0.472647 -0.03488541 0.15724
v 0.4921035 -0.03414512 0.1526688
v 0.5005431 -0.03422999 0.1815808
v 0.3557601 -0.04144335 0.1878396
v 0.3559146 -0.05187154 0.1891951
v 0.4922571 -0.02844763 0.3334503
v 0.4930055 -0.03844094 0.3329822
v 0.3922424 -0.03680658 0.4110078
v 0.3914879 -0.0467124 0.4134581
v 0.4078203 -0.035321 0.4234624
v 0.4071875 -0.04507089 0.4257394
v 0.251303 -0.04079771 0.5226264
v 0.2487771 -0.05048108 0.5247599
v 0.2642655 -0.04124296 0.5378505
v 0.261912 -0.05079031 0.5398389
v 0.1905689 -0.03195393 0.6091987
v 0.1875764 -0.0410924 0.6126961
v 0.202106 -0.02996898 0.6254145
v 0.1993021 -0.03900087 0.6287626
v 0.1203789 -0.02805805 0.6598231
v 0.1190636 -0.03781736 0.6626022
v 0.1271511 -0.02414405 0.67823
v 0.1260201 -0.03374636 0.6809062
v 0.0002417639 -0.02434111 0.6790413
v 0.001111336 -0.03441405 0.6806148
v 0.003781177 -0.02139699 0.6985041
v 0.004800208 -0.03126192 0.7000175
v -0.2083332 0.004946589 0.740859
v -0.2094463 -0.005188584 0.7417169
v -0.2067342 0.00605607 0.7607641
v -0.2076574 -0.003898978 0.7615949
v -0.2583542 0.002563596 0.7754929
v -0.258054 -0.00743854 0.7776297
v -0.2522977 0.00633204 0.7941775
v -0.2518415 -0.003478765 0.7962234
v -0.3017664 -0.005458236 0.7786331
v -0.3012385 -0.01541471 0.7809328
v -0.3070041 -0.001766801 0.7975787
v -0.3063242 -0.01150858 0.7998768
v -0.3363877 -0.01332211 0.7709234
v -0.3353989 -0.02329075 0.7730083
v -0.3456903 -0.01098061 0.7884725
v -0.3445733 -0.02072227 0.7905934
v -0.472717 -0.04576802 0.6986384
v -0.4729433 -0.05579209 0.7006798
v -0.4839125 -0.04260635 0.7149068
v -0.4839955 -0.05241668 0.7170033
v -0.6145532 -0.041839 0.6099374
v -0.6150615 -0.05168462 0.612677
v -0.625182 -0.03717005 0.6262231
v -0.6255385 -0.04680383 0.6289992
v -0.7457503 -0.03205359 0.5683854
v -0.7449372 -0.04165673 0.5718232
v -0.7528939 -0.02667606 0.5862751
v -0.75194 -0.03605676 0.5897005
v -0.8270497 -0.03662133 0.5360883
v -0.8280178 -0.0457468 0.5406152
v -0.8393294 -0.02892542 0.5498718
v -0.8401467 -0.037835 0.5544099
v -0.9311169 -0.02176082 0.4904744
v -0.9326344 -0.03160989 0.4927969
v -0.9398736 -0.01675069 0.5077432
v -0.9412118 -0.02640986 0.5100998
v -0.9966913 -0.02633369 0.4158846
v -0.9976015 -0.03620088 0.4184363
v -1.012521 -0.0223 0.4274234
v -1.013312 -0.03194737 0.4300586
v -1.147385 -0.07574987 0.2348419
v -1.147739 -0.08596969 0.2352078
v 0.3596103 -0.03967631 0.2168861
v 0.3595653 -0.04986954 0.2177761
v 0.223286 -0.04901361 0.2408377
v 0.2227848 -0.05944133 0.2421106
v 0.2334747 -0.04821038 0.2683548
v 0.2326999 -0.05837655 0.2692171
v 0.4460499 -0.04807889 -0.01748323
v 0.4273364 -0.04708135 -0.01049688
v 0.3126223 -0.07816172 -0.2165028
v 0.2968173 -0.07583284 -0.2044704
v 0.3125891 -0.06806374 -0.2186167
v 0.2966781 -0.06556869 -0.2067584
v 0.1037979 -0.1009474 -0.3596851
v 0.09249813 -0.09939492 -0.3432563
v 0.1029587 -0.09079325 -0.3613066
v 0.0915016 -0.08907211 -0.3450041
v 0.001059808 -0.09953022 -0.4317941
v -0.006534301 -0.09977829 -0.4132937
v -0.0003291592 -0.08931983 -0.4323027
v -0.008107416 -0.08939588 -0.4138773
v -0.1568209 -0.1108037 -0.5113269
v -0.1609155 -0.1099489 -0.4917693
v -0.1572203 -0.09944737 -0.5133907
v -0.1622879 -0.09891117 -0.4940507
v -0.2535938 -0.1263006 -0.5997121
v -0.2680641 -0.1249422 -0.5859728
v -0.2555679 -0.116671 -0.6028448
v -0.27019 -0.1151875 -0.5892802
v -0.3783492 -0.1485234 -0.8314022
v -0.3965605 -0.1490636 -0.8231527
v -0.3796233 -0.1385539 -0.8337313
v -0.3979266 -0.1389461 -0.8256789
v -0.5006909 -0.1707065 -1.117813
v -0.5192859 -0.1711346 -1.110462
v -0.5010563 -0.1604087 -1.118327
v -0.5197212 -0.1606486 -1.111146
v -0.6514018 -0.2008089 -1.559752
v -0.6713909 -0.2012757 -1.559276
v -0.6515952 -0.19054 -1.56073
v -0.6715915 -0.1908253 -1.560443
v -1.167342 -0.07550144 0.2335514
v -1.167702 -0.08551311 0.2340789
v -1.168082 -0.07514954 0.1280105
v -1.168294 -0.08537591 0.1277333
v -1.187594 -0.07525969 0.1323977
v -1.187767 -0.0852896 0.1322918
v -1.17446 -0.07369721 0.05918208
v -1.175229 -0.08385015 0.0601956
v -1.194388 -0.07272577 0.05778781
v -1.195155 -0.08266068 0.05894926
v -1.167947 -0.08664727 -0.001664236
v -1.168587 -0.09661627 0.0005517602
v -1.187902 -0.08558834 -0.0008375347
v -1.188523 -0.09532428 0.00150013
v -1.162841 -0.08841336 -0.09173149
v -1.164904 -0.09843552 -0.09174442
v -1.182273 -0.08481276 -0.09479964
v -1.184324 -0.09463155 -0.09464535
v -1.177385 -0.06801403 -0.1394167
v -1.176802 -0.07799149 -0.1416101
v -1.194276 -0.07162356 -0.1293335
v -1.193617 -0.08143008 -0.1313412
v -1.177987 -0.0775739 -0.2771428
v -1.178432 -0.08778048 -0.2765712
v -1.197981 -0.07709217 -0.2770244
v -1.198418 -0.08708775 -0.2762948
v 1.104616 -0.01396823 -0.1660827
v 1.101698 -0.01159179 -0.1363197
v 1.214 -0.004384995 -0.1284963
v 1.213383 -0.004510403 -0.1584897
v 1.104463 -0.003965378 -0.1668963
v 1.21256 0.005492806 -0.1585146
v 1.213177 0.005618095 -0.1285212
v 1.101545 -0.00158906 -0.1371333
v 0.8788337 -0.01490843 -0.101246
v 0.8798476 -0.02483726 -0.1001815
v 0.8845438 -0.01119292 -0.07202978
v 0.8855575 -0.02112162 -0.0709652
v 0.7346123 -0.02911365 -0.02371702
v 0.7366736 -0.03893673 -0.02369846
v 0.7488042 -0.02608597 0.002539843
v 0.7508654 -0.03590894 0.00255844
v 0.6579 -0.0333401 -0.003237486
v 0.6585271 -0.04334807 -0.00280112
v 0.6660262 -0.03157413 0.0255869
v 0.6666532 -0.04158199 0.0260233
v 0.4104065 -0.04449666 0.04020312
v 0.4111482 -0.05447483 0.04099691
v 0.4180025 -0.04163432 0.06908402
v 0.4187442 -0.05161238 0.06987783
v 0.1512728 -0.05457294 0.1385135
v 0.1517072 -0.06452191 0.1397681
v 0.1676034 -0.05072355 0.163383
v 0.1680379 -0.0606724 0.1646376
v 1.106923 -0.02791476 -0.4224737
v 1.117637 -0.02640164 -0.3931061
v 1.210148 -0.02290988 -0.3898713
v 1.2089 -0.02487528 -0.4197809
v 1.106734 -0.01788294 -0.422212
v 1.208066 -0.01489222 -0.4204021
v 1.209314 -0.01292694 -0.3904925
v 1.116339 -0.01645017 -0.3932517
v 0.3881237 -0.110063 -1.26561
v 0.4227855 -0.1051239 -1.243922
v 0.513544 -0.1107615 -1.371347
v 0.4766609 -0.1137278 -1.389431
v 0.3873701 -0.09643614 -1.267509
v 0.4758441 -0.0999856 -1.390019
v 0.5127273 -0.09701931 -1.371936
v 0.4220319 -0.09149718 -1.245821
v 0.1429394 -0.09454572 -0.9771065
v 0.1444821 -0.1082009 -0.9760966
v 0.1767854 -0.08903527 -0.9542971
v 0.178328 -0.1026903 -0.9532871
v -0.02009334 -0.1066412 -0.7685729
v -0.01947298 -0.1204039 -0.7683114
v 0.005213298 -0.1048834 -0.7361282
v 0.005833663 -0.1186459 -0.7358664
v -0.1482839 -0.1006674 -0.532366
v -0.1468953 -0.1143601 -0.5330355
v -0.1115957 -0.0978508 -0.5138669
v -0.110207 -0.1115432 -0.5145361
v -0.2238466 -0.09229636 -0.2797574
v -0.2223599 -0.1059875 -0.2802132
v -0.1879514 -0.08906162 -0.2598263
v -0.1864645 -0.1027524 -0.2602821
v 0.9366853 -0.01853979 -0.1072235
v 0.9210892 -0.01646233 -0.08168039
v 1.015084 -0.009696603 -0.01747642
v 1.027881 -0.0106504 -0.04459339
v 0.9377074 -0.01157427 -0.112739
v 1.027192 -0.0006599426 -0.04527012
v 1.014395 0.0002937317 -0.01815313
v 0.9207264 -0.01087809 -0.08801737
v 1.145598 7.176399E-05 0.05935234
v 1.151027 -0.0008172989 0.02986106
v 1.145268 0.01009667 0.05898938
v 1.150697 0.009207726 0.0294981
v 1.227736 0.004547954 0.101102
v 1.229847 0.002087474 0.07127765
v 1.226992 0.01451886 0.1002267
v 1.229102 0.0120585 0.07040235
v 0.9920884 0.0006701946 0.3053646
v 0.9627503 -0.001179099 0.2993762
v 0.9337541 2.932549E-05 0.409652
v 0.9634603 0.00311029 0.4124905
v 0.9914204 0.0106833 0.3055448
v 0.9624967 0.01307416 0.4117592
v 0.9327906 0.009993196 0.4089207
v 0.9620823 0.008834004 0.2995565
v 1.00688 0.009056211 0.1426285
v 1.007878 -0.0009264946 0.142928
v 0.9783695 0.006475091 0.1516007
v 0.9793674 -0.003507614 0.1519001
v 0.9477383 -0.0118891 -0.1234938
v 0.9488006 -0.02178276 -0.1221797
v 0.9189712 -0.01387846 -0.1152172
v 0.9200334 -0.02377212 -0.1139031
v 0.9169029 -0.02739275 -0.3164043
v 0.9168071 -0.0374099 -0.3157848
v 0.8917051 -0.02825403 -0.317508
v 0.8917823 -0.03825986 -0.3167218
v 0.9064111 -0.037763 -0.3161742
v 0.8647919 -0.04500222 -0.597401
v 0.8646837 -0.0548768 -0.5956072
v 0.8350111 -0.04404175 -0.5939106
v 0.8349028 -0.05391645 -0.5921167
v 0.8625606 -0.05480838 -0.5953584
v 0.8088732 -0.05040729 -0.7221504
v 0.8092612 -0.06032205 -0.7206392
v 0.7790131 -0.05114925 -0.7193536
v 0.7794009 -0.06106412 -0.7178425
v 0.4180225 -0.09476578 -1.018584
v 0.4197573 -0.1044792 -1.016746
v 0.3943293 -0.09551775 -1.000198
v 0.3960638 -0.1052313 -0.9983598
v 0.2624562 -0.1041756 -1.164298
v 0.2640441 -0.1138337 -1.162076
v 0.2430475 -0.1021242 -1.141514
v 0.2446351 -0.1117823 -1.139292
v -0.1253729 -0.1562346 -1.518254
v -0.1243273 -0.1660278 -1.516321
v -0.1428815 -0.1533288 -1.494067
v -0.1418361 -0.1631221 -1.492134
v 0.7666426 -0.04848373 -0.3996474
v 0.7678745 -0.04444492 -0.369946
v 0.8818105 -0.03990829 -0.368956
v 0.8774 -0.04274523 -0.3984941
v 0.766709 -0.03853881 -0.4010024
v 0.8766534 -0.03277194 -0.3993405
v 0.8810639 -0.029935 -0.3698024
v 0.7679409 -0.03450012 -0.3713011
v 0.6776926 -0.05274343 -0.4379301
v 0.6786847 -0.06265831 -0.4367242
v 0.655783 -0.05244339 -0.4174392
v 0.6567748 -0.06235814 -0.4162333
v 0.6231719 -0.05799937 -0.5291957
v 0.6231517 -0.06796443 -0.530396
v 0.5970431 -0.05971026 -0.5145547
v 0.5970227 -0.06967509 -0.5157552
v 0.4414972 -0.06238532 -0.6544914
v 0.4420859 -0.07236099 -0.6535525
v 0.4250021 -0.06100416 -0.6294713
v 0.4255904 -0.07097971 -0.6285325
v 0.3004571 -0.08701241 -0.7481567
v 0.3013976 -0.09692943 -0.7469279
v 0.2783284 -0.08660161 -0.7279044
v 0.2792686 -0.09651864 -0.7266759
v 0.2672093 -0.09320688 -0.859421
v 0.2673046 -0.1031491 -0.858048
v 0.2380906 -0.09249413 -0.8522382
v 0.2381856 -0.1024364 -0.8508657
v 0.2289273 -0.08973038 -1.014479
v 0.2309826 -0.09951615 -1.013612
v 0.2045818 -0.09124899 -0.9865633
v 0.2058709 -0.1011876 -0.9860104
v -0.02561089 -0.1233554 -1.167999
v -0.02488037 -0.1333135 -1.166979
v -0.03524198 -0.1211606 -1.139672
v -0.03451189 -0.131119 -1.138652
v -0.1663843 -0.1534414 -1.484342
v -0.1658979 -0.1634312 -1.483502
v -0.1919685 -0.1533686 -1.468675
v -0.1914823 -0.1633586 -1.467835
v 0.1415646 -0.1399448 -1.444916
v 0.1662785 -0.1356874 -1.42845
v 0.2349986 -0.1386921 -1.519398
v 0.2085622 -0.1415384 -1.533291
v 0.1408249 -0.1300408 -1.446366
v 0.2077482 -0.1315469 -1.533789
v 0.2341846 -0.1287006 -1.519896
v 0.1655388 -0.1257834 -1.429901
v -0.08348598 -0.1301622 -1.233531
v -0.08252274 -0.1401443 -1.233119
v -0.07061055 -0.127804 -1.206537
v -0.06964745 -0.1377861 -1.206125
v -0.3890684 -0.1404806 -0.8686752
v -0.3888204 -0.1504979 -0.8680985
v -0.3646188 -0.1388786 -0.8513646
v -0.3643709 -0.148896 -0.8507876
v -0.5513074 -0.1359797 -0.6639286
v -0.5512704 -0.1460129 -0.6636556
v -0.5294797 -0.1353395 -0.6433581
v -0.5294428 -0.1453727 -0.6430848
v 0.0007585362 -0.1569918 -1.536809
v 0.01612729 -0.1502706 -1.511937
v 0.1166153 -0.1528327 -1.565775
v 0.09854826 -0.1581447 -1.589128
v 0.0002685413 -0.1472418 -1.539141
v 0.09758925 -0.1482676 -1.590633
v 0.1156563 -0.1429557 -1.56728
v 0.0156374 -0.1405206 -1.514269
v -0.2922092 -0.1527436 -1.438939
v -0.2910794 -0.162605 -1.437451
v -0.2919012 -0.1482322 -1.409282
v -0.2907716 -0.1580937 -1.407793
v -0.7224123 -0.1856309 -1.227874
v -0.7224858 -0.1954281 -1.225694
v -0.7071034 -0.1801381 -1.202665
v -0.707177 -0.1899354 -1.200485
v -0.9670073 -0.1946524 -1.099189
v -0.9668697 -0.2046077 -1.097919
v -0.9471985 -0.1915317 -1.076876
v -0.9470609 -0.2014869 -1.075606
v 0.3437774 -0.04675949 0.4485851
v 0.3693473 -0.04589033 0.432919
v 0.3017515 -0.05127263 0.3192814
v 0.2783427 -0.05146623 0.3380428
v 0.3429941 -0.0367794 0.4478603
v 0.2781235 -0.0414331 0.3378728
v 0.3015323 -0.0412395 0.3191114
v 0.3685639 -0.03591037 0.4321941
v 0.1694922 -0.06324995 0.1284825
v 0.1426693 -0.063241 0.1419187
v 0.1690642 -0.05325913 0.1276213
v 0.1422414 -0.05325019 0.1410576
v -0.05411422 -0.08865774 -0.06416938
v -0.07529729 -0.08887148 -0.04292715
v -0.05437266 -0.07862532 -0.06432617
v -0.07555564 -0.07883906 -0.04308394
v -0.07031282 -0.09391689 -0.1898643
v -0.09984314 -0.09480405 -0.1846514
v -0.07080089 -0.08394885 -0.1909325
v -0.1003311 -0.08483613 -0.1857197
v -0.2142433 -0.1019022 -0.3093347
v -0.2225898 -0.1016169 -0.2805206
v -0.2159879 -0.09203649 -0.3099378
v -0.2243344 -0.09175122 -0.2811237
v -0.4754084 -0.1506221 -0.7656153
v -0.4909964 -0.1491952 -0.7400228
v -0.4743769 -0.1406386 -0.7655437
v -0.4899651 -0.1392118 -0.7399514
v -0.8167237 -0.1976457 -1.177219
v -0.843443 -0.1989696 -1.163642
v -0.8179728 -0.1878002 -1.178717
v -0.8446921 -0.1891243 -1.165141
v -0.9110354 -0.2162849 -1.445853
v -0.9380242 -0.2180529 -1.432872
v -0.9113078 -0.2062833 -1.445057
v -0.9382964 -0.2080516 -1.432076
v 0.1790226 -0.09144998 -0.4058786
v 0.2008281 -0.08835697 -0.3855083
v 0.2833503 -0.09143913 -0.4641439
v 0.2594652 -0.09312677 -0.4822175
v 0.1788016 -0.08149672 -0.4071534
v 0.2590182 -0.08310568 -0.4825624
v 0.2829033 -0.08141804 -0.4644888
v 0.2006072 -0.07840371 -0.3867832
v -0.07321816 -0.07715344 -0.04278505
v -0.07289474 -0.08716667 -0.04217419
v -0.05022102 -0.07524133 -0.02361536
v -0.04989769 -0.08525455 -0.02300444
v 0.3011047 0.1321422 0.7967989
v 0.2726513 -0.006944656 0.7996515
v 0.2758611 -0.007205248 0.7822825
v 0.2785566 -0.006606698 0.8162968
v 0.2919947 -0.006281972 0.8277583
v 0.3093648 -0.006057501 0.8309649
v 0.3260127 -0.005993247 0.8250574
v 0.3374774 -0.006106734 0.8116187
v 0.3406872 -0.006367207 0.7942498
v 0.3347819 -0.006705165 0.7776045
v 0.3213438 -0.007029891 0.7661428
v 0.3039737 -0.007254481 0.7629362
v 0.2873259 -0.007318616 0.7688438
v 0.2788571 0.1465769 0.8585416
v 0.2517142 0.007199526 0.8582101
v 0.2552306 0.007306695 0.8408989
v 0.2573231 0.007269502 0.8749609
v 0.2705542 0.007497787 0.886663
v 0.2878624 0.007823229 0.8901807
v 0.3046099 0.008158684 0.8845716
v 0.3163092 0.008414268 0.8713385
v 0.3198256 0.008521318 0.8540273
v 0.3142167 0.008451343 0.8372765
v 0.3009856 0.008223057 0.8255744
v 0.2836774 0.007897615 0.8220567
v 0.2669299 0.00756216 0.8276658
v 0.4399149 0.1108692 0.7002634
v 0.4143449 -0.02768314 0.7179364
v 0.4110282 -0.02852643 0.700606
v 0.4258918 -0.02690256 0.7312824
v 0.4425748 -0.02639377 0.7370678
v 0.4599237 -0.02629304 0.7337427
v 0.4732901 -0.02662754 0.7221979
v 0.4790922 -0.02730751 0.7055267
v 0.4757755 -0.0281508 0.6881963
v 0.4642286 -0.02893138 0.6748503
v 0.4475456 -0.02944016 0.6690649
v 0.4301967 -0.0295409 0.67239
v 0.4168304 -0.0292064 0.6839349
v 0.380512 0.1198076 0.7319895
v 0.3601856 -0.0195514 0.7501224
v 0.3554456 -0.02032113 0.7331227
v 0.3727901 -0.01858211 0.7624612
v 0.3898815 -0.01767302 0.7668325
v 0.4068804 -0.01706767 0.7620653
v 0.4192318 -0.01692843 0.7494369
v 0.4236262 -0.01729238 0.732331
v 0.4188862 -0.01806211 0.7153313
v 0.4062817 -0.01903141 0.7029927
v 0.3891903 -0.0199405 0.6986213
v 0.3721914 -0.02054572 0.7033885
v 0.35984 -0.02068508 0.7160169
v -0.08440916 0.04541659 0.4216128
v -0.1024348 -0.08458352 0.4109032
v -0.09112494 -0.08448327 0.3990527
v -0.1063137 -0.08424819 0.4268155
v -0.1017223 -0.08356714 0.4425258
v -0.08989087 -0.0827229 0.4538247
v -0.07398959 -0.08194172 0.4576844
v -0.05827921 -0.08143282 0.4530709
v -0.04696932 -0.08133256 0.4412204
v -0.04309042 -0.08166778 0.4253081
v -0.04768182 -0.08234882 0.4095978
v -0.05951328 -0.08319306 0.398299
v -0.07541458 -0.08397436 0.3944392
v -0.04393136 0.07666564 0.4780643
v -0.05733506 -0.06456792 0.472039
v -0.0456638 -0.06436896 0.4587801
v -0.06085885 -0.06378496 0.4893312
v -0.05529097 -0.06222987 0.5060235
v -0.04212333 -0.06031942 0.5176432
v -0.02488418 -0.05856562 0.5210768
v -0.008192748 -0.05743814 0.5154042
v 0.003478516 -0.05723929 0.5021454
v 0.007002298 -0.05802226 0.4848531
v 0.001434416 -0.05957735 0.4681608
v -0.01173322 -0.06148767 0.4565411
v -0.02897238 -0.0632416 0.4531075
v 0.1891117 0.1420069 0.7660685
v 0.1612172 0.00361526 0.7813175
v 0.1583247 0.003035188 0.7639005
v 0.1724354 0.004067421 0.7949556
v 0.1889735 0.004270673 0.8011607
v 0.2064002 0.004170537 0.79827
v 0.2200458 0.003793716 0.7870581
v 0.2262542 0.003241301 0.7705292
v 0.2233618 0.002661228 0.7531122
v 0.2121436 0.002209067 0.7394741
v 0.1956055 0.002005816 0.733269
v 0.1781788 0.002105951 0.7361597
v 0.1645331 0.002482772 0.7473716
v -0.1336244 0.06409395 0.4428565
v -0.1601473 -0.07476497 0.4295285
v -0.146171 -0.07564747 0.418761
v -0.1668552 -0.07384324 0.4458444
v -0.1644974 -0.07312918 0.4633368
v -0.1537057 -0.07281411 0.4773187
v -0.1373716 -0.07298255 0.4840436
v -0.119872 -0.07358932 0.4817096
v -0.1058957 -0.07447183 0.4709421
v -0.09918781 -0.07539356 0.4546262
v -0.1015456 -0.07610762 0.4371338
v -0.1123373 -0.07642269 0.4231519
v -0.1286714 -0.07625425 0.416427
v -0.1168445 0.3886031 -0.2467359
v -0.08203673 0.3881066 -0.2631582
v -0.08249752 0.3609406 -0.2633131
v -0.1173053 0.3614373 -0.2468908
v -0.0601008 0.3879148 -0.2947857
v -0.06056158 0.3607488 -0.2949407
v -0.05691438 0.3880794 -0.3331438
v -0.05737518 0.3609135 -0.3332987
v -0.0733313 0.3885565 -0.3679544
v -0.07379209 0.3613905 -0.3681093
v -0.1049527 0.3892177 -0.3898901
v -0.1054134 0.3620518 -0.390045
v -0.1433055 0.3898864 -0.3930732
v -0.1437663 0.3627205 -0.3932281
v -0.1781133 0.3903831 -0.3766508
v -0.1785741 0.3632172 -0.3768057
v -0.2000492 0.3905748 -0.3450233
v -0.20051 0.3634089 -0.3451782
v -0.2032356 0.3904102 -0.3066653
v -0.2036964 0.3632443 -0.3068202
v -0.1868187 0.3899332 -0.2718547
v -0.1872795 0.3627673 -0.2720096
v -0.1551973 0.389272 -0.249919
v -0.1556581 0.362106 -0.2500739
v -0.1164083 0.4779884 -0.2521935
v -0.0844391 0.4775321 -0.2672766
v -0.08600744 0.385067 -0.2678038
v -0.1179766 0.3855233 -0.2527207
v -0.06429206 0.4773561 -0.2963248
v -0.06586038 0.3848909 -0.2968521
v -0.0613655 0.4775074 -0.3315547
v -0.06293383 0.3850422 -0.332082
v -0.07644358 0.4779454 -0.3635265
v -0.07801193 0.3854803 -0.3640538
v -0.1054862 0.4785528 -0.3836733
v -0.1070545 0.3860877 -0.3842006
v -0.1407114 0.479167 -0.3865969
v -0.1422797 0.3867018 -0.3871241
v -0.1726805 0.4796233 -0.3715137
v -0.1742488 0.387158 -0.372041
v -0.1928276 0.4797993 -0.3424655
v -0.1943959 0.3873341 -0.3429927
v -0.1957541 0.4796481 -0.3072356
v -0.1973225 0.387183 -0.3077628
v -0.180676 0.47921 -0.2752638
v -0.1822444 0.3867449 -0.275791
v -0.1516334 0.4786026 -0.2551169
v -0.1532017 0.3861374 -0.2556442
v -0.1131789 0.4491065 -0.2318055
v -0.07143289 0.4485109 -0.2515013
v -0.07198556 0.4159299 -0.251687
v -0.1137315 0.4165256 -0.2319912
v -0.04512447 0.4482808 -0.2894331
v -0.04567711 0.4157 -0.2896189
v -0.0413029 0.4484785 -0.3354371
v -0.04185554 0.4158975 -0.3356228
v -0.06099217 0.4490504 -0.3771865
v -0.06154483 0.4164695 -0.3773723
v -0.09891659 0.4498436 -0.4034946
v -0.09946924 0.4172627 -0.4036804
v -0.1449143 0.4506456 -0.4073122
v -0.145467 0.4180647 -0.407498
v -0.1866603 0.4512414 -0.3876163
v -0.187213 0.4186604 -0.3878021
v -0.2129688 0.4514712 -0.3496845
v -0.2135214 0.4188904 -0.3498703
v -0.2167903 0.4512738 -0.3036806
v -0.217343 0.4186929 -0.3038664
v -0.1971011 0.4507018 -0.2619312
v -0.1976537 0.4181209 -0.262117
v -0.1591766 0.4499086 -0.2356231
v -0.1597292 0.4173276 -0.2358088
v -0.1086232 0.5016315 -0.2112541
v -0.05724356 0.5008984 -0.2354952
v -0.05768494 0.4748769 -0.2356435
v -0.1090646 0.4756101 -0.2114025
v -0.02486394 0.5006154 -0.2821805
v -0.0253053 0.4745939 -0.2823288
v -0.02016046 0.5008584 -0.3388007
v -0.02060185 0.4748369 -0.3389491
v -0.04439341 0.5015625 -0.3901846
v -0.04483479 0.4755409 -0.390333
v -0.09106962 0.5025387 -0.4225639
v -0.091511 0.4765172 -0.4227123
v -0.1476822 0.5035257 -0.4272625
v -0.1481236 0.4775043 -0.4274108
v -0.1990619 0.504259 -0.4030214
v -0.1995033 0.4782375 -0.4031698
v -0.2314415 0.5045419 -0.3563361
v -0.2318829 0.4785205 -0.3564845
v -0.236145 0.504299 -0.2997159
v -0.2365864 0.4782774 -0.2998643
v -0.211912 0.5035949 -0.248332
v -0.2123534 0.4775734 -0.2484804
v -0.1652358 0.5026187 -0.2159527
v -0.1656772 0.4765971 -0.2161011
v -0.1144615 0.5291033 -0.2459348
v -0.07965369 0.5286068 -0.2623572
v -0.08011445 0.5014408 -0.262512
v -0.1149222 0.5019374 -0.2460897
v -0.05771775 0.5284148 -0.2939847
v -0.0581785 0.501249 -0.2941395
v -0.05453131 0.5285796 -0.3323427
v -0.05499208 0.5014136 -0.3324976
v -0.07094823 0.5290565 -0.3671533
v -0.07140899 0.5018905 -0.3673082
v -0.1025696 0.5297178 -0.389089
v -0.1030303 0.5025518 -0.3892439
v -0.1409224 0.5303863 -0.3922721
v -0.1413832 0.5032204 -0.392427
v -0.1757302 0.5308831 -0.3758498
v -0.176191 0.5037172 -0.3760046
v -0.1976661 0.5310748 -0.3442222
v -0.1981269 0.5039089 -0.3443772
v -0.2008526 0.5309103 -0.3058642
v -0.2013133 0.5037442 -0.3060191
v -0.1844357 0.5304333 -0.2710536
v -0.1848964 0.5032674 -0.2712085
v -0.1528143 0.529772 -0.2491179
v -0.153275 0.502606 -0.2492728
v 0.5614478 -0.1016889 0.009725243
v 0.4734977 -0.1078888 0.0277901
v 0.4614121 0.05160141 0.02368829
v 0.5493622 0.05780137 0.0056234
v 0.5455239 -0.1035866 -0.07062802
v 0.535098 0.05603313 -0.07421306
v 0.4495132 0.04918861 -0.03507057
v 0.4615987 -0.1103016 -0.03096873
v -0.6132042 -0.2154623 0.2232088
v -0.5516624 -0.2157732 0.1768458
v -0.5566497 -0.07000566 0.1692479
v -0.6181916 -0.06969488 0.2156109
v -0.4505284 -0.1986468 0.4390309
v -0.4555158 -0.05287957 0.4314331
v -0.3939737 -0.05319071 0.3850701
v -0.3889864 -0.1989577 0.392668
v -0.5363154 -0.06790376 0.1962258
v -0.5978574 -0.06759286 0.2425889
v -0.5775228 -0.06549096 0.2695666
v -0.5368538 -0.06128728 0.3235221
v -0.4961849 -0.05708337 0.3774777
v -0.4758504 -0.05498147 0.4044556
v -0.1208675 -0.2179501 -0.1476961
v 0.04180837 -0.2011348 0.0681259
v 0.03682113 -0.05536735 0.06052804
v 0.01648673 -0.05746925 0.03355026
v -0.00384777 -0.05957127 0.006572485
v -0.0445168 -0.06377506 -0.0473831
v -0.08518577 -0.06797898 -0.1013386
v -0.1055203 -0.07008088 -0.1283164
v -0.1258548 -0.07218289 -0.1552941
v -0.06538984 0.0240587 0.07376537
v -0.1060589 -0.02180457 -0.001019955
v -0.04505538 -0.05715835 0.07991347
v -0.1467279 0.01565075 -0.05497554
v -0.3720233 -0.07093883 0.03015843
v -0.3104812 -0.07124996 -0.01620477
v -0.2901467 -0.06914806 0.010773
v -0.3516889 -0.06883693 0.05713624
v -0.2906854 -0.06253111 0.1380695
v -0.3522278 -0.0205605 0.1844328
v -0.3928967 0.03772473 0.1304773
v -0.3313544 -0.04590523 0.08411399
v -0.2500164 -0.01666772 0.1920252
v -0.3115587 0.02530253 0.2383884
v -0.2093473 -0.05412352 0.2459806
v -0.2708895 -0.05381238 0.2923439
v -0.2912241 -0.0559144 0.2653662
v -0.2296818 -0.0562253 0.219003
v -0.1478052 -0.05443442 0.1996176
v -0.142818 -0.2002017 0.2072155
v -0.2043601 -0.1998909 0.2535785
v -0.305494 -0.2170172 -0.008606747
v -0.367036 -0.2167063 0.03775634
v -0.4137697 -0.06190908 0.2307959
v -0.475312 -0.01993871 0.2771591
v -0.515981 0.01751697 0.2232036
v -0.4544388 -0.02445352 0.1768404
v -0.3731008 -0.01604605 0.2847515
v -0.4138133 0.02592456 0.3311148
v -0.3324316 -0.05350149 0.338707
v -0.4143084 -0.05529261 0.3580925
v -0.3527662 -0.0556035 0.3117293
v -0.2659023 -0.1995797 0.2999418
v -0.3274443 -0.1992688 0.3463049
v -0.4285783 -0.2163951 0.08411953
v -0.4901203 -0.2160844 0.1304826
v -0.4335655 -0.07062769 0.07652161
v -0.4951076 -0.07031679 0.1228847
v -0.4132311 -0.06852579 0.1034995
v -0.4747733 -0.06821489 0.1498626
v -0.2489391 -0.07156086 -0.06256789
v -0.1873969 -0.07187176 -0.1089311
v -0.1670624 -0.06976986 -0.08195331
v -0.2286046 -0.06945896 -0.03559011
v -0.2439518 -0.2173281 -0.05496988
v -0.1824097 -0.217639 -0.1013331
v -0.08127582 -0.2005128 0.1608523
v -0.01973369 -0.2008239 0.1144892
v -0.08626307 -0.05474555 0.1532544
v -0.02472096 -0.05505645 0.1068912
v -0.1681397 -0.05653608 0.1726399
v -0.1065976 -0.05684757 0.1262766
v -0.126932 -0.01728976 0.0992988
v -0.1884742 0.02468073 0.1456621
v -0.2291433 -0.02118278 0.09170637
v -0.1676011 -0.06315315 0.04534321
v -0.2698123 0.01627278 0.03775084
v -0.2082702 -0.02569759 -0.008612305
v -0.1310939 0.5299097 -0.3379173
v -0.1088802 0.5294452 -0.3225077
v -0.116751 0.6588008 -0.322664
v -0.1465037 0.5300444 -0.3156993
v -0.12429 0.5295799 -0.3002896
v 0.6531197 -0.07985306 0.04574184
v 0.6581035 -0.07822609 0.07972133
v 0.6486527 0.05887735 0.07454273
v 0.6436689 0.05725026 0.04056323
v 0.6022152 -0.08307409 0.05336231
v 0.5927644 0.05402923 0.04818371
v 0.5977483 0.05565619 0.08216318
v 0.6071991 -0.08144712 0.08734179
v 0.4549693 -0.07202566 0.109322
v 0.4680187 -0.07058525 0.1471061
v 0.4606656 0.1091903 0.142792
v 0.447616 0.1077499 0.1050079
v 0.3983049 -0.07387197 0.1289627
v 0.3909517 0.1059035 0.1246486
v 0.4040013 0.107344 0.1624326
v 0.4113545 -0.07243156 0.1667467
v 0.2056026 -0.06203663 0.03662834
v 0.2383029 -0.0614996 0.08084819
v 0.2425611 0.1583822 0.07502896
v 0.2098607 0.157845 0.03080912
v 0.1392871 -0.05945528 0.085637
v 0.1435453 0.1604264 0.0798178
v 0.1762457 0.1609634 0.1240377
v 0.1719874 -0.05891824 0.1298569
v 0.2929199 -0.07603467 0.1377426
v 0.3172008 -0.07438111 0.1870651
v 0.3058314 0.1453177 0.1852967
v 0.2815505 0.1436641 0.1359743
v 0.2190175 -0.07956529 0.1742424
v 0.2076481 0.1401335 0.1724741
v 0.2319291 0.1417871 0.2217965
v 0.2432985 -0.07791173 0.2235648
v 0.3525432 -0.08330822 0.2239991
v 0.3793263 -0.08153343 0.2720043
v 0.3720078 0.1383076 0.2679594
v 0.3452246 0.1365327 0.2199541
v 0.2805383 -0.08496499 0.2642334
v 0.2732196 0.1348759 0.2601885
v 0.3000028 0.1366508 0.3081938
v 0.3073215 -0.08319008 0.3122387
v 0.4210539 -0.1247203 0.2099251
v 0.4759656 -0.1219006 0.211246
v 0.4648326 0.09773374 0.2051795
v 0.4099209 0.09491384 0.2038586
v 0.4189592 -0.1225493 0.29237
v 0.4078262 0.09708488 0.2863035
v 0.462738 0.09990478 0.2876244
v 0.473871 -0.1197294 0.2936909
v 0.4088562 -0.1507896 0.305689
v 0.4356394 -0.1490148 0.3536943
v 0.4283207 0.07082617 0.3496494
v 0.4015375 0.06905127 0.3016441
v 0.3368512 -0.1524464 0.3459234
v 0.3295326 0.0673945 0.3418784
v 0.3563158 0.0691694 0.3898838
v 0.3636344 -0.1506715 0.3939287
v 0.3711334 -0.07308674 0.08441037
v 0.3839619 -0.07285607 0.1222967
v 0.3819617 0.1971054 0.1213297
v 0.3691331 0.1968746 0.08344334
v 0.3143045 -0.07343888 0.1036552
v 0.3123043 0.1965226 0.1026882
v 0.3251328 0.1967533 0.1405745
v 0.3271331 -0.07320809 0.1415415
v 0.152169 -0.07362509 -0.03471692
v 0.1848694 -0.07308817 0.009502947
v 0.1891276 0.1467936 0.003683761
v 0.1564272 0.1462564 -0.04053609
v 0.08585351 -0.07104385 0.01429176
v 0.09011173 0.1488378 0.008472592
v 0.1228121 0.1493748 0.05269244
v 0.1185539 -0.07050681 0.05851161
v 0.03830811 -0.08410871 -0.03120123
v -0.006677486 -0.0834918 -0.07254465
v 0.004259288 0.2941006 -0.07880951
v 0.04924492 0.2934837 -0.03746609
v 0.08373661 -0.0862453 -0.08066373
v 0.08187294 0.2475638 -0.08277429
v 0.03688733 0.248181 -0.1241177
v 0.03875101 -0.08562827 -0.1220071
v 0.4472577 -0.07623911 0.06414345
v 0.45879 -0.07417214 0.1023892
v 0.450858 0.04560649 0.09830773
v 0.4393257 0.04353964 0.06006202
v 0.3899422 -0.07943976 0.08159888
v 0.3820102 0.04033887 0.07751745
v 0.3935425 0.04240584 0.1157632
v 0.4014744 -0.07737291 0.1198446
v 0.3865171 -0.08330011 0.1519224
v 0.3964996 -0.08325315 0.1906567
v 0.3975396 0.1966842 0.1900493
v 0.3875571 0.1966374 0.151315
v 0.328416 -0.08305168 0.1668956
v 0.3294559 0.1968856 0.1662882
v 0.3394384 0.1969327 0.2050226
v 0.3383984 -0.08300483 0.20563
v 0.7408696 -0.02987158 -0.08064319
v 0.7624333 -0.02804255 -0.04431958
v 0.8383219 -0.02291799 -0.0896294
v 0.8167582 -0.02474689 -0.125953
v 0.7394323 -0.009923816 -0.08079433
v 0.8153209 -0.004799247 -0.1261041
v 0.8261028 0.01611531 -0.1079423
v 0.7502142 0.01099062 -0.0626325
v 0.760996 -0.008094907 -0.04447073
v 0.8368846 -0.002970219 -0.08978055
v 0.8415232 -0.06193388 0.1465007
v 0.8415232 -0.06193388 0.1665007
v 0.8415232 0.02806616 0.1665007
v 0.8415232 0.02806616 0.1465007
v 0.8215232 -0.06193388 0.1465007
v 0.8215232 0.02806616 0.1465007
v 0.8215232 0.02806616 0.1665007
v 0.8215232 -0.06193388 0.1665007
v 0.7515232 -0.07193398 0.1365007
v 0.7515232 -0.07193398 0.1565007
v 0.7515232 0.01806605 0.1565007
v 0.7515232 0.01806605 0.1365007
v 0.7315232 -0.07193398 0.1365007
v 0.7315232 0.01806605 0.1365007
v 0.7315232 0.01806605 0.1565007
v 0.7315232 -0.07193398 0.1565007
v 0.8415232 -0.06193399 0.2065007
v 0.8415232 -0.06193399 0.2265007
v 0.8415232 0.02806604 0.2265007
v 0.8415232 0.02806604 0.2065007
v 0.8215232 -0.06193399 0.2065007
v 0.8215232 0.02806604 0.2065007
v 0.8215232 0.02806604 0.2265007
v 0.8215232 -0.06193399 0.2265007
v 0.7515232 -0.06193388 0.1965007
v 0.7515232 -0.06193388 0.2165007
v 0.7515232 0.02806616 0.2165007
v 0.7515232 0.02806616 0.1965007
v 0.7315232 -0.06193388 0.1965007
v 0.7315232 0.02806616 0.1965007
v 0.7315232 0.02806616 0.2165007
v 0.7315232 -0.06193388 0.2165007
v -0.1876482 -0.05543327 -0.6499097
v -0.1231284 -0.05927038 -0.69916
v -0.119648 -0.1397083 -0.6883336
v -0.1841677 -0.1358712 -0.6390833
v -0.1122398 -0.0612061 -0.7170424
v -0.1087594 -0.141644 -0.706216
v -0.1117922 -0.06399119 -0.7378782
v -0.1083118 -0.144429 -0.7270517
v -0.1870943 -0.08239186 -0.8503834
v -0.1836139 -0.1628298 -0.8395569
v -0.2050586 -0.08460915 -0.8610817
v -0.2015782 -0.1650469 -0.8502553
v -0.2260605 -0.08556139 -0.8614056
v -0.22258 -0.1659993 -0.8505791
v -0.2905803 -0.08172441 -0.8121554
v -0.2870998 -0.1621622 -0.8013289
v -0.3014688 -0.07978857 -0.794273
v -0.2979884 -0.1602265 -0.7834466
v -0.3019165 -0.0770036 -0.7734371
v -0.298436 -0.1574415 -0.7626107
v -0.2266143 -0.05860281 -0.6609321
v -0.2231339 -0.1390407 -0.6501056
v -0.20865 -0.05638552 -0.6502336
v -0.2051696 -0.1368235 -0.6394072
v -0.20486 -0.0008981228 -0.6436137
v -0.1380402 0.006767273 -0.6966966
v -0.1165045 -0.03333426 -0.6854017
v -0.1916713 -0.04087257 -0.6253638
v -0.1323106 0.01706064 -0.7192246
v -0.1039914 -0.03250051 -0.706992
v -0.1314617 0.004233599 -0.7405177
v -0.1038388 -0.03338706 -0.7319441
v -0.164375 -0.001528025 -0.7928705
v -0.1972883 -0.007289529 -0.8452234
v -0.194627 -0.04997253 -0.8653793
v -0.2331966 0.004366398 -0.8477496
v -0.2159951 -0.05318975 -0.8778878
v -0.2521594 -0.01435757 -0.8522556
v -0.240757 -0.05639279 -0.8779255
v -0.3045789 -0.02062988 -0.8050175
v -0.3159239 -0.06393111 -0.8178875
v -0.3059246 -0.00813961 -0.7844445
v -0.328437 -0.06476486 -0.7962973
v -0.3114174 -0.02182388 -0.7713872
v -0.3285896 -0.0638783 -0.7713453
v -0.2753927 -0.01455033 -0.712061
v -0.2393679 -0.007277012 -0.6527348
v -0.2378014 -0.04729283 -0.63791
v -0.2226601 0.007767916 -0.6498998
v -0.2164332 -0.04407561 -0.6254014
v -0.2198838 -0.008039236 -0.7524657
v -0.1114576 -0.07236266 -0.6839832
v -0.1866244 -0.07990122 -0.6239452
v -0.09894455 -0.07152903 -0.7055734
v -0.09879194 -0.07241571 -0.7305255
v -0.1895801 -0.08900118 -0.8639607
v -0.2109483 -0.09221828 -0.8764693
v -0.2357102 -0.09542143 -0.8765068
v -0.310877 -0.1029596 -0.816469
v -0.3233901 -0.1037934 -0.7948787
v -0.3235427 -0.1029067 -0.7699267
v -0.2327545 -0.08632147 -0.6364914
v -0.2113864 -0.08310413 -0.6239829
v 0.838308 -0.05055511 -0.4856239
v 0.8522235 -0.04540503 -0.4274875
v 0.8504428 0.01437056 -0.4323565
v 0.8365274 0.009220481 -0.4904929
v 0.7799712 -0.05115116 -0.4716077
v 0.7781906 0.008624434 -0.4764766
v 0.792106 0.01377451 -0.4183403
v 0.7938866 -0.04600108 -0.4134713
v 0.8143167 0.03149748 -0.4544166
v 0.7437161 -0.066728 -0.6972588
v 0.7567396 -0.06434429 -0.6675779
v 0.7855847 -0.06520152 -0.6801659
v 0.7725612 -0.06758523 -0.7098467
v 0.6984983 -0.06538427 -0.6775258
v 0.6982308 -0.005568147 -0.6822124
v 0.7112544 -0.003184438 -0.6525314
v 0.7177661 -0.001992583 -0.637691
v 0.7242779 -0.0008007288 -0.6228505
v 0.7307897 0.0003911257 -0.6080101
v 0.7373014 0.00158298 -0.5931697
v 0.7503249 0.003966689 -0.5634887
v 0.7505925 -0.05584943 -0.5588022
v 0.7947425 -0.05716145 -0.5780692
v 0.7817189 -0.05954516 -0.6077501
v 0.7762749 -0.06076872 -0.6230565
v 0.7697631 -0.06196058 -0.637897
v 0.7632514 -0.06315243 -0.6527375
v 0.7434486 -0.006911874 -0.7019453
v 0.7564721 -0.004528165 -0.6722643
v 0.794475 0.002654672 -0.5827557
v 0.7760074 -0.0009526014 -0.627743
v 0.7694956 -0.002144456 -0.6425835
v 0.7920965 -0.06400967 -0.6653254
v 0.7855847 -0.06520152 -0.6801658
v 0.8115115 -0.06023777 -0.618291
v 0.8060675 -0.06146133 -0.6335974
v 0.7629839 -0.00333631 -0.657424
v 0.7814514 0.0002709627 -0.6124367
v 0.791829 -0.004193544 -0.670012
v 0.7853172 -0.005385399 -0.6848523
v 0.7853172 -0.005385399 -0.6848524
v 0.7722937 -0.007769108 -0.7145333
v 0.8235876 -0.05801868 -0.5906572
v 0.810564 -0.06040239 -0.6203381
v 0.811244 -0.0004216433 -0.6229775
v 0.8058 -0.001645207 -0.6382838
v 0.8233201 0.001797438 -0.5953437
v 0.8102965 -0.0005862713 -0.6250247
v 0.4275169 -0.07961345 -0.7098942
v 0.3999588 -0.08357382 -0.7266607
v 0.3835393 -0.08302331 -0.6998031
v 0.4110975 -0.07906294 -0.6830366
v 0.4532561 -0.0804764 -0.7519964
v 0.4475602 -0.02093279 -0.756699
v 0.4200021 -0.02489316 -0.7734655
v 0.406223 -0.02687335 -0.7818488
v 0.3924439 -0.02885354 -0.7902319
v 0.3786649 -0.03083372 -0.7986152
v 0.3648858 -0.03281403 -0.8069985
v 0.3373277 -0.03677428 -0.823765
v 0.3430236 -0.09631801 -0.8190624
v 0.3178922 -0.09547532 -0.7779545
v 0.3454504 -0.09151495 -0.7611879
v 0.3586216 -0.08951437 -0.7518104
v 0.3724007 -0.08753419 -0.7434273
v 0.3861798 -0.085554 -0.735044
v 0.421821 -0.02006984 -0.7145969
v 0.3942628 -0.02403021 -0.7313634
v 0.3121963 -0.03593171 -0.782657
v 0.3529257 -0.02997077 -0.7565131
v 0.3667048 -0.02799058 -0.7481298
v 0.3697603 -0.0850035 -0.7081863
v 0.3835393 -0.08302331 -0.6998031
v 0.32709 -0.09123921 -0.7354585
v 0.3402613 -0.08923864 -0.726081
v 0.3804838 -0.02601039 -0.7397466
v 0.3397544 -0.03197134 -0.7658906
v 0.3640644 -0.02545989 -0.712889
v 0.3778434 -0.0234797 -0.7045058
v 0.3778434 -0.0234797 -0.7045058
v 0.4054016 -0.01951933 -0.6877391
v 0.3014728 -0.09492481 -0.7510967
v 0.3290309 -0.09096444 -0.7343303
v 0.3213941 -0.0316956 -0.7401611
v 0.3345653 -0.02969503 -0.7307837
v 0.2957769 -0.0353812 -0.7557994
v 0.323335 -0.03142083 -0.7390329
v 0.2748685 -0.1117802 -1.05771
v 0.2998842 -0.1108707 -1.034819
v 0.3220773 -0.1118196 -1.059034
v 0.2970616 -0.112729 -1.081925
v 0.2400786 -0.1102929 -1.01975
v 0.2400616 -0.04771841 -1.022218
v 0.2650773 -0.04680896 -0.9993266
v 0.2775851 -0.04635429 -0.9878809
v 0.290093 -0.04589963 -0.9764353
v 0.3026009 -0.04544485 -0.9649897
v 0.3151087 -0.04499018 -0.9535439
v 0.3401244 -0.04408073 -0.9306526
v 0.3401413 -0.1066551 -0.9281852
v 0.3741098 -0.1081074 -0.9652483
v 0.3490941 -0.1090168 -0.9881396
v 0.3374078 -0.1095066 -1.000482
v 0.3248999 -0.1099614 -1.011927
v 0.312392 -0.1104161 -1.023373
v 0.2748516 -0.04920566 -1.060177
v 0.2998673 -0.04829633 -1.037286
v 0.3740928 -0.04553294 -0.9677157
v 0.3373908 -0.0469321 -1.002949
v 0.3248829 -0.04738688 -1.014395
v 0.3345851 -0.1113648 -1.047588
v 0.3220773 -0.1118196 -1.059034
v 0.3730594 -0.1099037 -1.010797
v 0.3613731 -0.1103935 -1.023139
v 0.3123751 -0.04784155 -1.02584
v 0.3490771 -0.04644239 -0.9906071
v 0.3345682 -0.04879034 -1.050055
v 0.3220604 -0.04924512 -1.061501
v 0.3220604 -0.04924512 -1.061501
v 0.2970446 -0.05015457 -1.084392
v 0.3963028 -0.1090562 -0.9894633
v 0.3712871 -0.1099657 -1.012355
v 0.3730425 -0.04732919 -1.013264
v 0.3613562 -0.04781902 -1.025606
v 0.3962859 -0.04648173 -0.9919308
v 0.3712702 -0.04739118 -1.014822
v 0.6004178 -0.07573676 -0.8367646
v 0.6302516 -0.07508278 -0.8101224
v 0.633004 -0.01531875 -0.8146715
v 0.60317 -0.01597285 -0.8413137
v 0.560541 -0.0705111 -0.7922388
v 0.5632933 -0.01074719 -0.796788
v 0.5931271 -0.01009321 -0.7701459
v 0.5903749 -0.06985712 -0.7655967
v 0.6202088 -0.06920302 -0.7389545
v 0.6500427 -0.06854892 -0.7123123
v 0.6798766 -0.06789494 -0.6856702
v 0.7197533 -0.07312059 -0.7301959
v 0.6899195 -0.07377458 -0.756838
v 0.6600856 -0.07442868 -0.7834802
v 0.6826288 -0.008131027 -0.6902194
v 0.7225056 -0.01335669 -0.734745
v 0.6628378 -0.01466477 -0.7880294
v 0.6926717 -0.01401079 -0.7613872
v 0.7020208 -0.0152359 -0.7718264
v 0.672187 -0.01588988 -0.7984685
v 0.652795 -0.008785009 -0.7168615
v 0.6721869 -0.01589 -0.7984685
v 0.6423531 -0.01654398 -0.8251107
v 0.6992686 -0.07499981 -0.7672771
v 0.6694347 -0.07565391 -0.7939193
v 0.6694347 -0.07565391 -0.7939193
v 0.6396008 -0.07630801 -0.8205615
v 0.622961 -0.009439111 -0.7435037
v 0.6546785 0.03211296 -0.7199746
v 0.6945552 0.02688718 -0.7645004
v 0.6248446 0.03145885 -0.7466168
v 0.6647214 0.0262332 -0.7911425
v 0.6954691 0.04673016 -0.7660108
v 0.6656352 0.04607618 -0.7926528
v 0.6248446 0.03145885 -0.7466168
v 0.6647213 0.0262332 -0.7911425
v 0.5950106 0.03080475 -0.773259
v 0.6348875 0.02557921 -0.8177847
v 0.6656352 0.04607618 -0.792653
v 0.6358013 0.0454222 -0.819295
v 0.7039044 0.02566206 -0.7749394
v 0.6740705 0.02500808 -0.8015816
v 0.6740704 0.02500796 -0.8015816
v 0.6442366 0.02435398 -0.8282237
v 0.672187 -0.01589 -0.7984685
v 0.6423531 -0.01654398 -0.8251107
v 0.7020208 -0.01523602 -0.7718264
v 0.672187 -0.01589 -0.7984685
v 0.6257584 0.05130184 -0.7481272
v 0.5959245 0.05064774 -0.7747694
v 0.6555924 0.05195594 -0.721485
v 0.6257585 0.05130184 -0.7481272
v 0.3944182 -0.1237017 -1.188706
v 0.4638862 -0.1207997 -1.126055
v 0.4594323 -0.02731586 -1.125447
v 0.3899643 -0.03021789 -1.188098
v 0.3318579 -0.1271346 -1.11918
v 0.327404 -0.03365076 -1.118572
v 0.3968721 -0.03074872 -1.055921
v 0.4013259 -0.1242325 -1.056529
v 0.3941338 0.0006557703 -1.120245
v 0.8231335 -0.0543139 -0.5725469
v 0.8434642 -0.04869831 -0.5163764
v 0.8402882 0.01102328 -0.5211974
v 0.8199575 0.00540781 -0.5773679
v 0.7130922 -0.05692959 -0.5324565
v 0.7099162 0.002792001 -0.5372775
v 0.7302468 0.008407593 -0.481107
v 0.7334229 -0.05131412 -0.476286
v 0.6037004 -0.08796668 -0.6758689
v 0.6905443 -0.08471274 -0.6149324
v 0.690183 -0.02477396 -0.6176181
v 0.603339 -0.02802789 -0.6785545
v 0.5440076 -0.08452284 -0.5909812
v 0.5436463 -0.02458405 -0.5936669
v 0.6304902 -0.02133012 -0.5327305
v 0.6308515 -0.08126891 -0.5300447
v 1.102488 -0.02987862 -0.259414
v 1.124308 -0.0273397 -0.1763285
v 1.124647 0.05855715 -0.1790424
v 1.102827 0.05601835 -0.2621279
v 0.9401945 -0.02789223 -0.2168538
v 0.9405341 0.05800462 -0.2195677
v 0.9623538 0.06054354 -0.1364821
v 0.9620141 -0.02535343 -0.1337682
v 1.061914 -0.02938187 -0.248774
v 1.083734 -0.02684319 -0.1656884
v 1.105131 0.07310665 -0.1735361
v 1.083311 0.07056785 -0.2566217
v 1.062254 0.05651474 -0.2514879
v 1.084074 0.05905354 -0.1684023
v 1.0435 0.05955029 -0.1577622
v 1.023984 0.0740999 -0.152256
v 1.002165 0.07156122 -0.2353416
v 1.021681 0.05701137 -0.2408478
v 0.9811075 0.05750811 -0.2302077
v 0.9807678 -0.02838862 -0.2274939
v 1.021341 -0.02888536 -0.2381339
v 1.002587 -0.02584982 -0.1444083
v 1.043161 -0.02634645 -0.1550483
v 1.002927 0.06004679 -0.1471221
v 1.064558 0.07360339 -0.1628961
v 1.042738 0.07106447 -0.2459817
v 0.9834109 0.07459652 -0.141616
v 0.9615914 0.07205784 -0.2247016
v 0.4985633 -0.08606184 -0.7498759
v 0.5869085 -0.0835613 -0.6911001
v 0.5857115 -0.02357793 -0.6918528
v 0.4973664 -0.02607846 -0.7506286
v 0.4410511 -0.08612466 -0.6634274
v 0.4398542 -0.02614129 -0.6641802
v 0.5281994 -0.02364075 -0.6054043
v 0.5293963 -0.08362412 -0.6046516
v 0.6881254 -0.05952036 -0.53993
v 0.7106907 -0.05640805 -0.4932519
v 0.7086448 0.03268373 -0.4982032
v 0.6860796 0.02957153 -0.5448812
v 0.6423761 -0.05934238 -0.5178255
v 0.6403303 0.02974939 -0.5227768
v 0.6628955 0.03286171 -0.4760988
v 0.6649413 -0.05623019 -0.4711475
v 0.3291543 -0.1053622 -0.9076436
v 0.338798 -0.1040809 -0.8484375
v 0.3368877 -0.04411948 -0.8494239
v 0.327244 -0.04540074 -0.90863
v 0.2699652 -0.1070887 -0.8979653
v 0.2680549 -0.04712725 -0.8989518
v 0.2776985 -0.04584599 -0.8397456
v 0.2796089 -0.1058074 -0.8387593
v 0.3023088 -0.02566862 -0.8728535
v 1.137033 -0.02036572 -0.2415864
v 1.208254 -0.0160538 -0.2400738
v 1.20395 0.05518305 -0.2404835
v 1.132729 0.05087113 -0.2419961
v 1.135498 -0.02004802 -0.1702357
v 1.131194 0.05118883 -0.1706454
v 1.202416 0.05550075 -0.1691328
v 1.20672 -0.0157361 -0.1687231
v 1.168186 0.07696509 -0.2058935
v 1.021447 -0.04419172 -0.4941294
v 1.037108 -0.03758693 -0.436587
v 1.033009 0.02199864 -0.4423109
v 1.021869 0.0383985 -0.4720096
v 1.017349 0.01539385 -0.4998532
v 0.9086454 -0.048949 -0.4628831
v 0.904547 0.01063657 -0.4686069
v 0.9090675 0.03364134 -0.4407633
v 0.9202077 0.01724136 -0.4110646
v 0.9243062 -0.04234421 -0.4053408
v 0.5609222 -0.06207144 0.05606535
v 0.5744314 -0.05746067 0.1284457
v 0.5647261 0.1610985 0.1163341
v 0.5512168 0.1564876 0.04395373
v 0.4802274 -0.06481051 0.07130086
v 0.470522 0.1537485 0.05918926
v 0.4840312 0.1583594 0.1315696
v 0.4937365 -0.06019962 0.1436812
v 0.272448 -0.07152426 -0.1925494
v 0.3233005 -0.06921017 -0.1452678
v 0.3165315 0.2085387 -0.1515817
v 0.2656789 0.2062246 -0.1988633
v 0.2705433 0.02697015 -0.1946403
v 0.2707558 -0.002087355 -0.1941278
v 0.2014861 -0.07151878 -0.1162283
v 0.1997938 -0.002081752 -0.1178068
v 0.2005705 0.02632022 -0.1174142
v 0.194717 0.20623 -0.1225422
v 0.2455695 0.2085443 -0.07526064
v 0.2523386 -0.06920457 -0.06894672
v 0.2575069 0.2478095 -0.136179
v 0.2119597 -0.004763007 -0.2487952
v 0.213652 -0.07420003 -0.2472168
v 0.2116283 0.02383268 -0.2508843
v 0.2119597 -0.004763007 -0.2487952
v 0.1394337 0.02302659 -0.1757326
v 0.1409977 -0.004757404 -0.1724741
v 0.1409978 -0.004757404 -0.1724742
v 0.1426901 -0.07419443 -0.1708957
v 1.001836 -0.04993653 -0.5715972
v 1.017167 -0.04513514 -0.5137881
v 1.01539 0.01466978 -0.5182841
v 1.005174 0.03209841 -0.5477282
v 1.000059 0.009868383 -0.5760932
v 0.8886318 -0.05103576 -0.5414832
v 0.8868551 0.008769155 -0.5459792
v 0.8919706 0.03099918 -0.5176141
v 0.9021866 0.01357055 -0.4881701
v 0.9039633 -0.04623437 -0.4836741
v 0.9804192 -0.05449414 -0.6470675
v 0.9971092 -0.04961526 -0.5896424
v 0.9940729 0.01016068 -0.5938385
v 0.982785 0.02749968 -0.6229421
v 0.9773828 0.005281925 -0.6512636
v 0.868053 -0.05788898 -0.614121
v 0.8650166 0.001886964 -0.618317
v 0.8704188 0.02410483 -0.5899955
v 0.8817067 0.006765842 -0.5608919
v 0.884743 -0.05301023 -0.5566958
v 0.5121713 -0.100094 -1.131392
v 0.582839 -0.09504414 -1.063321
v 0.5788429 0.003075123 -1.066451
v 0.5402444 0.03307843 -1.098529
v 0.5081754 -0.001974702 -1.134523
v 0.4354703 -0.09943354 -1.051815
v 0.4314744 -0.001314282 -1.054945
v 0.4635434 0.03373861 -1.018952
v 0.502142 0.003735423 -0.9868739
v 0.506138 -0.09438384 -0.9837435
v 0.6871604 -0.08530807 -0.9820906
v 0.7649785 -0.07751262 -0.9226203
v 0.7562023 0.02033579 -0.9239624
v 0.7128082 0.04876256 -0.950942
v 0.6783842 0.01254046 -0.9834327
v 0.6203068 -0.08884931 -0.8941472
v 0.6115307 0.008999228 -0.8954892
v 0.6459547 0.04522121 -0.8629985
v 0.6893489 0.01679456 -0.8360188
v 0.6981251 -0.08105397 -0.8346767
v 0.5879323 -0.09243381 -1.049978
v 0.6651129 -0.08889055 -0.9892843
v 0.6598732 0.009215593 -0.9883484
v 0.6179212 0.03983426 -1.01521
v 0.5826927 0.005672455 -1.049042
v 0.5197314 -0.09565985 -0.9630632
v 0.5144917 0.002446413 -0.9621274
v 0.5497202 0.03660798 -0.9282953
v 0.5916723 0.005989552 -0.9014335
v 0.596912 -0.09211671 -0.9023693
v 0.457028 -0.1202666 -1.258219
v 0.5264652 -0.1173662 -1.195533
v 0.5220113 -0.02388239 -1.194925
v 0.4525741 -0.02678275 -1.25761
v 0.3944335 -0.1237009 -1.188723
v 0.3899796 -0.03021705 -1.188115
v 0.4594169 -0.02731669 -1.12543
v 0.4638707 -0.1208005 -1.126038
v 0.4567104 0.004089355 -1.189755
v 0.5200832 -0.1194677 -1.324933
v 0.5879521 -0.1166272 -1.26055
v 0.5857906 -0.02307868 -1.262398
v 0.5179217 -0.0259192 -1.326781
v 0.4556738 -0.1196141 -1.257029
v 0.4535123 -0.02606559 -1.258878
v 0.5213812 -0.02322507 -1.194495
v 0.5235428 -0.1167736 -1.192646
v 0.5210887 0.006575823 -1.259635
v 0.2143675 -0.1308419 -1.393188
v 0.2518359 -0.126852 -1.364397
v 0.3129123 -0.1301067 -1.443431
v 0.2754439 -0.1340965 -1.472222
v 0.1777139 -0.1288886 -1.345757
v 0.174908 -0.06913328 -1.350386
v 0.2123763 -0.06514347 -1.321595
v 0.2333425 -0.06291091 -1.305485
v 0.2543087 -0.06067836 -1.289375
v 0.2918934 -0.05667615 -1.260495
v 0.2946993 -0.1164315 -1.255866
v 0.3313529 -0.1183847 -1.303296
v 0.2937682 -0.1223869 -1.332176
v 0.2728021 -0.1246195 -1.348287
v 0.2115615 -0.07108653 -1.397817
v 0.2490299 -0.06709671 -1.369026
v 0.2331657 -0.0662514 -1.348497
v 0.2173016 -0.06540596 -1.327969
v 0.328547 -0.05862939 -1.307926
v 0.2690769 -0.06496203 -1.353622
v 0.2909623 -0.06263161 -1.336805
v 0.3520388 -0.0658859 -1.41584
v 0.3310726 -0.06811845 -1.43195
v 0.259234 -0.06094086 -1.295748
v 0.2750981 -0.06178629 -1.316277
v 0.3310726 -0.06811893 -1.43195
v 0.3101064 -0.07035148 -1.44806
v 0.2382678 -0.06317341 -1.311858
v 0.3548445 -0.1256416 -1.411211
v 0.3338783 -0.1278741 -1.427321
v 0.3338781 -0.1278741 -1.427321
v 0.3129119 -0.1301067 -1.443431
v 0.3924289 -0.1216394 -1.382331
v 0.3548442 -0.1256416 -1.411211
v 0.2587103 -0.04978812 -1.296612
v 0.2745744 -0.05063355 -1.317141
v 0.2532127 -0.06411672 -1.333093
v 0.2377441 -0.03202069 -1.312722
v 0.2536082 -0.03286612 -1.333251
v 0.2377441 -0.03202069 -1.312722
v 0.2536082 -0.03286612 -1.333251
v 0.2167779 -0.05425322 -1.328833
v 0.2326421 -0.05509865 -1.349362
v 0.232642 -0.05509865 -1.349361
v 0.2536082 -0.03286612 -1.333251
v 0.2485062 -0.05594397 -1.36989
v 0.2685532 -0.0338093 -1.354486
v 0.2745744 -0.05063355 -1.317141
v 0.2904386 -0.05147886 -1.337669
v 0.2536082 -0.03286612 -1.333251
v 0.2685532 -0.0338093 -1.354486
v 0.3515151 -0.05473316 -1.416703
v 0.3305489 -0.03696573 -1.432814
v 0.3520386 -0.06588626 -1.41584
v 0.3310724 -0.06811881 -1.43195
v 0.3305489 -0.03696573 -1.432814
v 0.3095827 -0.05919874 -1.448924
v 0.3310721 -0.06811881 -1.43195
v 0.3101059 -0.07035136 -1.448061
v 0.3101063 -0.07035136 -1.44806
v 0.2726379 -0.07434118 -1.476851
v 0.389623 -0.06188405 -1.38696
v 0.3520382 -0.06588626 -1.41584
v 0.1691404 -0.1034807 -0.4642457
v 0.1776386 -0.1028459 -0.425164
v 0.1701121 0.05697417 -0.4261236
v 0.1616138 0.05633926 -0.4652053
v 0.08129697 -0.1075026 -0.4450789
v 0.07377038 0.05231738 -0.4460385
v 0.08226865 0.05295229 -0.4069568
v 0.08979524 -0.1068677 -0.4059972
v 0.1035689 -0.1128762 -0.5149161
v 0.1129146 -0.1110374 -0.4760666
v 0.1101286 0.04878974 -0.4829617
v 0.1007828 0.04695082 -0.5218111
v 0.01607386 -0.1134921 -0.4938388
v 0.01328779 0.04633498 -0.5007338
v 0.02263355 0.0481739 -0.4618844
v 0.02541962 -0.1116532 -0.4549894
v 0.05244159 -0.1279736 -0.5695311
v 0.06214828 -0.1254816 -0.5308069
v 0.06255268 0.03418112 -0.5411829
v 0.05284596 0.03168905 -0.5799072
v -0.03486802 -0.1263371 -0.5477512
v -0.03446365 0.03332567 -0.5581273
v -0.02475694 0.03581762 -0.519403
v -0.02516131 -0.123845 -0.509027
v 0.9000348 0.08766031 0.3668894
v 0.8807111 -0.001907468 0.3653723
v 0.8823959 -0.001593471 0.3541013
v 0.8848897 -0.002209425 0.3759753
v 0.8938122 -0.002418518 0.383069
v 0.9050876 -0.0024786 0.3847528
v 0.9156948 -0.002373695 0.3805754
v 0.9227916 -0.002131701 0.3716563
v 0.9244764 -0.001817703 0.3603851
v 0.9202978 -0.001515746 0.3497823
v 0.9113753 -0.001306772 0.3426885
v 0.9000999 -0.001246691 0.3410048
v 0.8894927 -0.001351595 0.3451821
v 0.9218652 0.08108699 0.3250182
v 0.9008364 -0.008087635 0.323073
v 0.9031159 -0.007892847 0.3119043
v 0.9044463 -0.008392215 0.3338827
v 0.9129784 -0.008724809 0.341437
v 0.9241465 -0.008996487 0.3437117
v 0.9349581 -0.009134293 0.3400973
v 0.9425163 -0.009101391 0.3315622
v 0.9447958 -0.008906603 0.3203935
v 0.941186 -0.008602023 0.3095838
v 0.9326538 -0.008269429 0.3020295
v 0.9214858 -0.007997751 0.2997548
v 0.9106741 -0.007859945 0.3033693
v 1.012941 0.08194554 0.3576981
v 0.9934556 -0.007578492 0.3596693
v 0.9933179 -0.007312655 0.3482726
v 0.9992747 -0.007849693 0.3694693
v 1.009216 -0.00805366 0.3750466
v 1.020615 -0.008135676 0.374907
v 1.030419 -0.008073807 0.3690877
v 1.035999 -0.007884502 0.359148
v 1.035861 -0.007618666 0.3477513
v 1.030042 -0.007347465 0.3379513
v 1.020101 -0.007143497 0.3323739
v 1.008702 -0.007061481 0.3325136
v 0.9988983 -0.007123351 0.3383329
v 1.133967 -0.0007289648 0.0965136
v 1.105142 -0.0007665157 0.1040299
v 1.105016 0.0439117 0.1037716
v 1.133841 0.04394925 0.0962553
v 1.122694 -0.001010537 0.05328095
v 1.122568 0.04366755 0.05302265
v 1.093744 0.04363 0.06053898
v 1.093869 -0.001048088 0.0607973
v 1.065044 -0.001085639 0.0683136
v 1.036219 -0.001123071 0.07582989
v 1.007394 -0.001160741 0.08334625
v 1.018667 -0.0008790493 0.1265789
v 1.047492 -0.0008414984 0.1190626
v 1.076317 -0.0008039474 0.1115462
v 1.007269 0.04351747 0.08308795
v 1.018542 0.04379904 0.1263206
v 1.076192 0.04387414 0.111288
v 1.047367 0.04383659 0.1188043
v 1.05001 0.04390264 0.1289402
v 1.078835 0.04394019 0.1214239
v 1.036094 0.04355502 0.07557163
v 1.078835 0.04394007 0.1214239
v 1.107659 0.04397774 0.1139075
v 1.050135 -0.0007755756 0.1291985
v 1.07896 -0.0007380247 0.1216822
v 1.07896 -0.0007380247 0.1216822
v 1.107785 -0.0007004738 0.1141659
v 1.064919 0.04359245 0.0680553
v 1.036008 0.07412934 0.07539493
v 1.047281 0.07441092 0.1186276
v 1.064833 0.07416689 0.0678786
v 1.076106 0.07444847 0.1111113
v 1.047239 0.08924508 0.1185418
v 1.076064 0.08928263 0.1110255
v 1.064833 0.07416689 0.06787857
v 1.076106 0.07444847 0.1111112
v 1.093658 0.07420433 0.06036225
v 1.104931 0.07448614 0.1035949
v 1.076064 0.08928263 0.1110255
v 1.104889 0.0893203 0.1035092
v 1.049924 0.07447696 0.1287635
v 1.078749 0.07451463 0.1212472
v 1.078749 0.07451451 0.1212471
v 1.107574 0.07455206 0.1137308
v 1.078835 0.04394007 0.1214239
v 1.107659 0.04397774 0.1139076
v 1.05001 0.04390252 0.1289402
v 1.078835 0.04394007 0.1214239
v 1.064791 0.08900106 0.06779283
v 1.093616 0.08903849 0.06027651
v 1.035966 0.08896351 0.07530916
v 1.064791 0.08900106 0.06779283
v 1.170348 0.003012419 0.1436138
v 1.18024 0.004352212 0.2195674
v 1.171841 0.08980513 0.2159569
v 1.164674 0.08873153 0.1412083
v 1.005455 -0.007077217 0.1729923
v 0.9997817 0.07864201 0.1705868
v 1.005016 0.07312262 0.2091907
v 1.013415 -0.01233006 0.2128012
v 1.129125 0.0004901886 0.1509584
v 1.138533 0.000181675 0.2178758
v 1.150081 0.1020126 0.2153288
v 1.143777 0.1017877 0.1451735
v 1.123451 0.08620906 0.1485529
v 1.130134 0.08563423 0.2142653
v 1.088428 0.08146369 0.2125738
v 1.066669 0.09367144 0.2119457
v 1.061331 0.09674311 0.1598627
v 1.082228 0.08368671 0.1558976
v 1.041005 0.08116436 0.1632422
v 1.046678 -0.004554629 0.1656477
v 1.087902 -0.00203228 0.158303
v 1.055121 -0.008159399 0.2144928
v 1.096827 -0.003988862 0.2161843
v 1.046722 0.07729304 0.2108823
v 1.108375 0.0978421 0.2136372
v 1.102554 0.09926534 0.1525181
v 1.024963 0.0895009 0.2102542
v 1.020108 0.09422076 0.1672073
v 0.9990081 -0.03371191 -0.404044
v 1.005516 -0.03215921 -0.3747995
v 1.117863 -0.0270412 -0.3936405
v 1.108266 -0.02742875 -0.4220616
v 0.9989223 -0.02368832 -0.4045571
v 1.107471 -0.01742423 -0.4219294
v 1.117067 -0.01703656 -0.3935083
v 1.00543 -0.02213573 -0.3753127
v 0.8900599 -0.04589331 -0.39858
v 0.8915419 -0.04476833 -0.3845255
v 1.005681 -0.03228092 -0.3789934
v 1.000109 -0.03349555 -0.4046583
v 0.8894646 -0.03590107 -0.3993171
v 0.9987392 -0.02355397 -0.4048314
v 1.005097 -0.02216792 -0.3755457
v 0.8926008 -0.03352058 -0.3695765
v 0.893196 -0.0435127 -0.3688395
v 1.006467 -0.0321095 -0.3753725
v 0.2674243 -0.06100082 -0.047444
v 0.3364509 -0.06148696 -0.09255667
v 0.3322483 0.5066632 -0.1051085
v 0.3149917 0.5067848 -0.09383035
v 0.297735 0.5069064 -0.08255215
v 0.2804783 0.5070279 -0.07127398
v 0.2632217 0.5071492 -0.05999582
v 0.3350911 -0.05821371 0.05606261
v 0.3308885 0.5099365 0.04351076
v 0.3481452 0.5098151 0.03223261
v 0.3654019 0.5096935 0.02095442
v 0.3826585 0.5095719 0.009676218
v 0.3999152 0.5094504 -0.001601949
v 0.4041177 -0.05869973 0.01094992
v 0.297395 0.5077246 -0.04539737
v 0.2801384 0.5078462 -0.03411917
v 0.2970551 0.508543 -0.008242503
v 0.3139718 0.5092398 0.01763412
v 0.3829985 0.5087537 -0.02747858
v 0.3660817 0.5080569 -0.05335525
v 0.349165 0.5073601 -0.07923187
v 0.3657418 0.5088751 -0.01620041
v 0.3488251 0.5081784 -0.04207705
v 0.3319084 0.5074816 -0.06795371
v 0.3312285 0.5091182 0.006355971
v 0.3484851 0.5089967 -0.004922226
v 0.3310078 0.5389547 0.005696759
v 0.3482645 0.5388333 -0.005581439
v 0.3315684 0.5082999 -0.03079887
v 0.3143117 0.5084214 -0.01952067
v 0.3140911 0.5382582 -0.02017961
v 0.3305001 0.5680314 -0.02927408
v 0.3146517 0.5076032 -0.05667552
v 0.3305001 0.5680314 -0.02927408
v 0.3486044 0.5380151 -0.04273586
v 0.3482645 0.5388331 -0.005581275
v 0.3655212 0.5387117 -0.01685947
v 0.3140911 0.538258 -0.02017987
v 0.3305001 0.5680314 -0.02927408
v 0.3305001 0.5680314 -0.02927408
v 0.3486044 0.5380149 -0.0427361
v 0.314431 0.5374398 -0.05733433
v 0.3316877 0.5373182 -0.06861252
v 0.2971743 0.5375614 -0.0460563
v 0.314431 0.5374398 -0.05733445
v 0.5936007 -0.1022503 -0.1318353
v 0.4493649 -0.114746 -0.05156752
v 0.4386456 0.04479718 -0.04599273
v 0.5828814 0.05729282 -0.1262605
v 0.5364037 -0.1025006 -0.2346532
v 0.5256844 0.0570426 -0.2290785
v 0.3814486 0.04454696 -0.1488107
v 0.392168 -0.1149962 -0.1543854
v 0.4623695 -0.1083157 -0.2143038
v 0.3844731 -0.1152478 -0.1697607
v 0.3741845 0.04427469 -0.1629274
v 0.4520809 0.05120683 -0.2074705
v 0.4325654 -0.1080074 -0.266377
v 0.4222767 0.0515151 -0.2595437
v 0.3443803 0.04458308 -0.2150006
v 0.3546689 -0.1149395 -0.2218339
v 0.7374642 0.01678574 -1.153045
v 0.730646 -0.07422757 -1.161303
v 0.7393801 -0.07373965 -1.168614
v 0.7267091 -0.07413673 -1.150604
v 0.7286245 -0.07349133 -1.139384
v 0.7358787 -0.07246447 -1.130649
v 0.7465281 -0.07133114 -1.12674
v 0.7577192 -0.07039523 -1.128704
v 0.7664533 -0.06990731 -1.136015
v 0.7703901 -0.06999815 -1.146714
v 0.7684748 -0.07064354 -1.157934
v 0.7612206 -0.07167041 -1.166669
v 0.7505711 -0.07280374 -1.170578
v 0.7820347 0.01239789 -1.169391
v 0.7742071 -0.07838809 -1.179124
v 0.7833232 -0.07796156 -1.185957
v 0.7697104 -0.07835495 -1.168647
v 0.7710382 -0.07787073 -1.157335
v 0.7778346 -0.07706547 -1.148217
v 0.7882786 -0.07615471 -1.143737
v 0.7995716 -0.07538259 -1.145096
v 0.8086877 -0.07495606 -1.151928
v 0.8131844 -0.07498932 -1.162405
v 0.8118566 -0.07547343 -1.173717
v 0.8050602 -0.07627881 -1.182835
v 0.7946162 -0.07718945 -1.187315
v 0.8278258 0.02200866 -1.08469
v 0.8185614 -0.06898046 -1.090456
v 0.8260295 -0.06871629 -1.099066
v 0.8163749 -0.06869972 -1.07927
v 0.820056 -0.0679493 -1.068506
v 0.8286182 -0.06693017 -1.061048
v 0.8397675 -0.06591547 -1.058894
v 0.8505162 -0.06517708 -1.062622
v 0.8579844 -0.06491292 -1.071232
v 0.8601709 -0.06519377 -1.082417
v 0.8564898 -0.06594419 -1.093181
v 0.8479276 -0.06696332 -1.100639
v 0.8367783 -0.06797802 -1.102793
v 0.8662639 0.0103265 -0.8367366
v 0.8303772 -0.002126336 -0.8678148
v 0.8508815 -0.0005258322 -0.882062
v 0.819697 -0.002663612 -0.8451959
v 0.8217026 -0.001994014 -0.820266
v 0.8358567 -0.0002967119 -0.799705
v 0.8583665 0.001973391 -0.7890223
v 0.8832008 0.004207969 -0.7910804
v 0.9037052 0.005808353 -0.8053275
v 0.9143854 0.006345749 -0.8279464
v 0.9123798 0.00567615 -0.8528763
v 0.8982257 0.003978848 -0.8734372
v 0.8757158 0.001708746 -0.8841199
v 0.8003734 -0.03004789 -0.8948138
v 0.8389089 -0.02704012 -0.9215897
v 0.7803012 -0.03105783 -0.8523041
v 0.7840705 -0.02979934 -0.8054513
v 0.8106714 -0.02660954 -0.7668093
v 0.8529762 -0.02234316 -0.7467324
v 0.8996494 -0.01814342 -0.7506001
v 0.9381849 -0.01513553 -0.7773761
v 0.9582572 -0.01412559 -0.8198856
v 0.9544879 -0.01538408 -0.8667384
v 0.927887 -0.01857388 -0.9053804
v 0.8855821 -0.02284026 -0.9254574
v 0.777459 -0.07092762 -0.9123799
v 0.83377 -0.07116961 -0.9498365
v 0.7536457 -0.0756433 -0.8557931
v 0.7591919 -0.07645857 -0.7946669
v 0.7937537 -0.06929052 -0.7454389
v 0.85179 -0.0586015 -0.7161131
v 0.9127749 -0.05739033 -0.7158065
v 0.9673151 -0.05060816 -0.7595433
v 0.9917893 -0.05255401 -0.8050385
v 0.9850705 -0.05562496 -0.8730341
v 0.9502611 -0.05547762 -0.9314746
v 0.8927314 -0.05997896 -0.9464232
v 0.8734456 -0.06716323 -0.8447229
v 1.069779 0.09995294 0.2851692
v 1.024095 0.05627322 0.2431624
v 1.049912 0.05648839 0.2258982
v 1.010368 0.05567324 0.2710162
v 1.01241 0.05484891 0.3019963
v 1.029673 0.05402124 0.3278016
v 1.057532 0.05341196 0.3415175
v 1.088522 0.05318439 0.339469
v 1.114339 0.05339944 0.3222049
v 1.128065 0.05399954 0.294351
v 1.126024 0.05482388 0.2633709
v 1.10876 0.05565155 0.2375657
v 1.080902 0.0562607 0.2238497
v 1.035997 0.0541513 0.3205854
v 1.059401 0.05363965 0.3321078
v 1.058943 0.003211379 0.330796
v 1.03554 0.003723145 0.3192736
v 1.085434 0.05344844 0.3303871
v 1.084977 0.003020167 0.3290753
v 1.107122 0.05362892 0.3158843
v 1.106665 0.003200889 0.3145725
v 1.118653 0.05413318 0.2924854
v 1.118196 0.003705025 0.2911737
v 1.116938 0.05482566 0.2664603
v 1.116481 0.004397511 0.2651486
v 1.102436 0.05552113 0.2447822
v 1.101979 0.005092859 0.2434704
v 1.079033 0.0560329 0.2332598
v 1.078576 0.005604744 0.231948
v 1.052999 0.05622411 0.2349805
v 1.052542 0.005795836 0.2336687
v 1.031312 0.05604327 0.2494833
v 1.030854 0.005615234 0.2481715
v 1.01978 0.05553925 0.2728821
v 1.019323 0.005110979 0.2715704
v 1.021495 0.05484676 0.2989073
v 1.021038 0.004418492 0.2975955
v -0.1629925 -0.1069202 0.7647791
v -0.1592646 -0.1062697 0.7844177
v -0.1632331 0.07367694 0.7792107
v -0.166961 0.07302642 0.759572
v -0.1826371 -0.1072452 0.7685188
v -0.1866055 0.07270157 0.7633117
v -0.1828776 0.07335198 0.7829504
v -0.1789091 -0.1065947 0.7881576
v -0.1753438 -0.1195618 0.7083368
v -0.1707522 -0.119316 0.7278011
v -0.1732588 0.0706743 0.7259932
v -0.1778504 0.07042861 0.706529
v -0.1948078 -0.1197749 0.712931
v -0.1973144 0.07021546 0.7111232
v -0.1927227 0.07046127 0.7305874
v -0.1902162 -0.1195291 0.7323953
v -0.01422594 -0.09264028 0.6563971
v -0.008348651 -0.09316313 0.6755069
v -0.01165506 0.08631444 0.6814336
v -0.01753234 0.08683717 0.6623238
v -0.03333933 -0.09318602 0.6622605
v -0.03664572 0.08629143 0.6681873
v -0.03076844 0.0857687 0.687297
v -0.02746205 -0.09370887 0.6813704
v 0.006191988 -0.09595168 0.7056594
v 0.0118333 -0.09556937 0.7248434
v 0.004836295 0.08421683 0.7233181
v -0.0008050017 0.08383453 0.704134
v -0.01298015 -0.09664989 0.711311
v -0.01997712 0.08313632 0.7097857
v -0.01433582 0.08351862 0.7289698
v -0.007338842 -0.09626746 0.7304951
v -0.2003546 0.09257472 1.071584
v -0.2138011 0.003122211 1.086266
v -0.215943 0.002101183 1.075115
v -0.2063541 0.004188895 1.094832
v -0.1955976 0.005015373 1.098518
v -0.1844136 0.005380273 1.096336
v -0.175799 0.005185723 1.088871
v -0.1720619 0.004483938 1.078124
v -0.1742038 0.003462911 1.066973
v -0.1816508 0.002396226 1.058406
v -0.1924074 0.001569748 1.05472
v -0.2035913 0.001204848 1.056902
v -0.212206 0.001399398 1.064367
v -0.2388265 0.09778464 1.091956
v -0.2488727 0.007937074 1.106943
v -0.2519339 0.006940126 1.096006
v -0.2407489 0.009124756 1.114853
v -0.2297393 0.01018512 1.117617
v -0.2187939 0.01083398 1.114494
v -0.2108456 0.0108974 1.106321
v -0.2080239 0.01035845 1.095289
v -0.2110851 0.009361625 1.084352
v -0.2192089 0.008173823 1.076442
v -0.2302185 0.007113576 1.073678
v -0.2411638 0.00646472 1.076801
v -0.2491122 0.0064013 1.084974
v -0.5937716 -0.07748616 0.4944212
v -0.5737769 -0.07506669 0.4794383
v -0.5763558 -0.01663768 0.4848668
v -0.5963506 -0.01905715 0.4998496
v -0.5246587 -0.08292282 0.5857747
v -0.5272377 -0.02449393 0.5912031
v -0.5072429 -0.02207434 0.5762202
v -0.5046639 -0.08050334 0.5707918
v -0.5764934 -0.07884526 0.5172596
v -0.5564986 -0.07642579 0.5022768
v -0.5679287 -0.007534385 0.4965749
v -0.5879235 -0.009953976 0.5115577
v -0.5790724 -0.0204165 0.5226879
v -0.5590775 -0.01799691 0.5077052
v -0.5417993 -0.01935613 0.5305434
v -0.5333723 -0.01025271 0.5422516
v -0.5533671 -0.01267219 0.5572344
v -0.5617941 -0.0217756 0.5455263
v -0.5445158 -0.02313471 0.5683646
v -0.5419369 -0.08156359 0.5629363
v -0.5592151 -0.08020449 0.540098
v -0.5219422 -0.07914412 0.5479535
v -0.5392204 -0.0777849 0.525115
v -0.5245211 -0.02071536 0.5533819
v -0.5506505 -0.00889349 0.5194132
v -0.5706453 -0.01131308 0.5343961
v -0.5160941 -0.01161194 0.5650899
v -0.5360889 -0.01403129 0.5800728
v -1.234701 -0.02199662 -0.1432535
v -1.252368 -0.08843482 -0.133663
v -1.256281 -0.08812833 -0.1413548
v -1.245152 -0.08907294 -0.1289639
v -1.236565 -0.08987164 -0.1285166
v -1.228909 -0.09061682 -0.132441
v -1.224236 -0.09110904 -0.1396855
v -1.223796 -0.09121621 -0.1483089
v -1.227709 -0.0909096 -0.1560007
v -1.234926 -0.09027159 -0.1606998
v -1.243513 -0.08947289 -0.1611471
v -1.251168 -0.08872759 -0.1572227
v -1.255842 -0.0882355 -0.1499783
v -1.224237 -0.01605618 -0.1126888
v -1.242356 -0.08258724 -0.1047232
v -1.246114 -0.0821172 -0.1124838
v -1.235237 -0.08334625 -0.09989493
v -1.226664 -0.08419073 -0.09929277
v -1.218935 -0.08489454 -0.103078
v -1.21412 -0.08526897 -0.1102365
v -1.213509 -0.08521378 -0.11885
v -1.217267 -0.08474374 -0.1266106
v -1.224386 -0.08398485 -0.1314389
v -1.232959 -0.08314025 -0.1320411
v -1.240688 -0.08243656 -0.1282558
v -1.245503 -0.08206201 -0.1210973
v -1.286422 -0.01136506 -0.1218534
v -1.30017 -0.07789755 -0.1076211
v -1.306467 -0.07748151 -0.1135159
v -1.291789 -0.07861018 -0.1056691
v -1.283568 -0.07942855 -0.108183
v -1.277711 -0.08013344 -0.114489
v -1.275787 -0.08053577 -0.1228976
v -1.278311 -0.08052802 -0.1311557
v -1.284608 -0.08011198 -0.1370504
v -1.29299 -0.07939935 -0.1390024
v -1.30121 -0.07858098 -0.1364886
v -1.307067 -0.07787609 -0.1301826
v -1.308991 -0.07747376 -0.121774
v -1.223926 -0.02927971 -0.1920147
v -1.233957 -0.09670329 -0.1789154
v -1.240853 -0.09631348 -0.1840987
v -1.225397 -0.09718168 -0.17788
v -1.217467 -0.09762073 -0.1812698
v -1.212292 -0.09790266 -0.1881765
v -1.211257 -0.09795189 -0.1967495
v -1.214642 -0.09775531 -0.2046916
v -1.221537 -0.09736562 -0.2098749
v -1.230097 -0.09688711 -0.2109103
v -1.238027 -0.09644818 -0.2075205
v -1.243202 -0.09616625 -0.2006138
v -1.244237 -0.0961169 -0.1920408
v -1.210895 -0.03513896 -0.2219926
v -1.223039 -0.1019294 -0.2075117
v -1.229488 -0.1016259 -0.2132466
v -1.2146 -0.1024871 -0.2057708
v -1.206431 -0.1031495 -0.2084906
v -1.200721 -0.1037391 -0.214942
v -1.199001 -0.104098 -0.2233967
v -1.201731 -0.1041299 -0.231589
v -1.20818 -0.1038264 -0.2373239
v -1.216619 -0.1032687 -0.2390648
v -1.224788 -0.1026063 -0.2363451
v -1.230498 -0.1020167 -0.2298936
v -1.232218 -0.1016579 -0.2214389
v -0.150717 0.08359742 1.132453
v -0.165943 -0.005368948 1.148304
v -0.170792 -0.005885243 1.137999
v -0.1565846 -0.005027771 1.154806
v -0.1452245 -0.004952908 1.155763
v -0.1349065 -0.005164623 1.150919
v -0.1283954 -0.005606174 1.141571
v -0.1274358 -0.006159186 1.130224
v -0.1322848 -0.006675482 1.119919
v -0.1416432 -0.007016659 1.113417
v -0.1530033 -0.007091522 1.11246
v -0.1633213 -0.006879687 1.117304
v -0.1698324 -0.006438255 1.126652
v -0.2681933 0.1364262 1.059694
v -0.2997609 -0.005347013 1.091763
v -0.3108617 -0.005414248 1.076958
v -0.2827775 -0.006180763 1.099062
v -0.264462 -0.007692099 1.0969
v -0.2497222 -0.009476066 1.085857
v -0.2425075 -0.01105452 1.06889
v -0.2447511 -0.01200473 1.050546
v -0.2558519 -0.01207197 1.035742
v -0.2728354 -0.01123822 1.028442
v -0.2911508 -0.009726882 1.030604
v -0.3058906 -0.007943034 1.041648
v -0.3131053 -0.006364465 1.058615
v -0.1860923 0.08717358 1.144973
v -0.2065697 -0.0009655952 1.159473
v -0.2100212 -0.001454949 1.148619
v -0.1981528 -0.0008642673 1.167162
v -0.1870259 -0.001178384 1.169626
v -0.1761703 -0.001823545 1.166203
v -0.1684949 -0.002627134 1.157812
v -0.1660562 -0.003373623 1.1467
v -0.1695077 -0.003863096 1.135845
v -0.1779245 -0.003964305 1.128156
v -0.1890514 -0.003650308 1.125693
v -0.199907 -0.003005028 1.129116
v -0.2075824 -0.002201557 1.137507
v -0.2076799 -0.008426905 0.8535597
v -0.2392654 -0.007861257 0.8719202
v -0.2388805 0.138242 0.868081
v -0.207295 0.1376762 0.8497205
v -0.2361791 -0.009639263 0.8045697
v -0.2357942 0.136464 0.8007303
v -0.2673797 0.1370296 0.8190908
v -0.2677646 -0.009073615 0.8229301
v -0.2148047 -0.008730054 0.8413122
v -0.2219295 -0.009033084 0.8290647
v -0.2290543 -0.009336114 0.8168173
v -0.2606398 -0.008770585 0.8351777
v -0.253515 -0.008467436 0.8474252
v -0.2463902 -0.008164287 0.8596728
v -0.2447176 0.1379937 0.858047
v -0.2131321 0.1374279 0.8396864
v -0.2133412 0.1191583 0.8398895
v -0.2135503 0.1008885 0.8400928
v -0.2139684 0.06434894 0.8404993
v -0.2540106 0.147601 0.8431331
v -0.2624886 0.1372377 0.8274988
v -0.2309031 0.1366721 0.8091383
v -0.2224252 0.1470352 0.8247726
v -0.230672 0.1184211 0.8100982
v -0.2223632 0.1275268 0.825309
v -0.2299787 0.06366801 0.8129778
v -0.2304409 0.1001701 0.811058
v -0.2221773 0.06900096 0.8269187
v -0.2223012 0.1080182 0.8258456
v -0.539182 -0.05811107 0.5986192
v -0.5612873 -0.05697215 0.6207975
v -0.554311 0.06816828 0.6213243
v -0.5322058 0.06702936 0.599146
v -0.5723904 -0.05612004 0.5654179
v -0.5654142 0.06902039 0.5659447
v -0.5875195 0.07015944 0.588123
v -0.5944957 -0.05498111 0.5875962
v -0.5938119 -0.06132948 0.5536056
v -0.6109414 -0.06088364 0.5687687
v -0.6052111 0.03038204 0.5725583
v -0.5880816 0.02993608 0.5573951
v -0.6164649 -0.05884159 0.5279419
v -0.6107345 0.03242409 0.5317315
v -0.6278639 0.03286994 0.5468947
v -0.6335943 -0.05839562 0.5431051
v -0.1908204 -0.009687662 0.9427618
v -0.221802 -0.008259892 0.9620794
v -0.2201426 0.137659 0.9539554
v -0.1891611 0.1362311 0.9346377
v -0.2208665 -0.01201928 0.8947462
v -0.2192072 0.1338996 0.8866222
v -0.2501887 0.1353273 0.9059398
v -0.2518481 -0.01059151 0.9140638
v -0.198332 -0.0102706 0.9307579
v -0.2058435 -0.01085353 0.918754
v -0.213355 -0.01143646 0.9067501
v -0.2443365 -0.01000857 0.9260677
v -0.236825 -0.00942564 0.9380716
v -0.2293135 -0.008842707 0.9500755
v -0.2262965 0.1371814 0.9441211
v -0.1953149 0.1357535 0.9248033
v -0.1956921 0.1175005 0.9255476
v -0.1960692 0.09924746 0.9262919
v -0.1968234 0.06274152 0.9277806
v -0.2359648 0.1464497 0.9292313
v -0.2450321 0.1357275 0.9141806
v -0.2140505 0.1342998 0.8948628
v -0.2049833 0.1450218 0.9099134
v -0.2139636 0.1160827 0.8963487
v -0.2050908 0.1255374 0.9110185
v -0.2137028 0.06143165 0.9008064
v -0.2138766 0.0978657 0.8978345
v -0.2054134 0.06708395 0.9143337
v -0.2051983 0.106053 0.9121236
v 0.3743794 -0.1227918 -0.2520033
v 0.3196144 -0.1272329 -0.2127191
v 0.310941 -0.007477403 -0.2112718
v 0.365706 -0.003036261 -0.250556
v 0.3388585 -0.1237261 -0.3021911
v 0.3314811 -0.003881931 -0.3008974
v 0.2847862 -0.008929014 -0.2478977
v 0.2934596 -0.1286845 -0.249345
v 0.3263772 -0.1246146 -0.3077449
v 0.2852831 -0.1278459 -0.2542379
v 0.2785012 -0.00797677 -0.2522077
v 0.3195952 -0.004745483 -0.3057147
v 0.2564779 -0.1276571 -0.3616122
v 0.249696 -0.007787943 -0.359582
v 0.2086018 -0.01101911 -0.3060749
v 0.2153838 -0.1308882 -0.3081051
v 0.2426602 -0.127508 -0.3673036
v 0.2059034 -0.1300095 -0.3106922
v 0.2020681 -0.01002574 -0.3078807
v 0.2388249 -0.007524252 -0.3644921
v 0.2049098 -0.1281397 -0.3918422
v 0.2010745 -0.008155942 -0.3890308
v 0.1643177 -0.01065743 -0.3324193
v 0.168153 -0.1306411 -0.3352308
v 1.053916 -0.02624881 -0.274439
v 1.051884 -0.02760303 -0.2913511
v 0.9530795 -0.03584266 -0.2788163
v 0.9551122 -0.03448832 -0.2619041
v 1.113212 -0.02130413 -0.2819617
v 1.107719 0.0383023 -0.2860747
v 1.105687 0.03694808 -0.3029868
v 1.10253 0.03484499 -0.3292493
v 1.099374 0.03274202 -0.3555118
v 1.097102 0.0312283 -0.3744158
v 1.102594 -0.02837801 -0.3703028
v 1.043299 -0.03332281 -0.3627802
v 1.045571 -0.03180921 -0.3438762
v 1.048727 -0.02970612 -0.3176137
v 1.048424 0.0333575 -0.278552
v 1.046391 0.03200328 -0.2954642
v 1.072055 0.03414333 -0.29872
v 1.097719 0.03628361 -0.3019759
v 1.037806 0.0262835 -0.3668931
v 1.043373 0.02999246 -0.3205752
v 1.040078 0.02779722 -0.3479892
v 0.941274 0.01955795 -0.3354546
v 0.9444305 0.02166104 -0.309192
v 1.091406 0.03207755 -0.354501
v 1.065742 0.02993727 -0.3512451
v 0.9444305 0.02166057 -0.3091919
v 0.947587 0.02376366 -0.2829294
v 1.094563 0.03418052 -0.3282385
v 0.9467666 -0.04004872 -0.3313413
v 0.9499231 -0.03794563 -0.3050787
v 0.9499231 -0.03794563 -0.3050784
v 0.9530796 -0.03584254 -0.2788159
v 0.9444944 -0.04156232 -0.3502448
v 0.9467666 -0.0400486 -0.3313408
v 1.090381 0.0432024 -0.3552687
v 1.064717 0.04106224 -0.3520128
v 1.069037 0.03213251 -0.3238311
v 1.092158 0.06501353 -0.3321187
v 1.066494 0.06287336 -0.3288626
v 1.092158 0.06501353 -0.3321187
v 1.066494 0.06287336 -0.3288626
v 1.096694 0.04740858 -0.3027435
v 1.07103 0.0452683 -0.2994876
v 1.07103 0.0452683 -0.2994877
v 1.066494 0.06287336 -0.3288626
v 1.045366 0.04312825 -0.2962318
v 1.040969 0.06082547 -0.3244554
v 1.064717 0.04106224 -0.3520128
v 1.039053 0.03892207 -0.3487569
v 1.066494 0.06287336 -0.3288626
v 1.040969 0.06082547 -0.3244554
v 0.9402489 0.03068292 -0.3362222
v 0.9420258 0.05249405 -0.3130723
v 0.9412741 0.01955771 -0.3354543
v 0.9444306 0.02166069 -0.3091918
v 0.9420258 0.05249405 -0.3130723
v 0.946562 0.03488851 -0.2836971
v 0.9444306 0.0216608 -0.3091914
v 0.9475871 0.02376378 -0.2829289
v 0.947587 0.02376378 -0.2829293
v 0.9496196 0.02511787 -0.2660171
v 0.939002 0.01804399 -0.3543578
v 0.9412741 0.01955771 -0.3354538
v -0.4215241 -0.1668496 -1.171076
v -0.3726548 -0.1652719 -1.128996
v -0.2839667 -0.1643327 -1.232029
v -0.3328359 -0.1659104 -1.274109
v -0.4747483 -0.1674132 -1.109242
v -0.4766289 -0.08581805 -1.110117
v -0.4277597 -0.08424032 -1.068038
v -0.4004139 -0.08335757 -1.044491
v -0.3730682 -0.08247471 -1.020945
v -0.3240472 -0.08089209 -0.9787349
v -0.3221665 -0.1624873 -0.9778597
v -0.2689423 -0.1619238 -1.039693
v -0.3179633 -0.1635064 -1.081903
v -0.3453091 -0.1643891 -1.10545
v -0.4234048 -0.08525443 -1.171951
v -0.3745355 -0.0836767 -1.129871
v -0.3975717 -0.08392072 -1.103109
v -0.4206078 -0.08416462 -1.076346
v -0.270823 -0.08032858 -1.040568
v -0.3483886 -0.08283269 -1.107357
v -0.319844 -0.08191121 -1.082778
v -0.2311557 -0.08097148 -1.185811
v -0.2585014 -0.08185434 -1.209358
v -0.3659163 -0.08239913 -1.029254
v -0.3428802 -0.08215523 -1.056016
v -0.2585014 -0.08185494 -1.209358
v -0.2858472 -0.08273768 -1.232904
v -0.393262 -0.08328187 -1.0528
v -0.2292753 -0.1625671 -1.184936
v -0.256621 -0.1634499 -1.208483
v -0.2566214 -0.1634499 -1.208483
v -0.2839672 -0.1643327 -1.23203
v -0.1802547 -0.1609845 -1.142727
v -0.2292758 -0.1625671 -1.184937
v -0.3662672 -0.06717014 -1.029417
v -0.3432311 -0.06692624 -1.056179
v -0.3714248 -0.08307672 -1.080595
v -0.3930812 -0.04091561 -1.051089
v -0.3700451 -0.04067171 -1.077852
v -0.3930812 -0.04091561 -1.051089
v -0.3700451 -0.04067171 -1.077852
v -0.4209588 -0.06893575 -1.07651
v -0.3979226 -0.06869185 -1.103272
v -0.3979227 -0.06869185 -1.103272
v -0.3700451 -0.04067171 -1.077852
v -0.3748865 -0.06844783 -1.130034
v -0.3482079 -0.04046643 -1.105646
v -0.3432312 -0.06692624 -1.056179
v -0.320195 -0.06668222 -1.082941
v -0.3700451 -0.04067171 -1.077852
v -0.3482079 -0.04046643 -1.105646
v -0.2315067 -0.06574249 -1.185974
v -0.2583207 -0.03948808 -1.207647
v -0.2311559 -0.08097196 -1.185811
v -0.2585017 -0.0818547 -1.209358
v -0.2583207 -0.03948808 -1.207647
v -0.2861982 -0.06750882 -1.233067
v -0.258502 -0.0818547 -1.209358
v -0.2858478 -0.08273757 -1.232905
v -0.2858473 -0.08273757 -1.232904
v -0.3347166 -0.08431518 -1.274984
v -0.1821354 -0.07938933 -1.143602
v -0.2311564 -0.08097196 -1.185812
v -0.4918352 -0.1876761 -0.9685973
v -0.5712868 -0.1955541 -0.9270598
v -0.5906947 -0.03689134 -0.9340901
v -0.511243 -0.02901316 -0.9756277
v -0.5287957 -0.1940424 -1.041448
v -0.546473 -0.03517568 -1.048438
v -0.6179242 -0.04257762 -0.9872524
v -0.5985163 -0.2012405 -0.980222
v -0.552322 -0.2001476 -1.060081
v -0.6156662 -0.2070638 -0.9965222
v -0.6311461 -0.04782569 -0.9946225
v -0.567802 -0.04090953 -1.058181
v -0.6351234 -0.2072033 -1.143371
v -0.6506034 -0.04796517 -1.141471
v -0.7139475 -0.05488133 -1.077912
v -0.6984676 -0.2141193 -1.079812
v -0.6474226 -0.208369 -1.156783
v -0.7100151 -0.2153631 -1.092492
v -0.7247396 -0.05607021 -1.089499
v -0.6621471 -0.0490762 -1.153789
v -0.6901807 -0.2115327 -1.198756
v -0.7049052 -0.05223978 -1.195762
v -0.7674978 -0.0592339 -1.131472
v -0.7527732 -0.2185267 -1.134465
v -0.1800179 -0.1439271 -1.205192
v -0.09619126 -0.1423421 -1.247157
v -0.1833057 -0.1624808 -1.421934
v -0.2671323 -0.1640657 -1.379969
v -0.1827215 -0.09981847 -1.208927
v -0.269836 -0.1199573 -1.383704
v -0.2300432 -0.07540238 -1.411556
v -0.1429287 -0.05526376 -1.236778
v -0.09889494 -0.09823358 -1.250892
v -0.1860094 -0.1183723 -1.425669
v 0.4492162 -0.1128998 -0.941519
v 0.5348389 -0.1066927 -0.8791015
v 0.5344007 -0.04693246 -0.8844433
v 0.448778 -0.05313957 -0.9468608
v 0.3878597 -0.1058886 -0.8580492
v 0.3874215 -0.04612839 -0.8633908
v 0.4730442 -0.03992128 -0.8009733
v 0.4734824 -0.0996815 -0.7956316
v 1.190309 0.007951736 0.1409222
v 1.220886 0.009131193 0.1399577
v 1.218024 0.08034849 0.1363132
v 1.187447 0.07916903 0.1372778
v 1.193328 0.01082575 0.2181999
v 1.190621 0.08209562 0.2156224
v 1.221199 0.08329034 0.2165455
v 1.223906 0.01202035 0.2191229
v 1.204695 0.1014425 0.1753821
v -0.02579438 -0.09240913 -0.2540077
v 0.001856789 -0.09687626 -0.3013412
v 0.001499489 -0.01722503 -0.3090669
v -0.02615168 -0.01275802 -0.2617334
v 0.04552043 -0.08808792 -0.212755
v 0.04516315 -0.00843668 -0.2204807
v 0.07281431 -0.01290381 -0.2678142
v 0.07317158 -0.09255493 -0.2600885
v 0.01917478 -0.1378906 -0.3235874
v 0.05068472 -0.139348 -0.3686428
v 0.04542436 -0.04980326 -0.3752181
v 0.01391443 -0.04834592 -0.3301626
v 0.08662108 -0.1304823 -0.2766579
v 0.08136074 -0.04093766 -0.2832331
v 0.1128707 -0.042395 -0.3282886
v 0.118131 -0.1319396 -0.3217134
v 0.1462373 -0.1204243 -0.195239
v 0.1019036 -0.1235005 -0.2276435
v 0.09731276 -0.01376617 -0.2317799
v 0.1416466 -0.01068997 -0.1993754
v 0.1949409 -0.1208967 -0.2618273
v 0.1903502 -0.0111624 -0.2659637
v 0.1460164 -0.0142386 -0.2983682
v 0.1506071 -0.1239729 -0.2942318
v 0.6670051 -0.07476795 0.1001605
v 0.6704369 -0.07135987 0.1342002
v 0.6557311 0.06483674 0.1220465
v 0.6522993 0.06142855 0.08800682
v 0.6159875 -0.07977283 0.1058052
v 0.6012816 0.05642366 0.09365144
v 0.6047134 0.05983174 0.1276911
v 0.6194193 -0.07636476 0.1398448
v 0.5643684 -0.1405307 0.2003109
v 0.5593402 -0.138412 0.2460168
v 0.548816 0.04515457 0.2363498
v 0.5538443 0.04303586 0.1906438
v 0.5253934 -0.1429851 0.1961369
v 0.5148692 0.04058146 0.1864699
v 0.509841 0.04270017 0.2321758
v 0.5203651 -0.1408663 0.2418428
v 0.6200323 -0.1367526 0.2067194
v 0.6081997 -0.1359986 0.2511966
v 0.6012708 0.04792607 0.2462352
v 0.6131033 0.04717207 0.2017579
v 0.5821061 -0.1384528 0.1966585
v 0.5751772 0.04547179 0.191697
v 0.5633447 0.04622579 0.2361743
v 0.5702736 -0.1376988 0.2411358
v 0.6332772 -0.1336901 0.232246
v 0.626418 -0.1329045 0.2577136
v 0.620238 0.02108395 0.2512989
v 0.6270971 0.02029836 0.2258312
v 0.6142954 -0.1346637 0.2271637
v 0.6081154 0.01932478 0.220749
v 0.6012563 0.02011025 0.2462167
v 0.6074363 -0.1338781 0.2526315
v 0.5842115 -0.05979002 0.2758804
v 0.5775598 -0.05927372 0.316423
v 0.5766811 0.1050605 0.3141861
v 0.5833328 0.1045442 0.2736434
v 0.5233934 -0.06025088 0.2659081
v 0.5225146 0.1040833 0.2636711
v 0.515863 0.1045996 0.3042138
v 0.5167418 -0.05973458 0.3064508
v -1.207692 -0.03711796 0.1812341
v -1.212245 -0.1038166 0.1999076
v -1.220737 -0.1032742 0.1984358
v -1.204175 -0.1045992 0.1969359
v -1.198689 -0.1054122 0.1903169
v -1.197257 -0.1060379 0.1818242
v -1.200262 -0.1063085 0.1737334
v -1.2069 -0.1061515 0.1682123
v -1.215392 -0.1056091 0.1667405
v -1.223462 -0.1048265 0.1697122
v -1.228948 -0.1040134 0.1763312
v -1.23038 -0.1033878 0.1848239
v -1.227374 -0.1031172 0.1929147
v -1.202794 -0.03141034 0.2135799
v -1.206298 -0.09877062 0.2299646
v -1.214876 -0.09813988 0.2291973
v -1.198495 -0.09946609 0.2263303
v -1.193559 -0.10004 0.2192682
v -1.192812 -0.1003385 0.2106704
v -1.196454 -0.1002817 0.2028409
v -1.203509 -0.09988475 0.1978774
v -1.212087 -0.09925401 0.1971101
v -1.21989 -0.09855855 0.2007443
v -1.224826 -0.09798467 0.2078065
v -1.225573 -0.09768605 0.2164043
v -1.221931 -0.09774292 0.2242338
v -1.160874 -0.01939142 0.2811502
v -1.173928 -0.08559108 0.297439
v -1.181197 -0.08491468 0.292827
v -1.165358 -0.08659077 0.2977868
v -1.157783 -0.08764589 0.2937773
v -1.153233 -0.08847368 0.2864847
v -1.152927 -0.08885241 0.2778631
v -1.156948 -0.08868062 0.2702227
v -1.164217 -0.08800423 0.2656106
v -1.172787 -0.08700454 0.2652628
v -1.180362 -0.08594942 0.2692724
v -1.184912 -0.08512163 0.276565
v -1.185217 -0.0847429 0.2851866
v -1.186039 -0.02461827 0.260696
v -1.19785 -0.09076059 0.278127
v -1.20522 -0.09024501 0.2736552
v -1.189262 -0.09163976 0.2783136
v -1.181756 -0.09264696 0.2741652
v -1.177343 -0.09351242 0.2667932
v -1.177206 -0.09400415 0.258173
v -1.181381 -0.09399045 0.2506143
v -1.188751 -0.09347486 0.2461426
v -1.197339 -0.0925957 0.2459559
v -1.204845 -0.0915885 0.2501043
v -1.209258 -0.09072304 0.2574763
v -1.209395 -0.0902313 0.2660965
v -1.218389 -0.01309919 0.3061583
v -1.224428 -0.07949841 0.3254665
v -1.232871 -0.07884479 0.3237787
v -1.2163 -0.08043778 0.3227048
v -1.210666 -0.081411 0.3162334
v -1.209035 -0.08215749 0.3077864
v -1.211845 -0.08247709 0.2996272
v -1.218341 -0.08228421 0.2939419
v -1.226785 -0.08163059 0.292254
v -1.234913 -0.08069122 0.2950158
v -1.240547 -0.07971799 0.3014872
v -1.242177 -0.07897151 0.3099342
v -1.239368 -0.07865191 0.3180934
v -0.4687898 -0.06365108 0.6320212
v -0.44899 -0.06397891 0.6086726
v -0.4511357 0.007300973 0.6058524
v -0.4709354 0.007628798 0.6292008
v -0.4093353 -0.06110477 0.6814972
v -0.4105834 0.01021755 0.6792754
v -0.3893822 0.009900689 0.6571914
v -0.3881341 -0.06142175 0.6594132
v -0.4303419 0.02893794 0.6411858
v -0.3882462 -0.0595063 0.6863071
v -0.373409 -0.0577389 0.6595858
v -0.3777583 0.01345944 0.6618799
v -0.3925954 0.01169205 0.6886013
v -0.320319 -0.05775261 0.7233483
v -0.3236721 0.01348495 0.7260565
v -0.3072134 0.01523876 0.7003013
v -0.3038604 -0.0559988 0.697593
v -0.3509572 0.03370261 0.6938316
v -0.9380754 0.05125582 0.609201
v -0.9372861 -0.01469207 0.6308435
v -0.9455686 -0.01368189 0.6330684
v -0.9312772 -0.0160023 0.6247818
v -0.9291519 -0.01726174 0.6165074
v -0.9314796 -0.01813269 0.6082375
v -0.9376366 -0.01838195 0.602188
v -0.9459733 -0.01794255 0.5999798
v -0.9542556 -0.01693237 0.6022046
v -0.9602646 -0.01562214 0.6082664
v -0.9623899 -0.01436269 0.6165407
v -0.9600623 -0.01349175 0.6248106
v -0.9539052 -0.0132426 0.6308602
v -0.8979728 0.04230297 0.5614035
v -0.9047974 -0.02315915 0.5834552
v -0.9133298 -0.02219617 0.5825392
v -0.8970106 -0.02452898 0.5799829
v -0.8920559 -0.02593899 0.5730524
v -0.8912609 -0.02701104 0.5645208
v -0.8948386 -0.02745807 0.5566742
v -0.9018304 -0.02716017 0.5516151
v -0.9103628 -0.02619731 0.550699
v -0.9181496 -0.02482736 0.5541714
v -0.9231043 -0.02341747 0.5611019
v -0.9238994 -0.02234542 0.5696334
v -0.9203216 -0.02189839 0.57748
v -0.9659917 0.03168917 0.5198306
v -0.9642701 -0.03534794 0.5377527
v -0.9722639 -0.03434896 0.5408622
v -0.9589317 -0.03640604 0.5310482
v -0.9576794 -0.03723979 0.5225449
v -0.9608486 -0.03762579 0.5145215
v -0.9675901 -0.03746057 0.5091276
v -0.9760976 -0.03678834 0.5078087
v -0.9840915 -0.03578937 0.5109181
v -0.9894298 -0.03473127 0.5176227
v -0.9906821 -0.03389752 0.526126
v -0.9875129 -0.03351152 0.5341494
v -0.9807714 -0.03367686 0.5395433
v -0.9849778 0.02599311 0.4931869
v -0.9831522 -0.04032278 0.513608
v -0.9913855 -0.03942025 0.5160505
v -0.9772826 -0.0414753 0.5073799
v -0.9753496 -0.04256904 0.4990351
v -0.9778711 -0.04331088 0.4908095
v -0.9841714 -0.04350209 0.4849072
v -0.9925625 -0.04309154 0.4829096
v -1.000796 -0.042189 0.4853521
v -1.006665 -0.04103649 0.4915802
v -1.008598 -0.03994274 0.499925
v -1.006077 -0.03920078 0.5081506
v -0.9997766 -0.03900957 0.5140529
v -0.9297828 0.0380466 0.5544037
v -0.9349847 -0.02740502 0.5769242
v -0.9435501 -0.0265975 0.5761822
v -0.927249 -0.02865636 0.5732964
v -0.9224157 -0.0300163 0.5662708
v -0.9217799 -0.03112054 0.5577301
v -0.925512 -0.03167307 0.5499625
v -0.932612 -0.03152585 0.5450495
v -0.9411774 -0.03071833 0.5443076
v -0.9489132 -0.02946699 0.5479354
v -0.9537464 -0.02810705 0.554961
v -0.9543822 -0.02700281 0.5635017
v -0.95065 -0.02645028 0.5712693
v -0.8163095 0.03614914 0.6308408
v -0.8192929 -0.03027153 0.6507792
v -0.8278876 -0.02968919 0.6501789
v -0.8115751 -0.03114796 0.6470063
v -0.806802 -0.03208375 0.639871
v -0.8062528 -0.03282809 0.6312854
v -0.8100746 -0.03318167 0.6235499
v -0.8172432 -0.03304958 0.6187372
v -0.825838 -0.03246725 0.618137
v -0.8335558 -0.0315907 0.62191
v -0.8383288 -0.03065491 0.6290451
v -0.838878 -0.02991056 0.6376308
v -0.8350562 -0.02955711 0.6453663
v -0.8242226 0.04691756 0.6862251
v -0.8212158 -0.01978636 0.7051904
v -0.8294924 -0.01911128 0.7075589
v -0.8152558 -0.02067614 0.6990052
v -0.8132096 -0.02154195 0.6906607
v -0.8156254 -0.02215195 0.6823926
v -0.8218558 -0.02234268 0.6764165
v -0.8302315 -0.0220629 0.6743337
v -0.8385081 -0.02138782 0.6767021
v -0.8444681 -0.02049804 0.6828873
v -0.8465143 -0.01963222 0.6912318
v -0.8440986 -0.01902223 0.6994998
v -0.8378681 -0.01883149 0.705476
v -0.7845427 0.04106402 0.637602
v -0.7891543 -0.02539647 0.6570921
v -0.797723 -0.02465105 0.6563237
v -0.7813798 -0.02639604 0.6534691
v -0.7764827 -0.0273819 0.6464252
v -0.7757751 -0.02808988 0.6378481
v -0.7794467 -0.02833021 0.630036
v -0.7865136 -0.02803862 0.6250819
v -0.7950823 -0.02729321 0.6243135
v -0.8028567 -0.02629364 0.6279366
v -0.8077539 -0.02530777 0.6349803
v -0.8084615 -0.02459991 0.6435574
v -0.8047899 -0.02435946 0.6513697
v -0.8527936 0.03010201 0.5965023
v -0.8488747 -0.03751433 0.6116949
v -0.8568504 -0.03687704 0.6149431
v -0.8436013 -0.0381465 0.6048861
v -0.8424432 -0.03860402 0.596341
v -0.8457107 -0.03876424 0.5883493
v -0.8525283 -0.03858435 0.5830525
v -0.8610691 -0.03811252 0.5818697
v -0.8690448 -0.03747523 0.5851178
v -0.8743182 -0.03684306 0.5919267
v -0.8754764 -0.03638554 0.6004717
v -0.8722089 -0.03622532 0.6084634
v -0.8653913 -0.03640521 0.6137602
v -0.8719734 0.02490997 0.5698943
v -0.8679369 -0.04208219 0.5876113
v -0.8761584 -0.04152179 0.5901922
v -0.8621231 -0.04281187 0.5812681
v -0.8602749 -0.04351521 0.5728623
v -0.8628875 -0.04400373 0.5646461
v -0.8692608 -0.04414666 0.5588212
v -0.8776872 -0.04390562 0.5569484
v -0.8859087 -0.04334509 0.5595293
v -0.8917224 -0.04261553 0.5658726
v -0.8935706 -0.0419122 0.5742784
v -0.890958 -0.04142356 0.5824945
v -0.8845847 -0.04128075 0.5883194
v -1.081782 0.02003658 0.518481
v -1.069772 -0.04694998 0.5321448
v -1.076783 -0.04680562 0.5371846
v -1.06622 -0.04731917 0.5242823
v -1.067079 -0.04781449 0.5157042
v -1.072118 -0.04830301 0.5087086
v -1.079988 -0.04865384 0.5051703
v -1.088578 -0.04877317 0.5060372
v -1.095589 -0.04862881 0.511077
v -1.099141 -0.0482595 0.5189395
v -1.098282 -0.0477643 0.5275177
v -1.093243 -0.04727578 0.5345132
v -1.085373 -0.04692483 0.5380516
v -1.055436 0.02571702 0.5378823
v -1.044306 -0.04186165 0.5491688
v -1.050876 -0.04163885 0.5547673
v -1.041416 -0.04215157 0.5410362
v -1.042983 -0.042431 0.5325489
v -1.048586 -0.04262495 0.5259808
v -1.056723 -0.04268157 0.5230919
v -1.065215 -0.04258561 0.5246563
v -1.071786 -0.04236281 0.5302547
v -1.074675 -0.04207289 0.5383872
v -1.073109 -0.04179347 0.5468746
v -1.067506 -0.04159951 0.5534427
v -1.059368 -0.04154289 0.5563316
v -1.000817 0.04252076 0.6145872
v -0.9894027 -0.02424335 0.6297665
v -0.9965367 -0.02398396 0.6346251
v -0.9856564 -0.02476811 0.6220038
v -0.9863017 -0.02541757 0.6134171
v -0.9911657 -0.02601755 0.6063073
v -0.9989451 -0.02640748 0.6025792
v -1.007555 -0.0264827 0.603232
v -1.014689 -0.02622318 0.6080908
v -1.018436 -0.02569842 0.6158533
v -1.01779 -0.02504909 0.62444
v -1.012926 -0.02444911 0.6315498
v -1.005147 -0.02405918 0.6352779
v -1.01028 0.03293443 0.5592289
v -1.004254 -0.03383625 0.5772153
v -1.012618 -0.03364086 0.5793526
v -0.9980833 -0.034302 0.5711925
v -0.9957595 -0.03491354 0.5628983
v -0.9979054 -0.03550696 0.5545549
v -1.003946 -0.03592312 0.548398
v -1.012263 -0.03605056 0.5460774
v -1.020627 -0.03585529 0.5482148
v -1.026798 -0.03538942 0.5542375
v -1.029122 -0.03477788 0.5625317
v -1.026976 -0.03418458 0.570875
v -1.020935 -0.03376842 0.577032
v -0.9782149 0.03920531 0.5558408
v -0.9738724 -0.02767348 0.5739104
v -0.9822712 -0.02731156 0.5758846
v -0.9675959 -0.0282619 0.5680087
v -0.9651237 -0.02891898 0.559761
v -0.9671181 -0.02946877 0.5513772
v -0.9730447 -0.02976394 0.5451037
v -0.9813154 -0.02972543 0.5426214
v -0.9897143 -0.02936351 0.5445956
v -0.9959907 -0.02877522 0.5504973
v -0.9984629 -0.02811813 0.5587449
v -0.9964685 -0.02756822 0.5671288
v -0.9905419 -0.02727306 0.5734023
v -0.6925872 0.02091038 0.6656113
v -0.6808048 -0.04640484 0.6777757
v -0.6878692 -0.04637241 0.6827418
v -0.6771688 -0.04658866 0.6699454
v -0.6779355 -0.04687476 0.6613488
v -0.6828994 -0.04718637 0.6542897
v -0.6907305 -0.04743993 0.6506594
v -0.6993303 -0.04756773 0.6514306
v -0.7063947 -0.04753542 0.6563967
v -0.7100306 -0.0473516 0.6642271
v -0.7092639 -0.0470655 0.6728235
v -0.7043 -0.04675388 0.6798828
v -0.696469 -0.04650021 0.683513
v -0.666445 0.02608085 0.6854272
v -0.6555176 -0.04176748 0.6951913
v -0.6621482 -0.0416708 0.7007225
v -0.6525412 -0.04186451 0.6870857
v -0.6540164 -0.04193592 0.6785777
v -0.6595482 -0.04196262 0.6719469
v -0.6676541 -0.04193747 0.66897
v -0.6761623 -0.04186714 0.6704447
v -0.6827929 -0.04177046 0.6759759
v -0.6857694 -0.04167342 0.6840814
v -0.684294 -0.04160202 0.6925895
v -0.6787624 -0.04157531 0.6992203
v -0.6706564 -0.04160047 0.7021972
v -0.5894065 0.03901815 0.7045376
v -0.5853389 -0.02828503 0.7210264
v -0.5937581 -0.02795887 0.7229183
v -0.5789998 -0.02873933 0.7151802
v -0.5764394 -0.02919996 0.706946
v -0.5783438 -0.02954364 0.6985303
v -0.5842026 -0.02967823 0.692188
v -0.5924461 -0.0295676 0.6896186
v -0.6008653 -0.02924144 0.6915104
v -0.6072044 -0.02878714 0.6973567
v -0.6097648 -0.02832639 0.7055907
v -0.6078604 -0.02798271 0.7140064
v -0.6020015 -0.02784824 0.7203487
v -0.6126376 0.04094231 0.7631004
v -0.6014674 -0.02618647 0.7767787
v -0.6086532 -0.02603436 0.7815652
v -0.5976381 -0.02652836 0.7690464
v -0.5981914 -0.0269686 0.7604401
v -0.6029791 -0.02738917 0.7532659
v -0.6107182 -0.02767742 0.7494459
v -0.6193351 -0.02775598 0.7500041
v -0.6265209 -0.02760386 0.7547904
v -0.6303502 -0.02726197 0.7625227
v -0.6297969 -0.02682173 0.771129
v -0.6250092 -0.02640116 0.7783033
v -0.6172701 -0.02611303 0.7821232
v -0.6215141 0.03271353 0.7074273
v -0.6157619 -0.03448188 0.7238537
v -0.6241485 -0.03432631 0.7259049
v -0.6095269 -0.03481066 0.7178882
v -0.6071144 -0.03522444 0.7096071
v -0.6091708 -0.03561234 0.7012292
v -0.615145 -0.03587043 0.6949993
v -0.6234363 -0.03592968 0.6925869
v -0.6318229 -0.03577411 0.6946381
v -0.6380578 -0.03544533 0.7006036
v -0.6404703 -0.03503156 0.7088847
v -0.638414 -0.03464365 0.7172626
v -0.6324398 -0.03438544 0.7234925
v -0.5134141 0.04522443 0.8298984
v -0.5025884 -0.02066791 0.8488497
v -0.5099558 -0.02021003 0.8533309
v -0.4984596 -0.02154851 0.8413166
v -0.4986757 -0.02261591 0.8327502
v -0.5031787 -0.02358413 0.8254459
v -0.5107622 -0.02419364 0.8213607
v -0.519394 -0.02428114 0.8215894
v -0.5267614 -0.02382326 0.8260705
v -0.5308902 -0.02294266 0.8336036
v -0.530674 -0.02187526 0.8421699
v -0.526171 -0.02090704 0.8494743
v -0.5185876 -0.02029753 0.8535595
v -0.4879121 0.03918552 0.7725734
v -0.4842926 -0.02671754 0.7940634
v -0.4927801 -0.02630341 0.7955996
v -0.4777291 -0.0275588 0.7885153
v -0.4748483 -0.02860165 0.7804418
v -0.4764221 -0.02956665 0.7720062
v -0.4820288 -0.03019524 0.7654687
v -0.4901661 -0.03031909 0.7625811
v -0.4986536 -0.02990496 0.7641172
v -0.5052171 -0.02906382 0.7696654
v -0.5080978 -0.02802098 0.7777389
v -0.506524 -0.02705598 0.7861745
v -0.5009173 -0.02642727 0.7927121
v -0.5641086 0.02445006 0.751491
v -0.5533708 -0.04244554 0.7665843
v -0.5602123 -0.04198563 0.7718332
v -0.5500803 -0.04311395 0.7586285
v -0.5512226 -0.04381168 0.7500975
v -0.5564915 -0.04435182 0.7432773
v -0.5644752 -0.04458976 0.7399952
v -0.5730346 -0.04446149 0.7411308
v -0.5798761 -0.0440017 0.7463797
v -0.5831665 -0.04333329 0.7543355
v -0.5820243 -0.04263556 0.7628665
v -0.5767553 -0.0420953 0.7696867
v -0.5687716 -0.04185748 0.7729688
v -0.589443 0.01770329 0.7311081
v -0.5779461 -0.04848146 0.7485878
v -0.5851987 -0.0481292 0.7532614
v -0.574007 -0.04921257 0.7409381
v -0.5744371 -0.05012679 0.732362
v -0.5791211 -0.0509789 0.7251577
v -0.5868039 -0.05154085 0.7212554
v -0.5954269 -0.05166185 0.7217008
v -0.6026795 -0.05130959 0.7263744
v -0.6066185 -0.05057836 0.7340242
v -0.6061884 -0.04966426 0.7426002
v -0.6015044 -0.04881203 0.7498045
v -0.5938216 -0.0482502 0.7537068
v -0.5200892 0.03292227 0.7746706
v -0.5147843 -0.03286815 0.7961559
v -0.523245 -0.03261232 0.7978646
v -0.5083206 -0.0335933 0.7904758
v -0.5055858 -0.03459358 0.7823462
v -0.5073129 -0.0356009 0.7739457
v -0.5130389 -0.03634536 0.7675247
v -0.5212296 -0.03662753 0.7648042
v -0.5296903 -0.03637171 0.7665129
v -0.536154 -0.03564644 0.772193
v -0.5388886 -0.03464615 0.7803226
v -0.5371616 -0.03363883 0.7887231
v -0.5314357 -0.03289437 0.7951441
v -0.3257526 0.06227696 0.9555464
v -0.3074157 -0.003761172 0.9665405
v -0.3095844 -0.002606511 0.9748188
v -0.3097099 -0.005158186 0.9583335
v -0.3158521 -0.006423354 0.9523971
v -0.3241967 -0.007217526 0.9503219
v -0.3325076 -0.007328033 0.9526639
v -0.338558 -0.006725073 0.9587957
v -0.3407266 -0.005570531 0.967074
v -0.3384325 -0.004173398 0.975281
v -0.3322902 -0.002908349 0.9812174
v -0.3239457 -0.002114177 0.9832926
v -0.3156348 -0.00200367 0.9809506
v -0.3960351 0.05468011 0.9996127
v -0.378593 -0.01240146 1.003351
v -0.3775666 -0.01128817 1.011852
v -0.3837628 -0.01352918 0.9965264
v -0.3916907 -0.01436889 0.9932079
v -0.4002524 -0.01469576 0.9942844
v -0.4071538 -0.0144223 0.9994674
v -0.4105458 -0.01362157 1.007368
v -0.4095193 -0.01250815 1.01587
v -0.4043496 -0.01138055 1.022694
v -0.3964217 -0.01054084 1.026012
v -0.38786 -0.01021385 1.024936
v -0.3809586 -0.01048744 1.019753
v -0.3662927 0.05862379 0.9853777
v -0.35136 -0.009077072 0.9888059
v -0.3496317 -0.007902265 0.9971845
v -0.3570859 -0.01007211 0.982419
v -0.3652753 -0.01062071 0.9797353
v -0.3737336 -0.01057589 0.9814738
v -0.3801947 -0.009949684 0.9871687
v -0.3829271 -0.008909822 0.995294
v -0.3811988 -0.007735014 1.003673
v -0.3754729 -0.006739974 1.010059
v -0.3672836 -0.006191373 1.012743
v -0.3588252 -0.006236196 1.011005
v -0.3523641 -0.006862402 1.00531
v -0.2726663 0.07364571 0.9728252
v -0.2541842 0.006922722 0.9777843
v -0.2533756 0.008153796 0.986293
v -0.2591733 0.005625844 0.9708564
v -0.2670062 0.004610777 0.9673657
v -0.275584 0.004149437 0.9682477
v -0.2826082 0.004365563 0.9732659
v -0.2861968 0.005201101 0.9810756
v -0.2853882 0.006432176 0.9895843
v -0.280399 0.007729053 0.9965122
v -0.2725662 0.008744121 1.000003
v -0.2639884 0.009205461 0.999121
v -0.2569641 0.008989334 0.9941027
v -0.3131972 0.0650686 0.9253213
v -0.2956015 -0.0009013414 0.9378318
v -0.2979289 0.0004141331 0.9460428
v -0.2977393 -0.002424717 0.929605
v -0.3037693 -0.003747821 0.9235672
v -0.3120759 -0.004516244 0.9213358
v -0.3204333 -0.004524112 0.9235089
v -0.3266021 -0.003769159 0.9295043
v -0.3289295 -0.002453804 0.9377153
v -0.3267918 -0.0009304285 0.9459419
v -0.3207617 0.0003927946 0.9519799
v -0.3124552 0.001161218 0.9542112
v -0.3040978 0.001169086 0.9520382
v -0.4338995 0.1290736 0.943543
v -0.4577419 -0.01397896 0.9765898
v -0.4665849 -0.01544225 0.9604011
v -0.4419563 -0.01310337 0.9862056
v -0.4234579 -0.0130502 0.9866717
v -0.4072031 -0.01383376 0.9778636
v -0.3975477 -0.01524389 0.962141
v -0.3970785 -0.01690292 0.9437171
v -0.4059215 -0.01836622 0.9275284
v -0.4217071 -0.01924181 0.9179127
v -0.4402056 -0.01929498 0.9174465
v -0.4564603 -0.01851141 0.9262546
v -0.4661158 -0.01710129 0.9419771
v -1.041262 -0.04291761 -0.485471
v -1.063134 -0.1072526 -0.4713027
v -1.067427 -0.1070541 -0.4787928
v -1.055738 -0.1081852 -0.4669446
v -1.04722 -0.1096017 -0.4668862
v -1.039863 -0.1111228 -0.4711432
v -1.035637 -0.1123409 -0.478575
v -1.035676 -0.1129296 -0.4871901
v -1.039969 -0.112731 -0.4946803
v -1.047365 -0.1117984 -0.4990384
v -1.055883 -0.1103818 -0.4990968
v -1.063241 -0.1088607 -0.4948397
v -1.067466 -0.1076427 -0.487408
v -1.02875 -0.03619647 -0.455852
v -1.051168 -0.1006746 -0.4432761
v -1.055298 -0.1003284 -0.4508518
v -1.043871 -0.1017134 -0.4387775
v -1.035361 -0.1031666 -0.4385614
v -1.02792 -0.1046448 -0.4426857
v -1.023541 -0.1057518 -0.4500454
v -1.023397 -0.106191 -0.4586683
v -1.027527 -0.1058449 -0.466244
v -1.034824 -0.1048061 -0.4707426
v -1.043334 -0.1033529 -0.4709587
v -1.050775 -0.1018747 -0.4668344
v -1.055154 -0.1007677 -0.4594747
v -1.09084 -0.02733409 -0.4621222
v -1.108565 -0.09181535 -0.4435173
v -1.115126 -0.0912354 -0.4491017
v -1.100163 -0.09305263 -0.441953
v -1.092172 -0.09461558 -0.4448278
v -1.086732 -0.09608531 -0.4513715
v -1.085302 -0.09706831 -0.4598306
v -1.088264 -0.09730089 -0.4679386
v -1.094825 -0.09672081 -0.4735229
v -1.103227 -0.09548354 -0.4750873
v -1.111218 -0.09392071 -0.4722124
v -1.116658 -0.09245086 -0.4656688
v -1.118088 -0.09146798 -0.4572096
v -1.033706 -0.05351758 -0.5342292
v -1.047854 -0.1192243 -0.5168914
v -1.054975 -0.1185883 -0.5217346
v -1.039308 -0.1202893 -0.5162631
v -1.031626 -0.1214983 -0.520018
v -1.026868 -0.1225271 -0.5271499
v -1.026307 -0.1231 -0.5357479
v -1.030095 -0.1230638 -0.5435082
v -1.037215 -0.1224278 -0.5483513
v -1.045762 -0.1213628 -0.5489796
v -1.053443 -0.1201539 -0.5452248
v -1.058202 -0.119125 -0.5380929
v -1.058763 -0.1185521 -0.5294948
v -1.02278 -0.0618912 -0.5644504
v -1.038912 -0.1267369 -0.545664
v -1.045624 -0.1262491 -0.551075
v -1.030453 -0.1278352 -0.5443218
v -1.022513 -0.1292496 -0.5474081
v -1.01722 -0.1306012 -0.5540957
v -1.015992 -0.1315278 -0.562593
v -1.019158 -0.1317811 -0.5706228
v -1.02587 -0.1312933 -0.5760338
v -1.03433 -0.130195 -0.5773759
v -1.04227 -0.1287806 -0.5742897
v -1.047563 -0.127429 -0.567602
v -1.048791 -0.1265024 -0.5591048
v -1.148695 -0.06577945 -0.6848837
v -1.161141 -0.1304796 -0.6630406
v -1.168141 -0.1304535 -0.6680968
v -1.152585 -0.1311951 -0.6621177
v -1.144766 -0.1324084 -0.6655755
v -1.139778 -0.1337943 -0.6724874
v -1.13896 -0.1349815 -0.6810014
v -1.142528 -0.1356519 -0.6888362
v -1.149528 -0.1356258 -0.6938924
v -1.158084 -0.1349103 -0.6948153
v -1.165904 -0.133697 -0.6913575
v -1.170891 -0.1323111 -0.6844456
v -1.17171 -0.1311239 -0.6759316
v -1.158361 -0.05674374 -0.6544249
v -1.168868 -0.1222786 -0.6341045
v -1.176253 -0.1221 -0.6385772
v -1.160264 -0.1229837 -0.6338999
v -1.152746 -0.1240263 -0.6380181
v -1.148328 -0.1251271 -0.6453557
v -1.148195 -0.1259911 -0.6539466
v -1.152381 -0.1263868 -0.661489
v -1.159766 -0.1262082 -0.6659617
v -1.16837 -0.1255031 -0.6661663
v -1.175888 -0.1244605 -0.6620481
v -1.180305 -0.1233597 -0.6547105
v -1.180439 -0.1224957 -0.6461195
v -1.212676 -0.03020918 -0.580296
v -1.226736 -0.09461462 -0.5585611
v -1.233598 -0.09449685 -0.5638016
v -1.21822 -0.09546304 -0.5574087
v -1.210332 -0.09681487 -0.5606532
v -1.205186 -0.09830797 -0.5674251
v -1.204161 -0.09954202 -0.5759101
v -1.207531 -0.1001866 -0.5838345
v -1.214393 -0.1000688 -0.589075
v -1.222909 -0.09922028 -0.5902274
v -1.230797 -0.09786844 -0.586983
v -1.235943 -0.09637547 -0.580211
v -1.236968 -0.09514141 -0.571726
v -1.150031 -0.03639221 -0.5770687
v -1.169089 -0.1011987 -0.5610985
v -1.17362 -0.1012918 -0.5684488
v -1.16153 -0.1017853 -0.5569652
v -1.152968 -0.1028944 -0.5571567
v -1.145698 -0.1042289 -0.5616214
v -1.141668 -0.105431 -0.5691633
v -1.141957 -0.1061786 -0.5777613
v -1.146488 -0.1062716 -0.5851117
v -1.154047 -0.105685 -0.5892449
v -1.162609 -0.104576 -0.5890535
v -1.169879 -0.1032416 -0.5845886
v -1.17391 -0.1020395 -0.5770469
v -1.163787 -0.04467607 -0.6057246
v -1.182224 -0.1092602 -0.5881994
v -1.186906 -0.1095039 -0.5954505
v -1.174577 -0.1097419 -0.5842153
v -1.166017 -0.1108199 -0.5845659
v -1.158836 -0.1122053 -0.589157
v -1.154958 -0.1135269 -0.5967587
v -1.155423 -0.1144308 -0.605334
v -1.160106 -0.1146744 -0.6125852
v -1.167752 -0.1141927 -0.6165693
v -1.176313 -0.1131147 -0.6162187
v -1.183494 -0.1117293 -0.6116275
v -1.187371 -0.1104076 -0.6040258
v 0.2515383 -0.0358361 0.5924585
v 0.2418478 -0.038993 0.6521308
v 0.2411599 -0.06550825 0.6488297
v 0.2536677 -0.06773424 0.5934668
v 0.2875736 -0.03443563 0.6637167
v 0.2853118 -0.06116807 0.6618617
v 0.3175224 -0.03452301 0.6668884
v 0.3146703 -0.0608021 0.6622883
v 0.3404217 -0.03466761 0.646919
v 0.3364103 -0.05973983 0.6457582
v 0.3472012 -0.03400564 0.6195056
v 0.3437834 -0.06358874 0.6198165
v 0.349478 -0.03542304 0.609937
v 0.3517549 -0.03684032 0.6003684
v 0.3546279 -0.0681349 0.6009815
v 0.350056 -0.03680325 0.5805748
v 0.3424005 -0.0364337 0.5677502
v 0.3345847 -0.06943536 0.5607355
v 0.3479299 -0.0639751 0.5825943
v 0.3364449 -0.03556871 0.5545925
v 0.3298795 -0.03401661 0.5412025
v 0.3296925 -0.06767154 0.5405307
v 0.3149296 -0.03505063 0.5390338
v 0.3175554 -0.06758738 0.5394592
v 0.2837438 -0.03649807 0.5491669
v 0.2875215 -0.072438 0.5528673
v 0.2628748 -0.0363102 0.5612592
v 0.2612282 -0.0709337 0.5613683
v 0.2784932 -0.03586257 0.6080168
v 0.3061764 -0.03586662 0.585598
v 0.300144 -0.03564072 0.6201863
v 0.1935869 0.04211819 0.5008187
v 0.1822695 0.04192126 0.4962175
v 0.1764871 0.03367388 0.5143605
v 0.1878022 0.03397977 0.5189618
v 0.1948956 0.05391538 0.5001935
v 0.1873603 0.05397344 0.5187196
v 0.1760453 0.05366755 0.5141182
v 0.1835806 0.05360949 0.4955921
v 0.1610323 0.06816399 0.6056941
v 0.1651504 0.06809926 0.6025585
v 0.156734 -0.04663217 0.5938731
v 0.1526159 -0.04656744 0.5970087
v 0.1671601 0.06831264 0.597793
v 0.1587437 -0.04641879 0.5891076
v 0.1665228 0.06874681 0.5926744
v 0.1581064 -0.04598451 0.583989
v 0.1634094 0.06928563 0.5885742
v 0.154993 -0.0454458 0.5798888
v 0.1586541 0.06978464 0.5865911
v 0.1502376 -0.04494679 0.5779058
v 0.153531 0.07011008 0.5872566
v 0.1451145 -0.04462135 0.5785712
v 0.1494128 0.07017481 0.5903921
v 0.1409964 -0.04455662 0.5817068
v 0.1474032 0.06996143 0.5951577
v 0.1389867 -0.04477 0.5864724
v 0.1480404 0.06952715 0.6002764
v 0.139624 -0.04520416 0.591591
v 0.1511538 0.06898844 0.6043764
v 0.1427374 -0.04574299 0.5956911
v 0.1559092 0.06848943 0.6063595
v 0.1474928 -0.046242 0.5976741
v 0.1359335 0.07314348 0.5427881
v 0.140153 0.07301736 0.5397923
v 0.1387122 -0.05083001 0.5429775
v 0.1344927 -0.05070376 0.5459732
v 0.1423083 0.07287121 0.5350883
v 0.1408674 -0.05097604 0.5382733
v 0.1418218 0.07274437 0.5299363
v 0.140381 -0.05110288 0.5331215
v 0.138824 0.07267082 0.525717
v 0.1373831 -0.05117643 0.5289022
v 0.1341181 0.0726701 0.5235609
v 0.1326772 -0.05117714 0.526746
v 0.1289649 0.07274246 0.5240457
v 0.127524 -0.05110478 0.5272309
v 0.1247454 0.0728687 0.5270416
v 0.1233046 -0.05097866 0.5302266
v 0.1225901 0.07301474 0.5317456
v 0.1211493 -0.05083251 0.5349307
v 0.1230766 0.07314157 0.5368975
v 0.1216357 -0.05070567 0.5400826
v 0.1260744 0.07321513 0.5411168
v 0.1246336 -0.05063212 0.5443019
v 0.1307804 0.07321584 0.543273
v 0.1293395 -0.0506314 0.546458
v 0.1741689 0.05683875 0.530622
v 0.1787058 0.05678415 0.5331138
v 0.1781487 -0.0654608 0.5314471
v 0.1736119 -0.0654062 0.5289552
v 0.1838809 0.0567621 0.5330034
v 0.1833239 -0.06548285 0.5313367
v 0.1883077 0.05677843 0.5303205
v 0.1877507 -0.06546652 0.5286537
v 0.1908 0.05682898 0.5257839
v 0.190243 -0.06541598 0.5241172
v 0.19069 0.05690002 0.5206091
v 0.190133 -0.06534493 0.5189425
v 0.1880071 0.05697262 0.5161829
v 0.1874501 -0.06527233 0.5145162
v 0.1834703 0.05702722 0.5136911
v 0.1829133 -0.06521773 0.5120244
v 0.1782951 0.05704927 0.5138015
v 0.1777381 -0.06519568 0.5121348
v 0.1738683 0.05703294 0.5164844
v 0.1733113 -0.06521201 0.5148177
v 0.171376 0.0569824 0.521021
v 0.170819 -0.06526256 0.5193542
v 0.171486 0.05691135 0.5261958
v 0.170929 -0.0653336 0.524529
v 0.2007326 0.06162584 0.5677769
v 0.2058308 0.06122887 0.5685805
v 0.1979274 -0.04795122 0.5647908
v 0.1928292 -0.04755425 0.5639873
v 0.2106534 0.06094432 0.5667212
v 0.2027499 -0.04823577 0.5629315
v 0.2139081 0.06084836 0.5626973
v 0.2060046 -0.04833174 0.5589076
v 0.2147229 0.06096673 0.5575868
v 0.2068194 -0.04821324 0.5537971
v 0.2128794 0.06126773 0.5527592
v 0.204976 -0.04791224 0.5489695
v 0.2088717 0.06167078 0.549508
v 0.2009682 -0.04750931 0.5457183
v 0.2037735 0.06206775 0.5487044
v 0.19587 -0.04711235 0.5449146
v 0.1989509 0.0623523 0.5505636
v 0.1910474 -0.04682779 0.5467739
v 0.1956962 0.06244826 0.5545876
v 0.1877927 -0.04673183 0.5507979
v 0.1948814 0.06232977 0.5596981
v 0.186978 -0.0468502 0.5559084
v 0.1967249 0.06202877 0.5645257
v 0.1888214 -0.04715121 0.5607361
v 0.1858914 -0.1404293 -1.151615
v 0.2412972 -0.1341829 -1.10241
v 0.2381794 -0.06011891 -1.108302
v 0.1827736 -0.06636536 -1.157506
v 0.1363902 -0.1381028 -1.09617
v 0.1332723 -0.06403875 -1.102062
v 0.1886781 -0.05779243 -1.052857
v 0.191796 -0.1318563 -1.046966
v 0.1864396 -0.03731227 -1.105914
v 0.1828843 0.03276324 0.5304331
v 0.1711138 0.03177273 0.5273073
v 0.1644042 0.04081309 0.5447394
v 0.176181 0.04169524 0.5478733
v 0.164579 0.05257559 0.5453222
v 0.1697771 0.05168724 0.5260299
v 0.1815476 0.05267763 0.5291557
v 0.1763495 0.05356622 0.548448
v 0.219201 0.04131687 0.5369198
v 0.2080337 0.04320192 0.5323339
v 0.2008592 0.03549612 0.5502161
v 0.2120428 0.03371882 0.5548056
v 0.2225082 0.05273068 0.5366666
v 0.2150242 0.05349147 0.555198
v 0.2038406 0.05526876 0.5506084
v 0.2113247 0.05450809 0.5320771
v 0.2069465 0.03299963 0.5662409
v 0.1951916 0.03413403 0.5631052
v 0.1900598 0.04363394 0.5808264
v 0.2018024 0.04239142 0.5839667
v 0.1922395 0.05516922 0.5817815
v 0.1972817 0.05401421 0.562462
v 0.2090365 0.05287981 0.5655978
v 0.2039943 0.05403495 0.5849172
v 0.1457899 0.05180669 0.5115662
v 0.1340791 0.05204606 0.5080884
v 0.1297536 0.04428005 0.5268395
v 0.1414666 0.04414952 0.5303158
v 0.1475267 0.06352723 0.5106237
v 0.1418453 0.06413901 0.5297899
v 0.1301323 0.06426954 0.5263138
v 0.1358138 0.06365776 0.5071474
v 0.1376454 0.04328823 0.5422285
v 0.1255948 0.04277253 0.5402761
v 0.1210057 0.0523082 0.5581264
v 0.1330589 0.05271542 0.560088
v 0.1217317 0.06405818 0.5584968
v 0.1249793 0.06270921 0.5388083
v 0.13703 0.06322479 0.5407609
v 0.1337824 0.064574 0.5604492
v 0.1583796 0.04135215 0.6034595
v 0.1464647 0.04058588 0.6008624
v 0.1406676 0.048545 0.6191291
v 0.1525886 0.04920256 0.6217272
v 0.1409353 0.06024837 0.6204278
v 0.1451761 0.06054437 0.6008849
v 0.157091 0.06131053 0.603482
v 0.1528502 0.06101477 0.6230251
v 0.1676682 0.05249774 0.573988
v 0.1561378 0.05261385 0.5699466
v 0.151207 0.04327226 0.5878086
v 0.1627355 0.04326487 0.5918568
v 0.1690092 0.06430781 0.5740287
v 0.1623919 0.06323624 0.5928719
v 0.1508633 0.06324351 0.5888237
v 0.1574807 0.0643152 0.5699806
v 0.1089565 -0.1519649 -1.215726
v 0.163425 -0.1459793 -1.165454
v 0.1613406 -0.07193506 -1.172011
v 0.1068722 -0.07792068 -1.222283
v 0.05837251 -0.1485707 -1.161323
v 0.05628818 -0.07452643 -1.167881
v 0.1107566 -0.06854081 -1.117609
v 0.112841 -0.142585 -1.111051
v 0.1098481 -0.04848158 -1.170866
v 0.03342815 -0.1720682 -1.277061
v 0.08788124 -0.1688149 -1.226522
v 0.08911566 -0.0947125 -1.232622
v 0.03466257 -0.09796584 -1.283161
v -0.01720026 -0.1667624 -1.222853
v -0.01596584 -0.09265995 -1.228953
v 0.03848725 -0.08940661 -1.178414
v 0.03725283 -0.163509 -1.172314
v 0.03871045 -0.06900239 -1.231547
v -0.04492209 -0.1620277 -1.384735
v 0.006695341 -0.1565058 -1.339433
v 0.006504711 -0.1178187 -1.343932
v -0.04511273 -0.1233406 -1.389234
v -0.0895658 -0.1564127 -1.334553
v -0.08975643 -0.1177256 -1.339051
v -0.038139 -0.1122037 -1.293749
v -0.03794837 -0.1508908 -1.28925
v -0.7216755 0.2067939 -0.3203334
v -0.6529114 0.1614953 -0.2578702
v -0.6165401 0.1837013 -0.3181055
v -0.8226116 0.2201637 -0.1599407
v -0.810446 0.2970414 -0.1826952
v -0.7672917 0.3465233 -0.08091821
v -0.7385982 0.222917 -0.1069019
v -0.774443 0.1888286 -0.2346131
v -0.6671894 0.2252572 -0.06182048
v -0.6381122 0.2063417 -0.1068966
v -0.6235737 0.196884 -0.1294347
v -0.6090352 0.1874262 -0.1519728
v -0.5850226 0.1718054 -0.1891978
v -0.57319 0.1641079 -0.207541
v -0.6747232 0.2866778 -0.3095158
v -0.6213174 0.3349267 -0.3102677
v -0.7438533 0.3608638 -0.2919975
v -0.7118484 0.2355931 -0.328887
v -0.7931421 0.3092916 -0.2934302
v -0.562855 0.1950263 -0.1834347
v -0.5633489 0.1936206 -0.1846858
v -0.5727225 0.1669421 -0.2084287
v -0.7440765 0.361009 -0.2916515
v -0.7940173 0.3934969 -0.214232
v -0.5569979 0.3402467 -0.2102612
v -0.6376916 0.4001218 -0.1255788
v -0.6516416 0.4380982 -0.1473833
v -0.6143806 0.3853705 -0.2322643
v -0.5565282 0.2256644 -0.2495306
v -0.5781174 0.2719563 -0.1145443
v -0.5428302 0.2520194 -0.1327128
v -0.7612835 0.4310244 -0.09411851
v -0.7665501 0.4305521 -0.09743944
v -0.7044305 0.4202614 -0.1767672
v -0.6475775 0.4094983 -0.2594159
v -0.726418 0.4341516 -0.07213354
v -0.6915525 0.4372789 -0.05014858
v -0.7108759 0.3811382 -0.05963734
v -0.6932094 0.345135 -0.03696682
v -0.6820399 0.2960781 -0.0465083
v -0.6316988 0.2516843 -0.2936057
v -0.6184283 0.2917496 -0.3108722
v -0.5576889 0.2580727 -0.2369726
v -0.5517684 0.2939616 -0.2482137
v -0.5397781 0.3017795 -0.181758
v -0.512725 0.3052148 -0.2215972
v -0.5267351 0.2441338 -0.2096649
v -0.6544601 0.4157532 -0.03835645
v -0.628826 0.3417637 -0.08731949
v -0.6146945 0.2568898 -0.0740779
v -0.6735525 0.426833 -0.0444262
v -0.626547 0.4181349 -0.09319389
v -0.5547904 0.3753384 -0.1186363
v -0.5974619 0.388095 -0.1222098
v -0.6355225 0.3994733 -0.1253972
v -0.5488103 0.313679 -0.1256745
v -0.5656349 0.2827456 -0.1062447
v -0.6819462 0.4306517 -0.06360178
v -0.5445957 0.3374411 -0.2618323
v -0.5564579 0.3401245 -0.2125066
v -0.5607522 0.3777559 -0.1138342
v -0.5577609 0.2576364 -0.2368359
v -0.9035479 0.2890834 -0.6766646
v -0.8393483 0.2467508 -0.6076103
v -0.797885 0.2746104 -0.6619142
v -1.024312 0.2867427 -0.5300244
v -1.016171 0.3653238 -0.548319
v -0.990402 0.4134445 -0.4402003
v -0.9480592 0.293933 -0.4666775
v -0.964738 0.2629294 -0.5990316
v -0.883247 0.3000445 -0.4128346
v -0.8472853 0.2856697 -0.4544909
v -0.8293045 0.2784822 -0.4753191
v -0.8113236 0.2712947 -0.4961473
v -0.7816256 0.2594235 -0.5305481
v -0.7669914 0.2535738 -0.5474997
v -0.8654315 0.3719655 -0.6571544
v -0.81675 0.4244142 -0.6494102
v -0.9423946 0.4393497 -0.6459517
v -0.8952855 0.3189541 -0.6828777
v -0.9864469 0.3840306 -0.6554558
v -0.7624481 0.2840941 -0.5211987
v -0.7626592 0.2827116 -0.5225513
v -0.7666665 0.2564746 -0.5482202
v -0.9426706 0.4394599 -0.6456321
v -1.004436 0.4641494 -0.5740861
v -0.7659936 0.4303852 -0.5419173
v -0.8614416 0.4794852 -0.4661117
v -0.8758447 0.5171523 -0.4881568
v -0.8239281 0.4716163 -0.5694249
v -0.750694 0.3181546 -0.5848314
v -0.7927511 0.3562644 -0.4521317
v -0.7538874 0.3401442 -0.4663624
v -0.9901928 0.4986712 -0.4495372
v -0.9949473 0.4979218 -0.4535149
v -0.9228411 0.4964176 -0.524621
v -0.8554894 0.4941641 -0.5997049
v -0.9587178 0.5036322 -0.423204
v -0.9272428 0.5085931 -0.3968709
v -0.9402806 0.4515531 -0.4107149
v -0.9224827 0.4161153 -0.3872695
v -0.9059888 0.3686302 -0.3970414
v -0.8218197 0.3399229 -0.637153
v -0.8100581 0.3816929 -0.6511675
v -0.7562168 0.3497468 -0.5713857
v -0.7521015 0.3864791 -0.5805088
v -0.7491435 0.3921896 -0.512834
v -0.717777 0.3996596 -0.5487668
v -0.7277796 0.3371518 -0.5408762
v -0.8901591 0.4896617 -0.3812295
v -0.8523228 0.4203531 -0.4291215
v -0.8325965 0.3364047 -0.4171981
v -0.909247 0.4994062 -0.3892805
v -0.855997 0.4968432 -0.4319575
v -0.7781927 0.4612893 -0.4495725
v -0.8210432 0.4706552 -0.4580857
v -0.8592635 0.4790092 -0.465679
v -0.76604 0.4007168 -0.4579675
v -0.7823778 0.3676475 -0.4419375
v -0.915507 0.5034016 -0.4092202
v -0.7471158 0.4309804 -0.5915613
v -0.7651717 0.4304111 -0.5440788
v -0.7848901 0.4629865 -0.4454845
v -0.7562668 0.3493003 -0.5712748
v -0.9905435 0.3489084 -0.4415603
v -0.8796065 0.247942 -0.426705
v -0.8741494 0.286972 -0.5268419
v -0.9813426 0.3476787 -0.164637
v -0.9541681 0.4588112 -0.1946171
v -0.8059721 0.4859817 -0.1024069
v -0.8407465 0.3126442 -0.1689734
v -0.9941274 0.3127466 -0.2969277
v -0.721244 0.2828659 -0.1726592
v -0.7289616 0.2617792 -0.2525168
v -0.7328203 0.2512358 -0.2924456
v -0.7366791 0.2406924 -0.3323744
v -0.7430525 0.2232783 -0.3983228
v -0.7461931 0.2146972 -0.4308198
v -0.8955314 0.4446942 -0.4591632
v -0.8142328 0.4978257 -0.4990059
v -0.9343031 0.5624343 -0.3745537
v -0.9741821 0.3890991 -0.4571249
v -1.013735 0.5041643 -0.3410206
v -0.7033993 0.2479991 -0.4072324
v -0.7054921 0.2465377 -0.4084721
v -0.7452063 0.2188036 -0.4319995
v -0.9342439 0.5625962 -0.3739408
v -0.9209887 0.5988133 -0.2367831
v -0.6598609 0.4578289 -0.4304252
v -0.6664701 0.5387146 -0.2568057
v -0.6846323 0.6022463 -0.2680678
v -0.7264963 0.5433804 -0.4058158
v -0.7344812 0.308851 -0.4891188
v -0.6383464 0.33948 -0.3043807
v -0.618558 0.3072473 -0.3569709
v -0.7757322 0.6066458 -0.1151189
v -0.7846609 0.6084211 -0.1148711
v -0.7762982 0.6005204 -0.262135
v -0.7768642 0.5943952 -0.4091511
v -0.7166235 0.5948948 -0.1167598
v -0.6575147 0.5831437 -0.1184008
v -0.7096325 0.5126277 -0.1194563
v -0.6856549 0.4505806 -0.1099927
v -0.6991233 0.381617 -0.1353043
v -0.8464761 0.3790981 -0.478434
v -0.8282941 0.4367183 -0.5062288
v -0.713475 0.3508387 -0.4699306
v -0.7009786 0.4028366 -0.4848686
v -0.6329146 0.3907171 -0.4138035
v -0.6302065 0.3999428 -0.4835563
v -0.6616167 0.3146696 -0.4636012
v -0.6132928 0.5392737 -0.1365055
v -0.6497235 0.44313 -0.2235175
v -0.6563671 0.3163916 -0.2272183
v -0.6360551 0.5618547 -0.1271866
v -0.6214675 0.5512497 -0.2251375
v -0.5733103 0.4791226 -0.3184315
v -0.6212621 0.5097961 -0.286711
v -0.6640326 0.5371554 -0.2584181
v -0.595934 0.393185 -0.3377012
v -0.613049 0.3486929 -0.3035249
v -0.6591119 0.5752196 -0.1430857
v -0.6858392 0.465832 -0.502966
v -0.6609919 0.4581772 -0.4335836
v -0.5757018 0.4827206 -0.3075494
v -0.7136269 0.3502065 -0.469749
v -0.392081 0.3467993 0.2301986
v -0.3209649 0.3001177 0.2507226
v -0.2970002 0.3588239 0.1458193
v -0.1140616 0.3181841 0.3182288
v -0.03427788 0.4489422 0.3298598
v -0.08946953 0.4130524 0.20219
v -0.08346992 0.3170897 0.2043929
v -0.3499938 0.3011562 0.358743
v -0.3235679 0.3034167 0.3658228
v -0.2699403 0.3080043 0.3801903
v -0.2374711 0.3107818 0.3888892
v -0.205002 0.3135593 0.3975882
v -0.1400637 0.3191144 0.4149859
v -0.1910455 0.3078873 0.1755719
v -0.2123216 0.5248302 0.1677686
v -0.3388771 0.5174809 0.2481774
v -0.3062229 0.4542952 0.2009713
v -0.1858237 0.459003 0.1216624
v -0.303792 0.395535 0.1492167
v -0.3502688 0.3047097 0.3586349
v -0.3324858 0.3303421 0.3893659
v -0.3315488 0.3316927 0.3909853
v -0.1002898 0.5344138 0.1977833
v -0.2118233 0.5248728 0.1679021
v -0.270583 0.5556049 0.326202
v -0.1584353 0.5881931 0.374768
v -0.1644892 0.5408398 0.4010759
v -0.3157882 0.5062199 0.3869822
v -0.3789813 0.3853008 0.3420163
v -0.2935592 0.3864512 0.4566359
v -0.2436549 0.3994381 0.4458759
v -0.1407765 0.5679841 0.3050438
v -0.0236531 0.5498152 0.3245462
v -0.02548832 0.5502287 0.3317088
v -0.2560646 0.5857394 0.2783789
v -0.05648782 0.4910672 0.3971756
v -0.0497888 0.5557033 0.4265426
v -0.03763851 0.5529659 0.3791257
v -0.09538909 0.3941476 0.4232983
v -0.06450366 0.446279 0.4274243
v -0.3541225 0.468533 0.2456852
v -0.3408984 0.4160923 0.24592
v -0.3625946 0.463966 0.3537914
v -0.3591119 0.4189687 0.3551599
v -0.3686827 0.4001577 0.4023242
v -0.3724591 0.475391 0.4093877
v -0.3196457 0.4569921 0.4216662
v -0.1593574 0.4650097 0.4354758
v -0.0786977 0.5331922 0.4644916
v -0.1855021 0.3661685 0.4498605
v -0.1440614 0.554491 0.4398402
v -0.06381748 0.5447793 0.4449582
v -0.1663956 0.5403583 0.4029168
v -0.1998489 0.5319107 0.4352205
v -0.2373548 0.5224395 0.4714374
v -0.265457 0.4544455 0.4640367
v -0.2449207 0.411395 0.4641851
v -0.07024587 0.5530524 0.4220006
v -0.3180098 0.5067537 0.3854651
v -0.3668137 0.5184804 0.3521334
v -0.2278646 0.5230829 0.4710219
v -0.3590696 0.4184216 0.3551766
v -0.2872914 0.2852325 0.485107
v -0.2394398 0.2516534 0.4715858
v -0.2692588 0.2828513 0.3994657
v -0.09791558 0.2591952 0.4232601
v -0.04990292 0.3452612 0.3860904
v -0.1321259 0.3141528 0.3416822
v -0.1273783 0.2487588 0.3487234
v -0.2114822 0.2615566 0.5423146
v -0.1940342 0.262376 0.5353031
v -0.1586259 0.2640388 0.5210742
v -0.1371877 0.2650455 0.5124592
v -0.1157494 0.2660522 0.503844
v -0.07287311 0.2680657 0.4866141
v -0.1984065 0.2454233 0.3772664
v -0.2145437 0.3934144 0.3629239
v -0.2515828 0.4001553 0.4587223
v -0.2524311 0.3522258 0.4251379
v -0.2183256 0.3440551 0.3326587
v -0.2718295 0.3083858 0.4009097
v -0.211698 0.2639787 0.5420609
v -0.1895207 0.2828159 0.5494676
v -0.1883521 0.2838086 0.5498579
v -0.1405733 0.3968881 0.3331986
v -0.2142146 0.3934299 0.3627917
v -0.182356 0.4285678 0.4704873
v -0.1008986 0.4490306 0.44888
v -0.09326085 0.4190133 0.4697939
v -0.1822708 0.401497 0.5262654
v -0.2347579 0.3189294 0.5376463
v -0.1409749 0.3240507 0.565681
v -0.1178981 0.329776 0.5384923
v -0.1194293 0.4293985 0.4053451
v -0.04677337 0.4129941 0.3702008
v -0.04487211 0.4138811 0.3748249
v -0.1939865 0.444916 0.4358654
v -0.03498692 0.3798382 0.4282618
v -0.01969952 0.4256238 0.4360473
v -0.03228585 0.4197524 0.4054361
v -0.04526616 0.3176239 0.4666289
v -0.02684157 0.3519433 0.4519037
v -0.260732 0.3673908 0.4677407
v -0.2530455 0.3311207 0.4670357
v -0.2213673 0.3725286 0.5306842
v -0.2186353 0.3418581 0.5338986
v -0.2046074 0.3329337 0.5651839
v -0.204239 0.3847966 0.5640962
v -0.1700008 0.3707104 0.5510333
v -0.07599735 0.3696916 0.4930612
v -0.02007089 0.4144151 0.4704331
v -0.08400706 0.3047233 0.5200144
v -0.06628644 0.4301609 0.481556
v -0.01987974 0.4201845 0.4527339
v -0.09356036 0.4189085 0.4716134
v -0.09881634 0.4170678 0.503539
v -0.104709 0.4150041 0.5393323
v -0.122842 0.3695273 0.5525066
v -0.1112096 0.3392975 0.5479882
v -0.0328194 0.4244447 0.4420661
v -0.1841172 0.4018536 0.5262883
v -0.2246771 0.4096859 0.5267899
v -0.09964632 0.4149688 0.5352111
v -0.218602 0.3414854 0.5339377
v -0.5104989 0.3729435 0.2663277
v -0.4675928 0.3349023 0.2486617
v -0.5037652 0.365712 0.1793355
v -0.3332266 0.3284533 0.1828933
v -0.2836213 0.4085991 0.1358815
v -0.3730479 0.3829262 0.1035673
v -0.372678 0.317688 0.1131768
v -0.4301568 0.3451176 0.3148166
v -0.4137343 0.3441716 0.3056694
v -0.3804069 0.3422521 0.2871064
v -0.3602287 0.3410898 0.2758674
v -0.3400505 0.3399277 0.2646283
v -0.2996941 0.3376032 0.2421502
v -0.4395317 0.3215386 0.1504137
v -0.445498 0.4696991 0.1309119
v -0.4693812 0.4832877 0.2301066
v -0.478322 0.4343396 0.1992845
v -0.4570306 0.4197066 0.1038125
v -0.5040845 0.3914094 0.1798281
v -0.4302091 0.3475374 0.3144725
v -0.4058369 0.3646855 0.3181438
v -0.4045527 0.365589 0.3183373
v -0.3758751 0.4656891 0.09213257
v -0.4451884 0.4696813 0.1307394
v -0.3971746 0.5061204 0.2318079
v -0.3177598 0.5187004 0.1993124
v -0.3099422 0.4889741 0.220573
v -0.3921496 0.4813248 0.2884113
v -0.4491827 0.4040438 0.3102448
v -0.3524866 0.4022222 0.3261804
v -0.3326764 0.4048977 0.2960982
v -0.3431903 0.4990487 0.1594226
v -0.2771435 0.4751502 0.1164132
v -0.2746044 0.4760503 0.1207174
v -0.4117762 0.5220472 0.1981279
v -0.2607452 0.4433856 0.1741316
v -0.2409853 0.4879661 0.1777042
v -0.2577948 0.4820081 0.1492108
v -0.2709891 0.3838109 0.2164901
v -0.251909 0.4158349 0.1979287
v -0.4798938 0.4517986 0.2417885
v -0.4752796 0.4150046 0.241924
v -0.432552 0.4559934 0.2990512
v -0.43189 0.4253496 0.3034084
v -0.4147506 0.4164798 0.3331197
v -0.4103848 0.4680407 0.3294441
v -0.3793231 0.4505866 0.3129565
v -0.2938495 0.4392983 0.2439254
v -0.2378691 0.4781718 0.2123818
v -0.3035228 0.376345 0.2748264
v -0.2808867 0.4982256 0.228346
v -0.2394731 0.4832132 0.1945324
v -0.3100151 0.4889659 0.2224184
v -0.3112935 0.4888201 0.2548006
v -0.3127267 0.4886568 0.2911056
v -0.3326066 0.4454396 0.308643
v -0.3240948 0.4141743 0.3042139
v -0.2532839 0.4881457 0.18535
v -0.3939436 0.4818382 0.2886448
v -0.4333539 0.4931185 0.2937724
v -0.308249 0.4880296 0.2863967
v -0.4318819 0.4249771 0.3034613
vn 0.2948976 0.0503533 0.9542013
vn 0.7328961 0.05220333 0.6783348
vn 0.9745169 0.04006531 0.2207075
vn 0.9550159 0.01719199 -0.2960559
vn 0.6796191 -0.01028769 -0.733493
vn 0.2221188 -0.03501093 -0.9743909
vn -0.2948975 -0.05035305 -0.9542013
vn -0.7328966 -0.0522032 -0.6783343
vn -0.9745167 -0.04006533 -0.2207079
vn -0.9550158 -0.01719202 0.2960561
vn -0.6796185 0.01028779 0.7334936
vn -0.222119 0.03501103 0.9743908
vn -0.03131253 0.9985835 -0.04301827
vn 0.03131264 -0.9985835 0.0430185
vn 0.294897 0.05035336 0.9542014
vn 0.7328961 0.05220271 0.6783348
vn 0.9745167 0.04006459 0.2207081
vn 0.9550161 0.01719134 -0.2960555
vn 0.6796193 -0.01028853 -0.7334929
vn 0.2221195 -0.03501127 -0.9743907
vn -0.294897 -0.05035324 -0.9542014
vn -0.7328961 -0.05220377 -0.6783347
vn -0.9745166 -0.04006617 -0.220708
vn -0.955016 -0.01719291 0.2960555
vn -0.6796194 0.01028709 0.7334927
vn -0.2221189 0.03501086 0.9743909
vn -0.03131213 0.9985835 -0.04301835
vn 0.03131213 -0.9985835 0.04301838
vn 0.9978029 0.05501235 -0.03691994
vn -0.997803 -0.05500951 0.03691977
vn 0.1624332 -0.9852477 0.05387549
vn -0.07328595 0.9954363 -0.06112171
vn 0.9980862 0.05265837 -0.03241893
vn 0.9095824 0.07283662 0.40909
vn -0.05928667 0.9971767 -0.04608438
vn -0.9973509 -0.06024102 0.04076955
vn 0.4798581 0.09038168 0.8726783
vn -0.07135241 0.9973794 -0.0119676
vn 0.05552933 -0.997549 0.0425736
vn -0.05679371 0.9966978 -0.05803342
vn -0.05052983 0.9970916 -0.05705341
vn -0.06537769 0.9962367 -0.05690453
vn -0.9787997 -0.04246195 0.20037
vn 0.06035323 -0.9962021 0.06276088
vn 0.8523932 -0.03122462 -0.5219683
vn -0.06957833 0.9968081 -0.03914642
vn -0.4818571 0.04566466 0.8750591
vn -0.9439033 -0.01609863 0.3298293
vn 0.04856014 -0.99593 0.07592992
vn 0.4684488 -0.06268611 -0.881264
vn -0.06570008 0.9955148 -0.06807165
vn 0.9299506 0.1089406 0.351175
vn 0.06370723 -0.9960233 0.06228124
vn -0.03266304 -0.1122901 -0.9931385
vn -0.1022774 0.9930397 -0.05840876
vn -0.8556573 -0.06553482 0.5133768
vn 0.07364296 -0.9935691 0.08600717
vn -0.4424141 -0.1612813 -0.8821894
vn -0.7644506 -0.005874119 0.6446555
vn 0.9805462 0.1256364 -0.1508133
vn 0.9479866 -0.06552625 -0.3114927
vn 0.9531216 -0.01929239 -0.3019719
vn 0.6365598 -0.125987 -0.7608673
vn -0.03481427 0.9981892 -0.04905381
vn -0.06794969 0.9959741 -0.05846792
vn -0.05936971 0.997796 -0.02963891
vn -0.0676483 0.9961193 -0.05630353
vn -0.06534947 0.99615 -0.05843444
vn -0.1094077 0.9930058 -0.04438118
vn -0.5132357 0.07514014 0.8549522
vn -0.4732442 0.05229849 0.8793775
vn -0.9959701 0.07913315 0.04220776
vn 0.2787068 -0.08829367 -0.9563089
vn -0.5643371 0.02706078 0.8251008
vn -0.6862187 -0.01889858 0.7271498
vn -0.9773549 0.211247 0.01233578
vn 0.4474858 0.06895819 0.8916284
vn 0.6356276 -0.1553429 -0.7562051
vn 0.6361638 -0.1407076 -0.7586151
vn 0.2789781 -0.09736756 -0.9553485
vn 0.6051213 -0.165814 -0.7786745
vn 0.9335169 -0.04329652 0.3559097
vn 0.05381727 -0.9984455 0.01450638
vn -0.01354415 0.001631853 0.999907
vn -0.7082365 0.1016107 0.6986247
vn -0.7079441 0.1122592 0.6972898
vn -0.0635946 0.05206434 0.9966168
vn -0.9096805 0.2781216 -0.3084312
vn -0.9016854 -0.004034774 -0.432374
vn -0.8608482 0.2018403 -0.4671198
vn -0.05116273 0.9971941 -0.05464825
vn -0.05502328 0.9957063 -0.07444141
vn -0.03081774 0.9976195 -0.0616894
vn -0.05248865 0.9976439 -0.04417591
vn -0.05248881 0.9976439 -0.04417614
vn -0.07072767 0.9974171 -0.0125247
vn -0.07208665 0.996653 -0.03855271
vn -0.0394539 0.9991717 -0.009970671
vn -0.4866782 0.3750402 -0.7889799
vn -0.05073389 0.9976943 -0.04508135
vn 0.8600264 0.07475623 0.5047437
vn -0.04898509 -0.9591467 -0.2786362
vn 0.7652003 0.1201387 -0.6324834
vn -0.05858307 0.9979473 -0.02586782
vn -0.7725539 -0.09190039 0.6282634
vn -0.1736423 0.6546752 0.7356961
vn 0.01116321 0.9957787 -0.09110467
vn 0.7488965 -0.1352143 -0.6487458
vn -0.03840541 0.9980315 -0.04958098
vn 0.01056124 0.9549226 -0.2966669
vn -0.9047561 -0.1054977 0.4126581
vn 0.002122377 0.9741063 -0.2260806
vn -0.9114483 -0.1065858 0.3973683
vn -0.7758526 0.6072476 0.1711817
vn 0.9847965 -0.125862 0.1197269
vn 0.454986 -0.1761695 0.8728987
vn 0.2177037 0.9606612 0.1724388
vn 0.2549005 0.8791375 -0.4026699
vn -0.7084338 0.3346126 0.6214146
vn 0.4295439 0.8626385 0.2671082
vn -0.7498286 0.5793029 0.3196329
vn -0.04424518 0.8451651 -0.532671
vn -0.04905966 0.8735477 -0.4842598
vn -0.1043605 0.9896987 -0.09800708
vn -0.1169381 0.9878293 -0.1025612
vn -0.02865977 0.9994771 -0.0149747
vn -0.05581641 0.9979208 -0.03222883
vn -0.06576464 0.9950447 -0.07457244
vn -0.06457796 0.9952732 -0.07253256
vn -0.03672175 0.9988134 -0.03198987
vn -0.1160905 0.9911749 -0.06399394
vn -0.07039381 0.9953799 -0.06529739
vn 0.2577646 0.7050083 0.6606972
vn 0.3704678 -0.1260861 0.9202478
vn 0.3568236 -0.01966641 0.9339648
vn -0.04973784 0.9890918 -0.1386489
vn 0.01689267 0.9911445 -0.1317089
vn 0.1344592 0.9908417 -0.01238849
vn -0.04034392 0.9883485 -0.1467638
vn -0.06049784 0.9873486 -0.1465698
vn 0.004331963 0.9937991 -0.1111058
vn -0.6960059 -0.04193068 0.7168107
vn -0.9088581 -0.0738159 0.4105219
vn -0.006672935 0.9755229 -0.2197969
vn -0.07573314 0.1248486 -0.9892812
vn -0.04305844 0.9986249 -0.02990742
vn -0.06049702 0.9873486 -0.1465706
vn -0.04887662 0.9982607 -0.03296566
vn -0.9974642 -0.01338354 0.06990094
vn -0.009766752 0.9981775 -0.05955069
vn 0.01689298 0.9911444 -0.1317095
vn 0.004331406 0.9937992 -0.1111056
vn -0.6961228 -0.0393801 0.7168419
vn 0.004331574 0.9937993 -0.1111041
vn -0.0473927 0.9976851 -0.04877043
vn -0.06907107 0.992917 -0.09666952
vn -0.04490278 0.9980124 -0.04421654
vn -0.07671412 0.9900026 -0.118363
vn -0.05248854 0.997644 -0.04417544
vn -0.05248963 0.9976439 -0.044176
vn -0.05728962 0.9973229 -0.04544246
vn -0.0878204 0.9960725 -0.01128126
vn -0.05224282 0.9976911 -0.0433955
vn -0.04531327 0.9979984 -0.04411264
vn -0.05070718 0.9974437 -0.05034805
vn -0.06054056 0.9968437 -0.05135714
vn -0.04993159 0.9970232 -0.05875061
vn -0.06794985 0.9959741 -0.05846776
vn 0.9636564 0.1193793 -0.2389873
vn -0.5796725 0.02437053 0.814485
vn -0.8944387 -0.006758673 0.4471395
vn -0.9790244 -0.03844246 0.2000837
vn -0.1668127 0.05044134 0.9846975
vn -0.9979087 -0.0520049 -0.03838978
vn 0.803633 -0.06313366 -0.5917671
vn 0.7588745 0.1178849 0.6404784
vn -0.1039834 0.994576 -0.002468324
vn -0.1094075 0.9930057 -0.04438144
vn -0.06534936 0.9961501 -0.0584343
vn -0.001149221 0.9969049 -0.07860889
vn -0.07481508 0.9954245 -0.05943675
vn -0.05794711 0.9967785 -0.0554507
vn -0.05258416 0.9970681 -0.05558949
vn -0.05052993 0.9970916 -0.05705369
vn -0.0732846 0.9954364 -0.06112179
vn -0.05251529 0.99691 -0.05841716
vn -0.07321939 0.9959843 -0.05151908
vn -0.0423668 0.9985626 -0.03282921
vn -0.05015524 0.998572 -0.01839703
vn -0.06523175 0.9954966 -0.06878424
vn -0.9844463 0.1195982 0.1286922
vn -0.07297844 0.9960368 -0.05084254
vn -0.03840548 0.9980314 -0.04958157
vn -0.03840606 0.9980314 -0.04958116
vn -0.004999736 -0.03848306 0.9992468
vn -0.009865331 -0.9840328 0.1777138
vn -0.3415384 0.393117 0.853704
vn 0.1049357 -0.1601168 0.9815046
vn -0.466776 0.00275861 0.8843713
vn 0.9343955 0.04171818 -0.3537863
vn 0.1154098 0.679928 -0.7241399
vn -0.9228534 -0.01598312 0.3848197
vn 0.00816059 -0.9953464 0.09601502
vn 0.5253673 -0.2286148 -0.8195881
vn -0.9219062 0.3730883 0.1043748
vn -0.00412324 0.9795241 -0.2012846
vn 0.4763072 0.4026495 -0.7816681
vn 0.04015282 0.6626881 -0.7478184
vn 0.9920226 -0.08672897 -0.09148464
vn -0.08069564 -0.9178949 0.3885322
vn 0.5178422 0.03138546 0.8549003
vn 0.008918072 -0.9944226 0.1050912
vn 0.3327416 -0.04180546 -0.942091
vn 0.1297304 0.9739355 -0.1860638
vn -0.9539808 0.2996231 0.0121113
vn -0.01111997 -0.9963418 0.0847319
vn 0.9945226 -0.04224275 -0.0956054
vn 0.3510607 0.9333334 -0.07513421
vn -0.1303259 0.9888658 -0.07183075
vn 0.02180339 -0.9935999 0.1108325
vn 0.9696048 -0.1492454 0.1938875
vn 0.3470153 0.9369164 -0.04204816
vn 0.6467687 -0.2691779 -0.713606
vn 0.1216507 -0.07885797 -0.9894355
vn -0.008116858 0.9237124 -0.3830008
vn 0.3872813 -0.08407677 -0.91812
vn 0.147063 0.6713434 -0.7264094
vn 0.01629999 0.9557983 -0.2935712
vn -0.02809777 0.8328863 -0.5527305
vn 0.1330348 0.9831665 -0.1252416
vn 0.09512119 0.9545741 -0.2823832
vn 0.4437887 0.3711963 -0.8156378
vn -0.9671752 -0.03922366 0.2510649
vn -0.2889441 0.3052449 0.9073792
vn -0.4504929 0.4163543 0.7897502
vn -0.7106357 0.376727 0.5942001
vn 0.4677268 0.3920636 -0.7921602
vn -0.1664128 0.6291126 0.7592919
vn -0.6915148 0.3692063 0.6208817
vn 0.1645122 0.3496651 -0.9223178
vn -0.4470809 0.454179 0.7706102
vn -0.8458266 0.1195881 0.519881
vn 0.08093707 0.9864655 -0.1426011
vn 0.108056 0.929514 -0.3526013
vn -0.007056922 0.9990364 -0.04331975
vn -0.8065878 0.06441857 0.5875939
vn 0.4578733 0.7853771 -0.4165753
vn 0.2468466 0.9582421 -0.1443565
vn -0.8166391 0.4605009 0.3479073
vn -0.7978809 0.3225951 0.5092333
vn -0.7321761 0.5152951 0.445409
vn 0.7903717 0.4217638 -0.4443288
vn -0.4849074 0.4456254 0.7525177
vn 0.8337151 0.3999148 -0.3807721
vn -0.6166819 0.6948448 0.3699924
vn 0.174846 0.9590495 -0.2228296
vn -0.337588 0.6883714 0.6420118
vn 0.917036 0.2027007 -0.3434494
vn 0.5817189 0.1849584 -0.7920818
vn -0.2265326 0.4557172 0.8608164
vn 0.3850244 0.4895399 0.7823727
vn -0.8828505 0.3185568 0.3451037
vn -0.7641978 0.3334632 0.5520906
vn 0.664648 0.1581111 -0.7302356
vn 0.9453168 0.2459643 -0.2141911
vn 0.3313957 0.414896 -0.8473714
vn -0.5903425 0.7009467 0.4002118
vn -0.8468743 0.09717686 0.522839
vn 0.8000393 0.5998434 0.01118261
vn -0.7161626 0.676093 0.1732324
vn 0.4151781 0.4743264 -0.7763
vn -0.9977018 0.06119397 -0.02909596
vn -0.5304717 0.2752471 -0.8017723
vn -0.5080711 0.8601999 -0.04381634
vn 0.5107767 0.4775982 -0.7148476
vn -0.9910553 0.1301022 0.02971192
vn -0.7444885 0.5383281 0.3948923
vn 0.372662 0.9277286 -0.02103903
vn 0.774545 0.6324468 -0.009553757
vn -0.9440506 0.3007803 -0.135277
vn -0.9037632 0.3889207 -0.1787539
vn 0.8175517 0.5753115 0.02501963
vn 0.6972228 0.7041637 0.1342907
vn -0.9416742 0.3117434 -0.1267512
vn 0.859237 0.507093 -0.06759086
vn -0.4855084 0.8570916 -0.1722663
vn 0.1307828 0.9762437 -0.1727547
vn 0.6551784 0.7451644 0.1243838
vn -0.7546257 0.5316253 -0.3845968
vn 0.4727593 0.848088 0.2392601
vn -0.7117526 0.5395609 -0.4497582
vn -0.6902131 0.5561519 -0.4629266
vn 0.5973859 0.7987914 0.07115111
vn -0.1422078 0.9166029 -0.3736524
vn 0.5562019 0.7466032 -0.3649975
vn -0.8277138 0.4764096 -0.2965195
vn -0.8995948 0.3364953 -0.2783884
vn -0.941669 0.3118137 -0.1266163
vn -0.9438103 0.3039981 -0.1296433
vn -0.5030647 0.6441261 0.5762184
vn -0.9254392 0.366961 0.09435026
vn 0.3066626 0.9105815 -0.2771272
vn 0.3889091 0.8813894 -0.2681465
vn -0.4999121 0.7207235 0.4802558
vn 0.9194192 0.3907504 -0.04452372
vn -0.1491708 0.5841227 0.7978401
vn -0.50942 0.7118593 0.4834745
vn -0.9024907 0.3843181 0.1944485
vn 0.8008367 0.1840656 -0.5698952
vn 0.3401186 0.4202185 -0.8412704
vn -0.713388 0.3756909 0.5915521
vn 0.3008944 0.4578871 -0.8365417
vn 0.1227628 0.2527911 -0.959701
vn -0.2613517 0.2674751 0.927444
vn -0.3512538 0.7579379 0.5496826
vn -0.7534464 0.2254264 0.6176581
vn -0.2906063 0.4602716 0.8388671
vn 0.4320035 0.5614279 -0.7058129
vn 0.3284719 0.9269386 -0.1813591
vn 0.08817202 0.964121 -0.2503924
vn 0.1957647 0.9479796 -0.25102
vn 0.4831332 0.875492 -0.009808113
vn 0.5956702 0.7859585 -0.1656695
vn 0.308112 0.9438618 -0.11913
vn 0.5437953 0.8327792 0.1037567
vn 0.431785 0.9007983 0.04608927
vn 0.3444694 0.9385794 -0.02023643
vn 0.1164062 0.9929853 0.0207322
vn 0.1696273 0.974948 -0.1438857
vn 0.4852536 0.8529649 0.1923016
vn 0.0294833 0.9840898 -0.1752085
vn 0.6174267 0.7849998 -0.05059185
vn 0.03016561 0.9841229 -0.1749062
vn 0.2732686 0.9575425 -0.09185176
vn 0.02886005 0.9840592 -0.175484
vn 0.3892823 0.1743743 -0.9044628
vn 0.5586008 0.7957543 0.2339666
vn 0.4833325 0.8501682 -0.2088149
vn -0.04699598 0.994541 -0.09316416
vn 0.002108351 0.9989491 -0.04578664
vn 0.001061377 0.9969894 -0.07753017
vn -0.07199939 0.9808017 -0.1812297
vn 0.09243211 0.9883742 -0.1207176
vn 0.1291017 0.95796 -0.2562135
vn 0.106743 0.9942818 -0.003103907
vn -0.07046861 0.9750685 -0.210418
vn 0.2730206 0.9453763 0.1781109
vn 0.814903 -0.09369159 -0.5719747
vn 0.8176628 -0.1220811 -0.5626045
vn 0.9984586 -0.03997625 0.03850184
vn 0.08857038 0.9299715 0.3568031
vn -0.1173413 0.9918534 0.04957839
vn 0.05746185 0.9535356 -0.2957501
vn -0.008587691 0.9969047 -0.07814954
vn 0.02726722 0.9962833 -0.08170776
vn 0.02313896 0.9996714 -0.01103869
vn -0.1497582 0.988641 0.01270426
vn 0.4186649 0.8485479 -0.3235527
vn 0.02867526 0.9839237 -0.1762725
vn 0.1386243 0.9891307 -0.04902904
vn 0.2127319 0.9764545 -0.03580183
vn 0.5294322 0.8483461 -0.003262948
vn 0.2748807 0.9614208 -0.01052076
vn 0.04554909 0.9957153 -0.08047667
vn 0.2120565 0.9764799 0.03897645
vn 0.1661389 0.9702697 -0.1759959
vn 0.7941887 0.5950588 0.1231638
vn 0.5046003 0.8631006 0.02087889
vn 0.1362485 0.7871407 0.6015363
vn 0.7501076 0.658052 -0.06562049
vn -0.1061101 0.9937244 -0.03539034
vn -0.7032729 0.7102391 -0.03110874
vn 0.09673174 0.9952272 -0.01287842
vn 0.2748821 0.9614204 -0.01051853
vn 0.0998174 0.9922755 0.07366118
vn 0.2670271 0.9532701 -0.1413249
vn 0.3915244 0.817426 -0.4225205
vn -0.00345133 0.979564 -0.2011033
vn 0.2857098 0.7482864 -0.5986964
vn 0.1015954 0.9842275 -0.1448265
vn 0.1672663 0.9741446 -0.1518693
vn 0.3449299 0.9051741 -0.2483609
vn 0.05651384 0.9926161 -0.1073288
vn 0.1170128 0.9895662 -0.08406398
vn 0.1911463 0.02191431 -0.9813169
vn -0.07240989 0.9810081 -0.1799446
vn -0.175893 0.9720162 -0.1557125
vn -0.06628025 0.9955631 -0.06679139
vn 0.2486409 0.9677488 -0.0404972
vn -0.1852678 -0.9678082 0.170362
vn 0.1945675 0.9598259 -0.2021825
vn 0.1509836 0.9698042 -0.1915299
vn 0.03793969 0.9905688 -0.1316594
vn -0.8020684 0.1100395 -0.5870075
vn -0.9036934 -0.02951216 -0.427162
vn -0.8465101 -0.07690251 -0.5267891
vn -0.8692703 0.01167942 -0.4941991
vn -0.9270924 0.03031784 -0.3736047
vn 0.005708766 0.9824905 -0.1862252
vn -0.2515459 0.9341578 -0.2531281
vn -0.08604013 0.9692498 -0.2305471
vn -0.0285369 0.9678248 -0.2500019
vn -0.02562401 0.9635746 -0.2662095
vn -0.003806266 0.9999916 -0.001530203
vn 0.1345707 0.610635 -0.7803946
vn 0.6932782 0.130401 -0.7087743
vn 0.7123725 0.1487958 -0.6858464
vn 0.6639133 0.1774311 -0.7264554
vn 0.08094401 0.3099393 -0.9473045
vn 0.4357529 0.3995296 -0.806533
vn 0.8414266 0.3009254 -0.4488266
vn 0.3646072 0.3401704 -0.866802
vn 0.5523828 0.1068605 -0.8267128
vn 0.2246647 0.3310326 -0.9164841
vn 0.3151819 0.1474174 -0.9375119
vn 0.1157713 0.2411456 -0.963559
vn -0.09618562 -0.06565446 0.9931958
vn 0.09275575 0.296398 0.9505497
vn 0.2029 -0.04193065 0.9783013
vn 0.0729546 0.3139212 0.946642
vn 0.1351778 0.07273167 0.9881483
vn 0.106094 0.5396948 0.8351489
vn 0.2204568 -0.03588494 0.9747365
vn -0.1738629 0.08169387 0.9813755
vn -0.3217007 0.7157909 -0.6198
vn 0.3485726 0.02191916 -0.9370255
vn 0.5382519 0.3485154 -0.7673474
vn 0.5714071 0.418209 -0.7061127
vn 0.4084269 0.4909892 -0.7694916
vn -0.3913505 0.2027902 -0.8976196
vn 0.5733688 0.6130025 -0.5435774
vn 0.8281618 0.4448461 -0.3409691
vn 0.3063677 0.2927334 -0.9057848
vn 0.3063681 0.2927343 -0.9057844
vn 0.428995 0.4171655 -0.8012092
vn 0.4216963 0.5846442 -0.6930826
vn 0.005896669 0.5774574 -0.8163996
vn 0.641064 0.1461271 -0.7534479
vn 0.6703416 0.655179 -0.3484
vn 0.2936112 0.7403363 -0.6047269
vn 0.3216944 0.8593106 -0.3976153
vn 0.08603422 0.7675273 -0.6352164
vn 0.2852445 0.9116664 -0.295804
vn -0.04699671 0.994541 -0.09316409
vn 0.08593184 0.9580826 -0.2733012
vn -0.09107413 0.9927983 -0.07782795
vn 0.1028934 0.9694312 -0.2227468
vn 0.1299595 0.9874319 -0.08993765
vn 0.1701888 0.9697855 -0.1747915
vn 0.1587482 0.9766666 -0.144642
vn -0.02025165 0.9788496 -0.2035764
vn -0.01897249 0.9923208 -0.1222274
vn -0.02617482 0.9990662 -0.03437623
vn 0.5580706 0.4597737 -0.6907716
vn 0.399337 0.4121276 -0.8189511
vn 0.2665386 0.8927057 -0.3633643
vn -0.03740007 0.9992098 -0.0134525
vn -0.1028251 0.9930119 0.0579175
vn 0.7100541 0.6286645 -0.3171815
vn 0.9021629 0.1479111 -0.4052461
vn 0.6646506 0.1581104 -0.7302333
vn 0.6161332 0.54831 -0.565452
vn 0.1431278 0.4093489 -0.9010816
vn 0.120287 0.5145937 -0.8489549
vn 0.3931308 0.4405002 -0.8070983
vn 0.3210973 0.378711 -0.8680291
vn 0.8281615 0.4448455 -0.3409707
vn 0.3804347 0.6576648 -0.6501895
vn -0.08781169 0.2603542 -0.9615117
vn 0.8320594 0.435212 -0.3439008
vn 0.3339427 0.3388609 -0.8795769
vn 0.7634733 0.2329525 -0.6023635
vn -0.1773022 0.280855 0.9432309
vn -0.5345076 0.4097578 0.7391888
vn 0.421133 0.3336 -0.8434204
vn 0.793839 0.2110734 -0.5703225
vn 0.3117146 0.314336 -0.8966755
vn 0.4437886 0.371196 -0.8156379
vn 0.8104512 0.1892471 -0.5543955
vn 0.002534848 0.3396592 -0.9405451
vn 0.6632955 0.3726869 -0.6489558
vn 0.6681569 0.3196837 -0.6718398
vn 0.1153756 0.3565066 -0.9271416
vn 0.3333685 0.3226714 -0.8858604
vn 0.1745369 0.4590152 -0.8711153
vn 0.3426048 0.3119989 -0.8861595
vn 0.7694946 0.3863007 -0.5085763
vn 0.3175389 0.2363967 -0.9183059
vn 0.4458891 0.2861179 -0.8481271
vn -0.06347875 0.2633475 -0.9626103
vn 0.8337153 0.3999142 -0.3807721
vn 0.3063675 0.2927332 -0.9057849
vn 0.7123726 0.1487951 -0.6858464
vn 0.8778777 0.2202899 -0.4252096
vn 0.473039 0.4032443 -0.7833442
vn 0.3384664 0.528832 -0.778317
vn 0.2425174 0.5673365 -0.7869654
vn -0.04071816 0.5806759 -0.813116
vn 0.4763077 0.4026481 -0.7816684
vn -0.3217008 0.7157918 -0.619799
vn 0.1020411 0.2251372 -0.968969
vn -0.08780942 0.2603551 -0.9615117
vn 0.832059 0.4352124 -0.3439012
vn 0.1020415 0.2251363 -0.9689692
vn -0.3217013 0.7157917 -0.6197988
vn -0.08781207 0.2603531 -0.961512
vn 0.8320601 0.4352112 -0.3439
vn -0.08780997 0.2603554 -0.9615116
vn 0.01795129 0.4065903 -0.9134342
vn 0.2096991 0.441683 -0.8723201
vn 0.2575307 0.5377734 -0.8027937
vn 0.4763075 0.4026476 -0.7816688
vn -0.2966449 0.483997 0.823255
vn 0.3844638 0.4769801 -0.7903655
vn 0.66465 0.158111 -0.7302337
vn 0.5568607 0.1973421 -0.8068224
vn -0.5304703 0.275245 -0.801774
vn -0.7641981 0.3334633 0.5520902
vn -0.7978804 0.3225949 0.5092342
vn -0.3569816 0.5071195 0.7844706
vn -0.8828506 0.3185544 0.3451056
vn 0.03580312 0.5958492 0.8022979
vn -0.9219061 0.3730888 0.104375
vn -0.226532 0.4557171 0.8608167
vn -0.4849075 0.4456251 0.7525178
vn -0.4910464 0.346788 0.7991318
vn -0.2613508 0.2674758 0.9274441
vn -0.710636 0.3767262 0.5942001
vn -0.713388 0.3756911 0.5915521
vn -0.2889445 0.3052448 0.907379
vn 0.7616451 0.09562467 -0.6408999
vn 0.4331671 0.451773 -0.779915
vn -0.37809 0.8915293 0.2494462
vn -0.7035853 0.6689345 0.2397797
vn -0.01385005 0.992464 -0.1217512
vn -0.6050712 0.7762205 -0.1771174
vn 0.1519291 0.9834936 -0.09827473
vn 0.02997286 0.9839602 -0.1758519
vn 0.02918789 0.9840153 -0.1756755
vn 0.1566402 0.9858097 -0.0603594
vn 0.02842757 0.9840147 -0.1758036
vn -0.674366 0.7217386 0.1559616
vn 0.08856906 0.9299712 0.3568042
vn 0.7585893 0.6448938 -0.09302936
vn 0.1620387 0.7300287 0.6639289
vn 0.5511827 0.6228214 0.5552398
vn -0.1451051 0.973602 -0.1761922
vn -0.358224 0.9253501 0.1241076
vn -0.1136799 0.8465862 0.5199698
vn -0.7031885 0.6672257 0.2456337
vn -0.397293 0.9045681 -0.1546444
vn 0.4186661 0.8485479 -0.3235508
vn -0.3972924 0.9045686 -0.1546429
vn -0.1463626 0.9815329 -0.1231716
vn -0.4210753 0.02991625 0.9065322
vn 0.4210753 -0.02991624 -0.9065322
vn -0.01907069 -0.999527 0.02412725
vn 0.01907012 0.999527 -0.02412801
vn 0.9068252 -0.007128053 0.4214466
vn -0.9068252 0.007128051 -0.4214466
vn -0.08376089 0.9733076 -0.2136739
vn -0.1624171 0.9729752 -0.1641339
vn -0.2058069 0.9751549 -0.08195367
vn -0.2023047 0.9792626 0.01084644
vn -0.1528498 0.9841974 0.08940101
vn -0.07069148 0.9886374 0.1326612
vn 0.02215416 0.9913925 0.1290355
vn 0.1008095 0.9917247 0.0794955
vn 0.1441993 0.989545 -0.002684706
vn 0.1406971 0.9854375 -0.09548482
vn 0.09124219 0.9805025 -0.1740394
vn 0.009083922 0.9760627 -0.2172996
vn -0.1781759 0.8313065 -0.5264816
vn -0.4028928 0.8303573 -0.384947
vn -0.526857 0.8365846 -0.15016
vn -0.5168517 0.8483199 0.1149677
vn -0.3755583 0.8624188 0.3393962
vn -0.1408362 0.8751033 0.4629896
vn 0.1244207 0.8829748 0.4526311
vn 0.3491378 0.8839241 0.3110964
vn 0.4731018 0.8776967 0.07630961
vn 0.4630967 0.8659614 -0.1888182
vn 0.3218032 0.8518626 -0.4132467
vn 0.08708109 0.839178 -0.5368401
vn -0.248814 0.5896492 -0.7683784
vn -0.5890828 0.588212 -0.5540652
vn -0.7767904 0.5976415 -0.1985482
vn -0.7616405 0.6154112 0.2029109
vn -0.5476928 0.6367598 0.5427428
vn -0.1922739 0.6559669 0.7298892
vn 0.2093811 0.667886 0.7142043
vn 0.5496501 0.6693236 0.4998908
vn 0.7373575 0.659894 0.1443742
vn 0.7222077 0.6421242 -0.2570848
vn 0.5082597 0.6207757 -0.5969169
vn 0.152841 0.6015685 -0.7840632
vn -0.2885911 0.2836955 -0.9144573
vn -0.7017974 0.2819498 -0.6542055
vn -0.9297406 0.2934006 -0.2224827
vn -0.9113433 0.3149794 0.2650311
vn -0.6515352 0.3409038 0.6777068
vn -0.2199315 0.3642284 0.9049684
vn 0.2678201 0.3787024 0.8859215
vn 0.6810268 0.3804473 0.6256696
vn 0.9089696 0.368997 0.193947
vn 0.8905724 0.3474182 -0.2935668
vn 0.6307642 0.3214929 -0.7062429
vn 0.1991605 0.2981692 -0.9335043
vn -0.2948984 -0.05035372 -0.954201
vn -0.7328969 -0.05220433 -0.6783339
vn -0.9745166 -0.04006641 -0.2207082
vn -0.9550154 -0.01719266 0.2960574
vn -0.6796188 0.01028742 0.7334933
vn -0.2221191 0.03501114 0.9743907
vn 0.2948984 0.05035361 0.954201
vn 0.7328972 0.05220385 0.6783336
vn 0.9745166 0.04006601 0.2207083
vn 0.9550154 0.01719249 -0.2960575
vn 0.6796187 -0.01028768 -0.7334934
vn 0.2221192 -0.03501137 -0.9743907
vn -0.2678202 -0.3787025 -0.8859215
vn -0.6810266 -0.3804475 -0.6256696
vn -0.9089696 -0.3689971 -0.1939472
vn -0.8905723 -0.3474184 0.2935669
vn -0.6307641 -0.3214933 0.7062426
vn -0.1991605 -0.2981695 0.9335042
vn 0.2885911 -0.2836955 0.9144573
vn 0.7017978 -0.2819493 0.6542052
vn 0.9297405 -0.2934006 0.222483
vn 0.9113432 -0.3149794 -0.2650312
vn 0.6515352 -0.3409036 -0.677707
vn 0.2199315 -0.3642284 -0.9049684
vn -0.2093811 -0.667886 -0.7142043
vn -0.5496501 -0.6693234 -0.4998911
vn -0.7373576 -0.6598939 -0.1443743
vn -0.7222077 -0.6421241 0.257085
vn -0.5082599 -0.6207755 0.5969169
vn -0.152841 -0.6015683 0.7840633
vn 0.2488141 -0.5896492 0.7683784
vn 0.589083 -0.5882121 0.5540649
vn 0.7767904 -0.5976413 0.1985484
vn 0.7616405 -0.6154112 -0.202911
vn 0.5476927 -0.6367598 -0.5427429
vn 0.1922739 -0.6559669 -0.7298892
vn -0.1244207 -0.8829749 -0.452631
vn -0.3491376 -0.8839242 -0.3110963
vn -0.4731015 -0.8776969 -0.07630964
vn -0.4630965 -0.8659616 0.1888182
vn -0.3218032 -0.8518627 0.4132465
vn -0.08708112 -0.8391781 0.53684
vn 0.1781761 -0.8313066 0.5264815
vn 0.4028929 -0.8303573 0.3849468
vn 0.5268569 -0.8365846 0.1501601
vn 0.5168516 -0.84832 -0.1149678
vn 0.3755582 -0.8624189 -0.3393961
vn 0.1408363 -0.8751034 -0.4629895
vn -0.0221541 -0.9913925 -0.1290355
vn -0.1008094 -0.9917247 -0.0794955
vn -0.1441993 -0.989545 0.002684586
vn -0.1406973 -0.9854375 0.09548495
vn -0.09124198 -0.9805025 0.1740394
vn -0.009084137 -0.9760627 0.2172996
vn 0.08376166 -0.9733075 0.2136739
vn 0.162417 -0.9729753 0.1641339
vn 0.2058065 -0.975155 0.08195382
vn 0.2023048 -0.9792626 -0.01084657
vn 0.1528495 -0.9841974 -0.08940107
vn 0.07069167 -0.9886373 -0.1326612
vn 0.5420676 0.04519071 0.8391189
vn -0.4021802 -0.00532752 -0.915545
vn 0.08887736 -0.9957587 0.02378115
vn -0.07490014 0.9953167 -0.06111192
vn 0.9715628 0.1170832 -0.2058089
vn 0.2770268 0.04582418 0.959769
vn 0.8996829 0.1345597 0.4152882
vn 0.9098999 0.0992142 -0.4027889
vn 0.9940505 0.105859 0.02564221
vn -0.2041373 -0.04791672 -0.9777689
vn -0.9926542 -0.1192992 0.02013599
vn -0.8974892 -0.2686026 0.3498084
vn 0.9052284 0.1775361 0.3860604
vn -0.9164402 -0.1393668 0.375119
vn 0.793637 0.02382428 -0.607925
vn -0.7466598 -0.1055813 -0.6567738
vn -0.9924554 -0.1221849 0.01016218
vn -0.9884595 -0.03716826 -0.1468553
vn 0.7874674 0.09038776 -0.6096928
vn -0.9943625 -0.09973667 0.03599732
vn -0.07441407 0.9970558 -0.01850246
vn -0.08947698 0.9958168 -0.01851559
vn -0.1018615 0.9892926 -0.1045198
vn -0.0470853 0.9956815 -0.08000907
vn -0.017849 0.9960367 0.08713382
vn -0.09635983 0.994867 0.03089471
vn -0.07094575 0.991814 -0.106168
vn -0.7624211 -0.1727015 0.6236092
vn -0.08264416 0.9954916 0.04654666
vn -0.1815264 0.9829951 -0.02772952
vn -0.1574486 0.9860587 0.05383478
vn -0.1115944 0.9937034 0.01001677
vn -0.04963364 0.997299 -0.05414084
vn -0.08825485 0.9936364 0.06998442
vn 0.03366886 0.05279117 0.9980379
vn 0.5277945 0.07761887 0.8458182
vn 0.8804998 0.08164813 0.4669621
vn 0.9972761 0.06379721 -0.0370173
vn 0.8468328 0.02885494 -0.531076
vn 0.4694824 -0.01381789 -0.8828337
vn -0.03366894 -0.05279095 -0.9980379
vn -0.527795 -0.0776158 -0.8458181
vn -0.8804999 -0.08164316 -0.466963
vn -0.9972761 -0.06379721 0.03701721
vn -0.8468326 -0.02885539 0.5310763
vn -0.4694815 0.01381814 0.8828342
vn -0.06562925 0.9965655 -0.05049906
vn 0.06562927 -0.9965655 0.050499
vn -0.09923483 -0.09935671 -0.9900913
vn 0.09947082 0.09937276 0.9900659
vn -0.04723439 0.9958534 -0.0777496
vn 0.9960181 0.05869517 -0.06710374
vn -0.05164105 0.9942326 -0.09399401
vn 0.0515027 -0.9942387 0.094005
vn 0.2685764 0.07914997 0.9600011
vn 0.04695497 -0.995865 0.07776941
vn -0.2690691 -0.07914279 -0.9598637
vn -0.159961 0.9856855 -0.0532604
vn -0.1385911 0.09000275 0.9862515
vn 0.15983 -0.985706 0.05327393
vn 0.1364407 -0.08983974 -0.9865662
vn -0.01331219 0.9988268 -0.04655912
vn -0.04101559 0.168028 0.9849285
vn 0.01214765 -0.9984862 0.05364572
vn 0.01889361 -0.1002075 -0.9947872
vn 0.1048667 0.9901537 -0.09272944
vn 0.2209981 0.1137641 0.9686164
vn -0.09091576 -0.9919104 0.08858933
vn -0.9510933 0.1257182 0.2821642
vn 0.02495179 -0.9972119 0.07032734
vn -0.9971556 -0.05243877 -0.05413825
vn 0.03355865 -0.9994102 0.007291295
vn -0.02240307 0.9997483 -0.001244452
vn -0.2479056 -0.1075871 -0.9627917
vn 0.9601142 0.03037746 -0.2779532
vn -0.02584872 0.9989479 -0.03787977
vn 0.9973495 0.05180185 0.05109432
vn 0.03642367 -0.9985868 0.03870117
vn -0.70872 -0.07382129 -0.701617
vn -0.07328524 0.9972267 0.01297327
vn 0.7276124 0.06680726 0.6827277
vn 0.07870802 -0.9968927 -0.003174816
vn -0.614529 -0.08072006 -0.7847537
vn -0.03554564 0.9993677 -0.0009101961
vn 0.616613 0.07773895 0.7834189
vn 0.03890857 -0.9992135 0.007650773
vn -0.8146323 0.06647561 -0.5761557
vn 0.04461779 0.9955066 -0.0835214
vn 0.8115586 -0.05829445 0.5813557
vn -0.04152314 -0.995068 0.09008644
vn -0.586192 -0.1318692 -0.7993682
vn -0.03908144 0.9882582 -0.1477101
vn 0.5792003 0.1374613 0.8035119
vn 0.04889196 -0.9874058 0.1504637
vn -0.1571849 -0.2083372 -0.9653437
vn -0.002662669 0.9841179 -0.1774959
vn 0.1598517 0.2068034 0.9652357
vn 0.004815669 -0.9823809 0.1868274
vn -0.2938873 -0.1106898 -0.9494093
vn 0.09982664 0.9883602 -0.1147988
vn 0.2927047 0.1136983 0.9494191
vn -0.09584314 -0.9875128 0.1250308
vn -0.5759711 -0.09744159 -0.8116419
vn -0.0971499 0.9896281 -0.1058213
vn 0.6015499 0.1011053 0.7924112
vn 0.1053162 -0.9880083 0.1129077
vn -0.03227212 -0.2181516 -0.9753811
vn -0.1714241 0.9670957 -0.1879883
vn 0.03074536 0.2184763 0.9753578
vn 0.1722082 -0.9651458 0.1970735
vn 0.2585426 -0.188797 -0.9473708
vn -0.171337 0.958762 -0.2267575
vn -0.2708982 0.1890894 0.9438535
vn 0.1697744 -0.9568394 0.2358707
vn 0.4901307 -0.1582199 -0.8571689
vn -0.1076749 0.9688693 -0.2229315
vn -0.490403 0.1588986 0.8568875
vn 0.1026482 -0.9675631 0.2308355
vn 0.5110605 -0.2188909 -0.8312064
vn 0.1268919 0.980393 -0.1507581
vn -0.5106944 0.2198356 0.831182
vn -0.132712 -0.9781776 0.1598628
vn 0.2683388 -0.2877958 -0.9193302
vn 0.1420155 0.9672276 -0.2104814
vn -0.2624544 0.2917398 0.9197857
vn -0.1470796 -0.9642715 0.2203365
vn 0.3518079 -0.3687925 -0.8603623
vn 0.09642843 0.9395122 -0.3286615
vn -0.3600826 0.370159 0.8563427
vn -0.09954851 -0.9355145 0.3389731
vn 0.3395542 -0.3583921 -0.869631
vn 0.225407 0.9456825 -0.2342569
vn -0.3312156 0.3619826 0.871358
vn -0.2272736 -0.9422584 0.2459594
vn 0.7363207 -0.2464474 -0.6301553
vn 0.1384876 0.972527 -0.1871164
vn -0.7279404 0.2457753 0.640076
vn -0.1466877 -0.9700025 0.1938505
vn 0.7817876 -0.137529 -0.6081892
vn -0.05706748 0.9979779 -0.0279902
vn 0.2497392 0.06300509 0.9662612
vn 0.0590858 -0.9975647 0.03706301
vn -0.3626842 -0.1105899 -0.9253271
vn -0.07305843 0.9969575 -0.0271691
vn 0.3722478 0.06469785 0.9258757
vn 0.07619017 -0.9964318 0.0363144
vn -0.9353928 0.09332063 0.3410741
vn 0.9646935 -0.0005124482 -0.2633744
vn -0.01537106 0.9972163 -0.07296073
vn -0.9648092 -9.965816E-05 0.2629512
vn -0.02713361 -0.9931216 0.1139007
vn 0.8334877 -0.0876197 -0.5455467
vn 0.03510702 0.9922264 -0.1193914
vn -0.8324345 0.08904392 0.5469223
vn 0.01145713 -0.9892452 0.1458173
vn 0.5689048 -0.1254061 -0.8127858
vn -0.005992561 0.9880902 -0.1537596
vn -0.565781 0.1284555 0.8144883
vn -0.0227462 -0.9994282 0.02501849
vn 0.5700997 -0.02352616 -0.8212386
vn 0.02770795 0.9991043 -0.03198126
vn -0.5730014 0.0211367 0.8192818
vn 0.05235525 -0.998116 0.03199291
vn 0.4571306 -0.06786374 -0.8868067
vn -0.0482345 0.9984273 -0.02857215
vn -0.4593485 0.05541122 0.8865262
vn 0.05962912 -0.9932724 0.09926893
vn 0.679418 -0.1030408 -0.7264804
vn -0.06943373 0.9923115 -0.1024546
vn -0.6655913 0.08724557 0.7411994
vn 0.03029673 -0.9961636 0.08209903
vn 0.8800629 0.01357909 -0.474663
vn -0.02279865 0.9961193 -0.08500972
vn -0.8788145 -0.01441073 0.4769459
vn 0.04981664 -0.9972073 0.05564049
vn 0.9189936 0.01909254 -0.39381
vn -0.04121247 0.9974289 -0.05862758
vn -0.9190091 -0.01898511 0.3937789
vn 0.03445958 -0.9978487 0.0557718
vn 0.9465345 0.002324847 -0.3225943
vn -0.02496021 0.9979442 -0.05902866
vn -0.9472076 -0.0004149134 0.3206207
vn -0.01704427 -0.1032635 -0.994508
vn 0.0320283 0.9570764 -0.2880606
vn -0.7941014 0.1415914 0.5910625
vn -0.04009175 -0.9554107 0.2925461
vn 0.9815603 -0.02797909 -0.1890938
vn 0.003762998 0.9999874 0.003307901
vn -0.9803713 0.03017928 0.1948368
vn -0.01386984 -0.9999031 -0.001212878
vn 0.9938438 -0.05138467 -0.09815369
vn 0.02376659 0.9993899 0.02559135
vn -0.9939203 0.05194438 0.09707864
vn -0.03453179 -0.9990666 -0.0259525
vn 0.9916156 -0.05034423 0.1190127
vn 0.05267446 0.9772572 -0.2054114
vn -0.991284 0.0481634 -0.1226228
vn -0.06233833 -0.9767619 0.2050615
vn 0.990446 -0.128417 0.05025863
vn 0.1173973 0.9930839 0.001502222
vn -0.9903833 0.1289215 -0.05020205
vn -0.1284413 -0.991717 0.000556098
vn 0.9599651 -0.04050679 -0.2771755
vn 0.06893501 0.9311247 0.3581268
vn -0.9532716 0.0392774 0.2995506
vn -0.07942419 -0.9355351 -0.3441888
vn 0.9999338 0.007509592 -0.008718248
vn -0.09834146 0.9938529 -0.05084673
vn -0.9994771 -0.01312549 0.029551
vn 0.08935218 -0.9945979 0.05283251
vn -0.01172568 -0.06376361 -0.9978962
vn 0.07200858 -0.9964113 0.04449008
vn -0.07213128 0.9964024 -0.04449031
vn -0.2740431 -0.1061059 -0.9558462
vn 0.99642 0.08192975 -0.02084881
vn 0.07670763 -0.03801907 -0.9963285
vn -0.07558106 0.03807804 0.9964123
vn -0.07528187 0.9922433 -0.09892308
vn 0.2824466 0.106362 0.9533683
vn 0.07535525 -0.9922377 0.09892336
vn -0.4597433 -0.1198296 -0.8799301
vn -0.1404911 0.987629 -0.06965047
vn 0.4665805 0.1206889 0.876206
vn 0.1403146 -0.9876491 0.06972102
vn -0.2547687 -0.05668175 -0.9653394
vn -0.07589243 0.9955484 -0.0558907
vn 0.2642732 0.05791375 0.9627075
vn 0.07698216 -0.9954895 0.05544855
vn -0.1700049 -0.07213351 -0.9827996
vn -0.05409888 0.9964061 -0.06517808
vn 0.1701784 0.07214682 0.9827687
vn 0.05409887 -0.9964058 0.06518226
vn -0.3489056 -0.1161844 -0.9299281
vn -0.07210229 0.9931528 -0.09191752
vn 0.3469216 0.1161468 0.9306747
vn 0.07207418 -0.9931533 0.09193444
vn -0.8377379 0.03216503 0.5451245
vn 0.03193009 -0.9981298 0.05212866
vn -0.03224661 0.9981434 -0.05167166
vn -0.9407611 -0.07190164 0.3313589
vn 0.9956752 0.08025763 -0.04679365
vn 0.02263727 -0.01679969 -0.9996026
vn -0.03359504 0.03482972 0.9988285
vn 0.06402347 -0.9945315 0.08251196
vn -0.0640564 0.9945346 -0.08244913
vn -0.7588307 -0.1318668 -0.6377988
vn 0.440988 -0.01221236 -0.89743
vn -0.8094571 -0.09904032 -0.5787662
vn 0.8112631 0.09891605 0.5762534
vn -0.09468953 0.9916896 -0.08709604
vn 0.7591221 0.131858 0.6374537
vn 0.09472919 -0.9916905 0.08704168
vn -0.7806522 -0.09026258 -0.6184133
vn -0.1056199 0.9942488 -0.01771265
vn 0.7783102 0.0902202 0.6213642
vn 0.1056138 -0.9942492 0.01772572
vn -0.8782855 -0.05721454 -0.4747012
vn -0.03501138 0.9982797 -0.04703019
vn 0.8847011 0.05787311 0.4625522
vn 0.03480044 -0.9982744 0.04729778
vn -0.9551666 -0.08868434 -0.2824744
vn -0.05630979 0.9971274 -0.05065708
vn 0.9548334 0.08861788 0.2836195
vn 0.05634464 -0.9971279 0.05060915
vn -0.4782522 -0.08105695 0.8744739
vn 0.02891251 -0.9969147 0.07297384
vn -0.067283 0.9952524 -0.07032672
vn -0.7748156 -0.4120837 -0.4794246
vn 0.04842606 -0.9976695 0.04806924
vn 0.5789469 -0.2897009 -0.7621639
vn -0.572851 0.3040727 0.7611712
vn -0.5084999 0.0188182 0.8608565
vn -0.04844018 0.9976687 -0.04807179
vn 0.5186015 -0.01799032 -0.8548269
vn 0.01562229 -0.9981738 0.05835253
vn -0.4529255 0.03084012 0.8910148
vn -0.01541873 0.9981788 -0.0583228
vn 0.4645031 -0.02984913 -0.8850683
vn 0.994761 0.07986721 0.06381053
vn 0.07761434 -0.9962858 0.03729248
vn -0.07760566 0.9962838 -0.03736292
vn 0.9920448 0.08321556 0.0944579
vn -0.1014077 0.06305866 0.9928445
vn 0.9624198 0.08570658 0.257687
vn -0.9632176 -0.08568843 -0.2546946
vn -0.07740798 0.9967849 -0.02068575
vn -0.9905555 -0.08317212 -0.1090053
vn 0.07740724 -0.9967843 0.02071895
vn 0.9713871 0.08261172 -0.2226712
vn -0.09606024 0.9938189 -0.0556472
vn -0.9713523 -0.08258522 0.2228326
vn 0.096033 -0.9938265 0.05555643
vn 0.9861257 0.03204592 -0.1628778
vn -0.06141622 0.99591 -0.06626658
vn -0.9894575 -0.04202389 0.138592
vn 0.06161191 -0.9958963 0.06629146
vn 0.9830169 -0.03200705 -0.1807025
vn -0.0007890586 0.9982188 -0.05965535
vn -0.9794062 0.02749119 0.2000192
vn -0.005511738 -0.9981915 0.05986167
vn 0.9128822 -0.05465985 -0.4045472
vn -0.001534142 0.9987846 -0.04926471
vn -0.9137779 0.05432628 0.4025651
vn 0.001559512 -0.9987745 0.04946786
vn 0.6082571 -0.06914479 -0.7907227
vn -0.05765388 0.995474 -0.07554898
vn -0.5939763 0.07248347 0.8012105
vn 0.05756967 -0.9954958 0.07532502
vn 0.6836745 -0.03551309 -0.7289225
vn -0.01144381 0.9989875 -0.04350977
vn -0.6823492 0.03601204 0.7301389
vn 0.01131235 -0.9989951 0.04336965
vn 0.6773292 -0.06486479 -0.732815
vn -0.02142905 0.9923512 -0.1215735
vn -0.6776124 0.06478508 0.7325602
vn 0.02156124 -0.992336 0.1216735
vn -0.8053176 -0.1964068 -0.5593639
vn 0.02204578 -0.9980828 0.05783524
vn 0.04434249 -0.9928293 0.1110126
vn -0.04441288 0.9928272 -0.1110036
vn 0.3973805 -0.09912119 -0.9122849
vn 0.986333 0.06084419 -0.1531187
vn 0.01837044 -0.1092174 -0.9938481
vn -0.01527564 0.1093283 0.9938883
vn -0.1046023 0.9861981 -0.1283429
vn -0.3942006 0.09944468 0.9136283
vn 0.1051221 -0.986115 0.1285555
vn 0.8575499 0.04177833 -0.5127015
vn -0.05405719 0.9979643 -0.03383974
vn -0.854403 -0.04161261 0.5179421
vn 0.05360009 -0.9980097 0.03322395
vn 0.5644405 0.02690715 -0.8250351
vn -0.0125454 0.999908 -0.005169632
vn -0.5521975 -0.02666335 0.8332869
vn 0.01263871 -0.9999062 0.005279094
vn 0.5582119 -0.04735765 -0.8283458
vn -0.09329554 0.9885348 -0.1187221
vn -0.5621492 0.04676856 0.8257124
vn 0.09333388 -0.9885266 0.1187597
vn 0.9568313 0.0118568 -0.2904022
vn -0.004742262 0.99875 -0.04976007
vn -0.9502538 -0.008752701 0.3113537
vn 0.004853703 -0.9987392 0.04996482
vn 0.9696844 0.07947103 -0.2310767
vn -0.003750003 0.9998443 0.01724401
vn -0.9705641 -0.04465385 0.236667
vn 0.005999645 -0.9998163 -0.0182061
vn 0.5161495 -0.009025248 -0.8564509
vn -0.08754289 0.9940486 -0.064836
vn -0.5381071 0.01200445 0.842791
vn 0.0881547 -0.9940448 0.06405976
vn 0.9127687 0.01761298 -0.408097
vn -0.03552499 0.9961791 -0.07978251
vn -0.9020526 -0.01477855 0.4313731
vn 0.03555298 -0.9961771 0.07979562
vn -0.519975 -0.09671662 -0.8486884
vn 0.08468015 -0.9923773 0.08953567
vn -0.0847149 0.99238 -0.08947381
vn -0.6820832 -0.125903 -0.7203547
vn 0.465709 -0.006172825 -0.8849164
vn -0.7907013 -0.1205357 -0.6002188
vn 0.7925783 0.120442 0.5977571
vn -0.08127813 0.9934012 -0.08092048
vn 0.6804492 0.1259078 0.7218977
vn 0.08130775 -0.9934005 0.08089776
vn -0.7629135 -0.07795258 -0.6417838
vn -0.0708855 0.9970509 -0.02940495
vn 0.7664687 0.07795677 0.6375331
vn 0.07086629 -0.9970519 0.02941874
vn -0.7832001 -0.03743367 -0.6206419
vn -0.01970043 0.9991904 -0.03507563
vn 0.7830449 0.03744343 0.6208371
vn 0.01970139 -0.9991907 0.0350711
vn -0.6860102 0.01728197 0.7273867
vn 0.08199295 -0.9788558 0.1873993
vn -0.08205043 0.9788589 -0.1873577
vn -0.3127188 -0.206438 -0.927141
vn 0.7925799 -0.01591212 -0.6095604
vn -0.4617107 -0.2028882 -0.8635159
vn 0.4644465 0.2028076 0.8620664
vn -0.08254813 0.9805173 -0.1782464
vn 0.3105911 0.2064031 0.9278637
vn 0.08258448 -0.9805157 0.178238
vn -0.4210756 -0.1881627 -0.8872938
vn -0.1432532 0.9800285 -0.1379225
vn 0.4260628 0.1879902 0.8849465
vn 0.1429672 -0.9800583 0.1380076
vn -0.4543616 -0.1546781 -0.8772857
vn -0.09786279 0.9894289 -0.1070206
vn 0.4515032 0.154925 0.8787168
vn 0.09809897 -0.9894247 0.1068425
vn -0.7508836 0.07336304 0.6563473
vn 0.03759819 -0.9990363 0.02264946
vn -0.037511 0.9990422 -0.02252897
vn 0.5171519 0.1023064 0.8497573
vn 0.0297601 -0.9987281 0.04070108
vn -0.8603837 -0.02032846 0.5092413
vn 0.8592403 0.0201864 -0.5111739
vn 0.8222033 -0.002733787 -0.5691875
vn -0.0297782 0.9987264 -0.04072924
vn -0.822734 0.002681237 0.5684204
vn 0.05502785 -0.9960074 0.07029362
vn 0.6531432 -0.0160942 -0.7570634
vn -0.05506378 0.996002 -0.07034323
vn -0.6472561 0.01655583 0.7620928
vn 0.04027598 -0.9985523 0.03565374
vn 0.9911671 0.02906908 -0.129394
vn -0.04035896 0.9985434 -0.03580851
vn -0.9847647 -0.0262196 0.1719043
vn 0.03670938 -0.9990568 0.02319428
vn 0.6360779 0.006584274 -0.7715968
vn -0.03697493 0.9990402 -0.02348331
vn -0.6125726 -0.002345301 0.7904109
vn 0.07203288 -0.9954095 0.06301668
vn 0.8679063 0.0178915 -0.4964056
vn -0.07230511 0.9953825 -0.06313176
vn -0.8635339 -0.01753122 0.5039861
vn 0.0590437 -0.9960451 0.06639317
vn 0.770876 -0.03728686 -0.635893
vn -0.05892215 0.9960616 -0.0662543
vn -0.7699134 0.03739211 0.637052
vn 0.0782872 -0.9960304 0.04236177
vn 0.9406044 0.06028811 -0.3341087
vn -0.0783231 0.9960253 -0.04241758
vn -0.9405113 -0.0602596 0.3343759
vn -0.4358296 0.05960897 -0.8980531
vn 0.04165325 -0.9963584 0.07439756
vn -0.04169752 0.9963607 -0.0743421
vn -0.8203009 -0.07589961 -0.5668736
vn 0.6034306 -0.0005233172 -0.7974154
vn -0.6852487 -0.08160248 -0.7237233
vn 0.6874986 0.08150607 0.7215972
vn -0.06351057 0.9965096 -0.05417689
vn 0.8205698 0.07586878 0.5664886
vn 0.06355809 -0.9965093 0.05412632
vn -0.6413522 0.02607039 0.7668037
vn -0.9642339 0.193542 -0.1810926
vn -0.9254204 0.1959679 0.324336
vn -0.6376635 0.2078611 0.7417406
vn -0.1796662 0.2259584 0.9574251
vn 0.3233655 0.2452724 0.9139345
vn 0.7355735 0.26056 0.625332
vn 0.9481415 0.2678042 0.1711977
vn 0.9069881 0.2652156 -0.3271596
vn 0.624174 0.2535528 -0.7389979
vn 0.173467 0.2358488 -0.9561823
vn -0.3272161 0.2166979 -0.9197673
vn -0.7443748 0.2011795 -0.6367363
vn 0.009820448 -0.9998105 0.01681348
vn -0.9627483 0.187952 -0.1943956
vn -0.9328322 0.1809224 0.3115945
vn -0.6525711 0.1874079 0.7341862
vn -0.1986257 0.2056155 0.9582641
vn 0.3048795 0.2304982 0.9240775
vn 0.7219182 0.255264 0.6431753
vn 0.942339 0.2733277 0.1931043
vn 0.909961 0.2800353 -0.3058617
vn 0.6345417 0.2737184 -0.7227968
vn 0.1879076 0.2560017 -0.9482373
vn -0.3131269 0.2314416 -0.921079
vn -0.7350153 0.2065068 -0.6458387
vn 0.01926235 -0.9998119 -0.002274406
vn -0.9640421 0.2002062 0.1747577
vn -0.7443406 0.2178884 0.6312541
vn -0.3246465 0.2390816 0.91512
vn 0.1804209 0.2579935 0.949151
vn 0.6333354 0.269461 0.7254496
vn 0.9126159 0.2704327 0.3065916
vn 0.9457693 0.2607762 -0.1936914
vn 0.7264552 0.243182 -0.6427484
vn 0.313388 0.222329 -0.9232323
vn -0.1854312 0.2036695 -0.9613189
vn -0.6387265 0.1921141 -0.7450643
vn -0.9246432 0.1908019 -0.3295901
vn 0.01457478 -0.9988437 0.04581281
vn -0.9508611 0.1721724 0.2573323
vn -0.6940638 0.1915304 0.6939681
vn -0.2526746 0.221484 0.9418601
vn 0.2527894 0.2538456 0.9336274
vn 0.6848094 0.2797767 0.6728753
vn 0.9277248 0.2923222 0.2321086
vn 0.9189001 0.2882982 -0.269271
vn 0.6631125 0.2689685 -0.6985255
vn 0.2286 0.2395037 -0.9435995
vn -0.270988 0.2076032 -0.9399289
vn -0.7040119 0.1816441 -0.686566
vn -0.9538133 0.1686092 -0.2486184
vn 0.04473426 -0.9984624 0.03273745
vn -0.7152942 0.1553122 -0.6813459
vn -0.9594322 0.1525659 -0.2370942
vn -0.9476955 0.1709123 0.2695594
vn -0.6835491 0.2053169 0.7004325
vn -0.2400274 0.2463141 0.9389974
vn 0.2618169 0.2827734 0.9227628
vn 0.6876479 0.305043 0.6588545
vn 0.9259682 0.3074335 0.2192432
vn 0.9153092 0.2894498 -0.2800498
vn 0.6580614 0.2557644 -0.7081948
vn 0.220367 0.2151239 -0.951399
vn -0.2825589 0.1783012 -0.9425334
vn 0.04150092 -0.9986525 0.03116048
vn -0.7476649 0.09897168 -0.6566595
vn -0.9739369 0.1010934 -0.2030442
vn -0.9433404 0.1379053 0.301813
vn -0.6644816 0.199325 0.7202318
vn -0.2143641 0.2685097 0.9391223
vn 0.284259 0.3267285 0.9013575
vn 0.6980171 0.3586035 0.6198192
vn 0.9186792 0.3560314 0.1710855
vn 0.8894281 0.3198909 -0.3264774
vn 0.6175286 0.2595938 -0.7424753
vn 0.1730306 0.1908607 -0.9662467
vn -0.326942 0.1319694 -0.9357847
vn 0.08857602 -0.9940713 0.0630604
vn -0.9652963 0.2114549 0.1532643
vn -0.7568864 0.2203552 0.6152778
vn -0.34419 0.2321304 0.9097521
vn 0.1600768 0.2435566 0.9565854
vn 0.618571 0.2514918 0.7443935
vn 0.9082511 0.2537997 0.3326645
vn 0.9538003 0.2499385 -0.166721
vn 0.7455924 0.2410279 -0.6212872
vn 0.33944 0.2294578 -0.9122114
vn -0.158476 0.2182474 -0.96294
vn -0.6171655 0.2103228 -0.7582026
vn -0.9133987 0.2078094 -0.3500258
vn -0.0002189382 -0.9994447 0.03332073
vn -0.591897 0.1882786 -0.783715
vn -0.9003319 0.208628 -0.3819385
vn -0.9645147 0.2349719 0.1204145
vn -0.7672026 0.2601116 0.5862952
vn -0.363344 0.277188 0.889465
vn 0.1364402 0.2816449 0.9497685
vn 0.5979499 0.2724449 0.7538102
vn 0.8999193 0.2521877 0.3557341
vn 0.9640706 0.2262653 -0.1391833
vn 0.7731948 0.2014555 -0.6013198
vn 0.375811 0.1842873 -0.9081874
vn -0.1239441 0.1794083 -0.9759358
vn -0.02867195 -0.9985921 0.04462918
vn 0.4265182 -0.01239152 0.9043941
vn 0.8215358 -0.01718437 0.5698979
vn 0.9964232 -0.0173728 0.08269861
vn 0.9043198 -0.01290641 -0.4266604
vn 0.5699049 -0.004981145 -0.8216956
vn 0.08278404 0.004278434 -0.9965584
vn -0.4265184 0.01239154 -0.904394
vn -0.8215359 0.01718435 -0.5698978
vn -0.9964232 0.01737252 -0.08269837
vn -0.9043199 0.01290592 0.4266602
vn -0.5699049 0.004981046 0.8216956
vn -0.08278395 -0.004278327 0.9965584
vn 0.016958 0.99984 0.005700967
vn -0.01695817 -0.99984 -0.005701021
vn 0.4265181 -0.01239132 0.9043942
vn 0.8215356 -0.01718401 0.5698982
vn 0.9964232 -0.01737221 0.08269855
vn 0.9043201 -0.01290567 -0.4266599
vn 0.5699049 -0.004980973 -0.8216956
vn 0.08278416 0.004278453 -0.9965584
vn -0.4265181 0.01239132 -0.9043941
vn -0.8215357 0.01718402 -0.5698981
vn -0.9964232 0.0173721 -0.08269867
vn -0.90432 0.0129055 0.4266601
vn -0.5699049 0.004980834 0.8216956
vn -0.08278406 -0.004278472 0.9965584
vn 0.01695837 0.99984 0.005701224
vn -0.01695833 -0.99984 -0.005701
vn 0.4265178 -0.01239155 0.9043943
vn 0.8215357 -0.01718472 0.5698981
vn 0.9964232 -0.01737298 0.08269873
vn 0.9043201 -0.01290658 -0.4266598
vn 0.5699052 -0.004981568 -0.8216954
vn 0.08278437 0.004278352 -0.9965583
vn -0.4265183 0.01239173 -0.904394
vn -0.8215356 0.0171848 -0.5698982
vn -0.9964232 0.01737304 -0.08269884
vn -0.90432 0.01290632 0.42666
vn -0.5699052 0.004981643 0.8216954
vn -0.08278435 -0.004278168 0.9965583
vn 0.01695861 0.99984 0.005701022
vn -0.01695876 -0.99984 -0.005701111
vn 0.4265178 -0.01239152 0.9043943
vn 0.8215356 -0.01718446 0.5698982
vn 0.9964232 -0.01737282 0.08269877
vn 0.9043201 -0.0129062 -0.4266598
vn 0.5699053 -0.004981015 -0.8216953
vn 0.0827844 0.004278641 -0.9965583
vn -0.4265178 0.01239167 -0.9043943
vn -0.8215355 0.01718449 -0.5698984
vn -0.9964232 0.0173729 -0.08269859
vn -0.9043202 0.01290636 0.4266598
vn -0.5699052 0.0049818 0.8216954
vn -0.0827843 -0.004278203 0.9965584
vn 0.01695848 0.99984 0.005700796
vn -0.01695851 -0.99984 -0.005701019
vn 0.426518 -0.01239012 0.9043943
vn 0.8215356 -0.01718295 0.5698982
vn 0.9964232 -0.01737174 0.08269896
vn 0.90432 -0.012906 -0.4266601
vn 0.5699052 -0.004981498 -0.8216954
vn 0.08278437 0.004277418 -0.9965583
vn -0.4265181 0.01239014 -0.9043942
vn -0.8215357 0.01718293 -0.5698981
vn -0.9964232 0.01737147 -0.08269873
vn -0.9043201 0.01290552 0.4266599
vn -0.5699052 0.004981399 0.8216954
vn -0.08278428 -0.004277312 0.9965583
vn 0.01695704 0.99984 0.005699874
vn -0.0169572 -0.99984 -0.005699928
vn 0.1983151 0.04021386 0.9793131
vn -0.417621 -0.05131337 -0.9071712
vn 0.07989832 -0.9966916 0.01490373
vn -0.07986277 0.9966932 -0.01499146
vn 0.9803745 0.06467419 -0.1862341
vn -0.9772235 -0.06888807 0.2007208
vn -0.6007538 -0.0620978 -0.7970187
vn 0.6007526 0.06209752 0.7970197
vn 0.03414986 -0.9980618 0.05202241
vn -0.03414976 0.9980618 -0.0520225
vn -0.7987049 0.004034391 0.6017094
vn 0.798705 -0.004036815 -0.6017094
vn 0.3303438 0.790292 -0.5160539
vn 0.738162 0.5455905 0.396797
vn 0.6083331 0.7614455 -0.2239015
vn -0.03414719 0.9980618 -0.05202444
vn 0.7011266 0.7122232 -0.03405401
vn 0.02001944 0.7542836 -0.6562435
vn -0.03414633 0.9980621 -0.05202061
vn 0.6007522 0.06209744 0.79702
vn 0.03414949 -0.9980618 0.05202269
vn -0.6007538 -0.06209777 -0.7970187
vn 0.6068544 0.7896175 0.09073105
vn 0.02027309 0.7522236 -0.658596
vn -0.03414976 0.9980618 -0.0520226
vn 0.6007527 0.06209758 0.7970196
vn 0.03414978 -0.9980619 0.05202244
vn -0.6007532 -0.06209766 -0.7970191
vn -0.03414969 0.9980619 -0.05202251
vn -0.03414972 0.9980618 -0.05202253
vn -0.6007534 -0.06209813 -0.7970189
vn 0.0341474 -0.998062 0.05202258
vn 0.6007529 0.06209759 0.7970194
vn -0.03414372 0.9980621 -0.05202249
vn 0.02001802 0.7542826 -0.6562446
vn 0.6068537 0.789618 0.09073092
vn -0.03414716 0.9980618 -0.05202448
vn -0.3793622 0.7643052 0.5214615
vn -0.5764819 0.7980319 0.1755384
vn -0.03414718 0.9980618 -0.05202454
vn 0.6007532 0.0620976 0.7970192
vn 0.03414724 -0.9980618 0.05202435
vn -0.6007534 -0.06209767 -0.797019
vn -0.03414713 0.9980618 -0.05202443
vn -0.07881607 0.7154682 0.6941854
vn -0.6329539 0.756243 -0.165729
vn -0.03414976 0.9980618 -0.05202261
vn 0.6007544 0.06209742 0.7970183
vn 0.03414725 -0.9980618 0.05202441
vn -0.6007526 -0.06209765 -0.7970197
vn -0.0341497 0.9980618 -0.05202251
vn -0.2328939 0.7877152 0.5703202
vn -0.6329537 0.7562422 -0.1657332
vn -0.03414531 0.9980623 -0.05201675
vn 0.6007537 0.06209753 0.7970188
vn 0.0341484 -0.9980619 0.05202292
vn -0.6007527 -0.06209804 -0.7970195
vn -0.03414718 0.9980618 -0.05202455
vn -0.07518813 0.7917011 0.6062642
vn -0.6139176 0.7724628 -0.1625006
vn -0.03414972 0.9980618 -0.05202257
vn 0.6007542 0.06209727 0.7970184
vn 0.03414775 -0.998062 0.05202235
vn -0.6007521 -0.06209816 -0.79702
vn -0.7014586 0.580689 -0.4132268
vn -0.4281824 0.4597493 -0.7780041
vn -0.6712552 0.4052159 -0.6206582
vn -0.3214873 0.4493421 -0.8335091
vn -0.6653967 0.517603 -0.5378981
vn -0.4281832 0.4597494 -0.7780038
vn -0.6270058 0.4599873 -0.6287093
vn -0.1997059 0.579769 -0.7899275
vn 0.7023823 0.3833227 0.5997691
vn 0.4177708 0.4841433 0.7688127
vn 0.6265181 0.4839232 0.6109774
vn 0.4177709 0.4841425 0.7688131
vn 0.6265205 0.4839219 0.6109762
vn 0.3776783 0.3610397 0.8526485
vn -0.03414981 0.9980618 -0.05202254
vn 0.1748476 0.5843039 0.7924755
vn 0.5701345 0.03369876 -0.82086
vn -0.5589404 0.1730248 0.8109551
vn -0.01695582 -0.99984 -0.00569886
vn -0.8110772 0.1569415 -0.563492
vn 0.8207955 0.05062968 0.568974
vn 0.9870488 0.0624579 -0.1477624
vn -0.9870487 -0.06245795 0.1477627
vn 0.06871952 -0.9969252 0.03765495
vn -0.06871998 0.9969251 -0.03765541
vn -0.1449564 -0.04732202 -0.9883057
vn 0.1449564 0.04732195 0.9883057
vn 0.9444044 0.03077283 -0.3273431
vn -0.9444042 -0.03077293 0.3273435
vn 0.04085583 -0.9988775 0.02396977
vn -0.04085636 0.9988775 -0.02397054
vn -0.3262382 -0.03601161 -0.9446014
vn 0.3262383 0.03601147 0.9446014
vn 0.8038238 -0.03128834 -0.5940441
vn -0.8038236 0.0312883 0.5940443
vn -0.0193562 -0.9994627 0.02645076
vn 0.01935534 0.9994627 -0.02645124
vn -0.5945528 -0.00976391 -0.8039974
vn 0.5945528 0.009763855 0.8039974
vn 0.8957857 0.04279582 -0.4424212
vn -0.8957856 -0.04279586 0.4424214
vn 0.05167859 -0.9986314 0.00803771
vn -0.05167936 0.9986314 -0.008038337
vn -0.4414719 -0.03006438 -0.8967713
vn 0.4414719 0.03006432 0.8967713
vn 0.8727865 0.02008237 -0.4876888
vn -0.8727864 -0.02008241 0.487689
vn 0.03326583 -0.9992774 0.01838561
vn -0.03326662 0.9992774 -0.0183862
vn -0.4869674 -0.0322707 -0.8728238
vn 0.4869674 0.03227064 0.8728238
vn 0.02538993 -0.02631546 -0.9993312
vn -0.02538969 0.02631542 0.9993312
vn 0.0506039 -0.998338 0.02757535
vn -0.05060481 0.998338 -0.02757497
vn -0.998396 -0.05127079 -0.02401581
vn 0.998396 0.05127073 0.02401583
vn 0.8727865 0.02008237 -0.4876889
vn -0.8727863 -0.02008241 0.4876891
vn 0.03326583 -0.9992774 0.01838562
vn -0.03326663 0.9992774 -0.0183862
vn -0.4869675 -0.0322707 -0.8728237
vn 0.4869675 0.03227064 0.8728238
vn 0.947147 0.005868812 -0.3207465
vn -0.9471467 -0.005868825 0.320747
vn 0.007408979 -0.9999661 0.003581757
vn -0.00740867 0.9999661 -0.003581229
vn -0.3207149 -0.005769129 -0.9471582
vn 0.320715 0.005769109 0.9471582
vn 0.8038239 -0.03128825 -0.594044
vn -0.8038237 0.0312882 0.5940442
vn -0.01935621 -0.9994627 0.02645059
vn 0.01935535 0.9994627 -0.02645107
vn -0.5945526 -0.009763771 -0.8039975
vn 0.5945526 0.009763715 0.8039975
vn -0.6760937 0.0317963 0.7361293
vn 0.6766654 -0.0008774507 -0.7362902
vn -0.02894866 -0.9994434 0.01658341
vn 0.4377296 0.7696416 -0.4648061
vn 0.7713042 -0.002343991 0.6364624
vn -0.7713041 0.002343911 -0.6364624
vn 0.955258 0.05334572 -0.2909234
vn -0.955258 -0.05334586 0.2909234
vn 0.06603824 -0.9972383 0.03398037
vn -0.0660383 0.9972383 -0.03398096
vn -0.2883073 -0.0516726 -0.9561427
vn 0.2883073 0.05167253 0.9561427
vn 0.968352 -0.004139029 -0.2495543
vn -0.968352 0.004138952 0.2495545
vn -0.003715753 -0.9999908 0.00216912
vn 0.003714974 0.9999908 -0.002169654
vn -0.249561 -0.001173967 -0.9683584
vn 0.249561 0.001173906 0.9683584
vn 0.07186426 -0.9973859 0.007557248
vn -0.3957655 0.7099187 -0.5825676
vn -0.8571667 -0.05788357 0.5117762
vn 0.8571665 0.05788375 -0.5117764
vn -0.5100015 -0.04325663 -0.8590852
vn 0.5100014 0.04325629 0.8590853
vn 0.3064449 0.7413214 0.5971047
vn 0.8598902 -1.269977E-07 -0.5104792
vn -0.8598902 2.875165E-07 0.5104789
vn 1 1.007501E-07 -1.206207E-08
vn -1 1.078273E-07 1.20621E-08
vn -4.890274E-09 -1 -1.665838E-07
vn 4.890272E-09 1 6.361221E-08
vn -1.677039E-08 1.245644E-07 -1
vn 3.835692E-09 8.23961E-08 1
vn 1 1.007501E-07 -1.206207E-08
vn -1 1.078273E-07 1.20621E-08
vn -4.890274E-09 -1 -1.665838E-07
vn 4.890272E-09 1 6.361221E-08
vn -1.677039E-08 1.245644E-07 -1
vn 3.835692E-09 8.23961E-08 1
vn 1 1.007501E-07 -1.206207E-08
vn -1 1.078273E-07 1.20621E-08
vn -4.890274E-09 -1 -1.665838E-07
vn 4.890272E-09 1 6.361221E-08
vn -1.677039E-08 1.245644E-07 -1
vn 3.835692E-09 8.23961E-08 1
vn 1 1.007501E-07 -1.206207E-08
vn -1 1.078273E-07 1.20621E-08
vn -4.890274E-09 -1 -1.665838E-07
vn 4.890272E-09 1 6.361221E-08
vn -1.677039E-08 1.245644E-07 -1
vn 3.835692E-09 8.23961E-08 1
vn 0.6064109 0.1317811 0.7841554
vn 0.8543893 0.1054523 0.5088209
vn 0.9988551 0.04529235 0.01540381
vn 0.8332996 -0.03817314 -0.5515022
vn 0.517862 -0.09206452 -0.8504959
vn 0.02128913 -0.1324562 -0.9909602
vn -0.6064104 -0.1317813 -0.7841557
vn -0.854389 -0.1054528 -0.5088215
vn -0.9988551 -0.04529255 -0.01540425
vn -0.8332997 0.03817318 0.551502
vn -0.5178639 0.09206424 0.8504947
vn -0.02128813 0.1324562 0.9909602
vn -0.04284262 0.9901535 -0.1332691
vn 0.04284273 -0.9901535 0.1332687
vn 0.5129778 0.4840161 0.7089303
vn 0.7336245 0.5220644 0.4350218
vn 0.8482737 0.5124316 -0.1335876
vn 0.7579218 0.3639153 -0.5414059
vn 0.2882321 0.4744429 -0.8317609
vn -0.1362889 0.4542108 -0.8804078
vn -0.6298736 0.319333 -0.7080154
vn -0.8424675 0.379947 -0.3819539
vn -0.9272368 0.3742929 -0.01169622
vn -0.8273324 0.2485637 0.5037233
vn -0.4796655 0.3106034 0.8206379
vn -0.08308289 0.4061219 0.9100342
vn 0.4689877 0.8747219 -0.1221155
vn 0.61383 0.1078001 0.7820435
vn -0.1416964 0.9892825 -0.03524609
vn -0.04879692 0.8547027 -0.5168194
vn -0.1341669 0.9906514 -0.02467727
vn -0.3681593 0.8775058 0.3073148
vn -0.1485319 0.9879144 -0.04431105
vn -0.1416951 0.9892828 -0.03524419
vn -0.6506852 0.7476385 -0.1328369
vn 0.1852564 0.8453293 -0.5010974
vn -0.2428951 0.7189217 0.6512707
vn -0.1355448 0.9905913 -0.01887997
vn -0.1341654 0.9906517 -0.02467516
vn -0.7123497 0.676293 0.1875789
vn 0.3025375 0.9496576 0.08137317
vn 0.8558105 0.1288756 0.5009787
vn 0.9917345 0.1282984 0.001506683
vn 0.8188067 0.08524693 -0.5677047
vn 0.5011609 0.03337621 -0.8647102
vn 0.006115461 -0.03553319 -0.9993498
vn -0.6138296 -0.1078017 -0.7820435
vn -0.8558093 -0.1288762 -0.5009804
vn -0.9917345 -0.1282981 -0.001506287
vn -0.8188066 -0.08524718 0.5677047
vn -0.5011621 -0.03337709 0.8647096
vn -0.006113657 0.0355322 0.9993498
vn 0.1281483 -0.9911014 0.03599897
vn 0.9722811 0.009934505 -0.233604
vn -0.9722811 -0.009934505 0.233604
vn 0.02967691 -0.99626 0.08114999
vn -0.148504 0.7979422 -0.5841531
vn -0.2319241 -0.08583324 -0.9689396
vn 0.2319241 0.08583324 0.9689396
vn 0.5157355 0.8337203 -0.1973007
vn 0.1093088 0.8638815 0.4916914
vn -0.5602329 0.8260922 0.0609175
vn 0.004459033 -0.9969349 0.07810836
vn -0.9161879 0.02722818 0.3998229
vn 0.004459635 -0.996935 0.0781082
vn -0.004460402 0.996935 -0.07810786
vn -0.4007242 -0.07334492 -0.9132583
vn 0.400724 0.0733448 0.9132584
vn 0.9161876 -0.02722819 -0.3998236
vn 0.004459156 -0.9969349 0.07810885
vn 0.004458612 -0.996935 0.07810721
vn 0.9161887 -0.0272282 -0.3998212
vn -0.004460363 0.996935 -0.07810782
vn -0.004459984 0.996935 -0.07810825
vn -0.004459949 0.996935 -0.07810745
vn -0.004460554 0.996935 -0.07810816
vn -0.004460481 0.996935 -0.07810785
vn 0.4007238 0.07334498 0.9132584
vn -0.004459155 0.9969349 -0.07810894
vn -0.4007239 -0.0733441 -0.9132585
vn 0.9161876 -0.02722828 -0.3998235
vn 0.4007247 0.07334404 0.9132581
vn -0.004458982 0.996935 -0.07810824
vn -0.4007254 -0.07334489 -0.9132578
vn 0.9161881 -0.02722822 -0.3998224
vn 0.00445908 -0.9969349 0.07810853
vn 0.3341558 0.07510488 0.9395207
vn -0.004458705 0.996935 -0.07810755
vn -0.3341558 -0.07510398 -0.9395208
vn 0.9425069 -0.02191167 -0.3334677
vn 0.4007248 0.07334454 0.9132581
vn -0.004459057 0.9969349 -0.07810848
vn -0.4007246 -0.07334494 -0.9132581
vn 0.9161877 -0.0272284 -0.3998233
vn 0.09493164 -0.9923936 0.07837782
vn 0.5215191 -0.01748483 -0.8530605
vn 0.09493124 -0.9923936 0.0783783
vn -0.0949308 0.9923936 -0.07837901
vn 0.8479422 0.1218578 0.5158923
vn -0.847942 -0.1218579 -0.5158924
vn -0.5215184 0.01748498 0.8530609
vn 0.09493124 -0.9923936 0.07837748
vn 0.09493263 -0.9923934 0.07837851
vn -0.5215206 0.01748446 0.8530595
vn -0.09493085 0.9923935 -0.07837902
vn -0.09493092 0.9923936 -0.07837845
vn -0.0949314 0.9923934 -0.07837909
vn -0.0949305 0.9923936 -0.07837885
vn -0.09493074 0.9923936 -0.07837906
vn -0.8479419 -0.1218577 -0.5158926
vn -0.0949312 0.9923936 -0.07837742
vn 0.8479419 0.1218586 0.5158924
vn -0.5215185 0.01748487 0.8530608
vn -0.8479424 -0.1218586 -0.5158917
vn -0.09493174 0.9923935 -0.07837788
vn 0.8479428 0.1218578 0.5158911
vn -0.5215195 0.01748469 0.8530602
vn 0.09493148 -0.9923936 0.07837769
vn -0.8084616 -0.1227963 -0.5755962
vn -0.09493236 0.9923934 -0.07837829
vn 0.8084614 0.1227972 0.5755962
vn -0.5808414 0.008722753 0.81397
vn -0.8479425 -0.1218581 -0.5158917
vn -0.09493154 0.9923936 -0.07837772
vn 0.8479424 0.1218577 0.5158918
vn -0.5215186 0.0174847 0.8530607
vn 0.0002710538 -0.9992235 0.03940071
vn -0.6753768 0.02887472 0.7369073
vn 0.0002715058 -0.9992235 0.03940034
vn -0.0002720993 0.9992235 -0.03939972
vn -0.7374727 -0.02681024 -0.6748446
vn 0.7374727 0.02681012 0.6748447
vn 0.6753763 -0.02887454 -0.7369079
vn 0.0002712639 -0.9992235 0.03940105
vn 0.0002698794 -0.9992235 0.03939962
vn 0.6753782 -0.02887468 -0.7369061
vn -0.0002721609 0.9992235 -0.03939973
vn -0.0002718649 0.9992235 -0.0394002
vn -0.0002715847 0.9992235 -0.03939952
vn -0.0002722802 0.9992235 -0.03939979
vn -0.0002721539 0.9992235 -0.03939958
vn 0.7374725 0.02681029 0.6748449
vn -0.000271339 0.9992235 -0.0394012
vn -0.7374725 -0.02680941 -0.6748448
vn 0.6753762 -0.0288747 -0.7369079
vn 0.737473 0.02680937 0.6748444
vn -0.0002710059 0.9992235 -0.03940058
vn -0.737474 -0.02681019 -0.6748433
vn 0.6753772 -0.0288747 -0.7369069
vn 0.0002710804 -0.9992235 0.03940096
vn 0.6872686 0.02880722 0.725832
vn -0.0002702149 0.9992235 -0.03939997
vn -0.6872686 -0.02880631 -0.725832
vn 0.726402 -0.02688286 -0.686744
vn 0.7374731 0.02680993 0.6748441
vn -0.0002710373 0.9992235 -0.03940085
vn -0.737473 -0.02681026 -0.6748443
vn 0.6753765 -0.02887473 -0.7369076
vn 0.6646125 -0.08709429 -0.7420949
vn -0.664612 0.08709413 0.7420954
vn -0.04587103 -0.9960659 0.07581927
vn 0.04587044 0.996066 -0.07581855
vn -0.7457788 -0.01634978 -0.665993
vn 0.7457788 0.01634978 0.665993
vn -0.04587025 -0.9960662 0.07581559
vn 0.04587097 0.9960658 -0.07582069
vn -0.04587622 -0.9960654 0.07582219
vn -0.04587368 -0.9960654 0.07582376
vn -0.04587388 -0.9960654 0.07582401
vn 0.6646124 -0.08709458 -0.7420949
vn -0.6646132 0.08709474 0.7420942
vn -0.6646132 0.08709413 0.7420942
vn -0.6646119 0.08709476 0.7420954
vn 0.7457795 0.01634718 0.6659923
vn -0.6646128 0.08709603 0.7420944
vn -0.7457786 -0.01634734 -0.6659933
vn 0.6646126 -0.08709409 -0.7420948
vn 0.7457786 0.01634842 0.6659932
vn -0.6646128 0.08709507 0.7420945
vn -0.7457777 -0.01634856 -0.6659943
vn 0.6646125 -0.08709628 -0.7420946
vn 0.7457781 0.01634737 0.6659939
vn 0.0458701 0.9960663 -0.07581547
vn -0.7457781 -0.01634737 -0.6659939
vn 0.6646125 -0.08709599 -0.7420947
vn 0.7457803 0.01634816 0.6659913
vn 0.04587606 0.9960655 -0.07582217
vn -0.7457803 -0.01634817 -0.6659914
vn 0.6646125 -0.08709488 -0.7420948
vn 0.7457783 0.01635046 0.6659936
vn 0.04587609 0.9960655 -0.07582206
vn -0.7457782 -0.01634905 -0.6659938
vn 0.6646127 -0.08709442 -0.7420947
vn 0.7457784 0.01635192 0.6659935
vn 0.04587586 0.9960655 -0.0758218
vn -0.7457783 -0.01635046 -0.6659936
vn 0.6646127 -0.08709466 -0.7420946
vn 0.7457786 0.01634862 0.6659932
vn -0.6646128 0.0870962 0.7420944
vn -0.7457777 -0.0163487 -0.6659943
vn 0.04587067 0.996066 -0.07581825
vn 0.7457795 0.0163465 0.6659923
vn -0.6646129 0.08709408 0.7420946
vn -0.7457786 -0.01634663 -0.6659934
vn 0.04587204 0.9960659 -0.07581967
vn 0.6684371 0.03667976 -0.7428637
vn -0.6684371 -0.03667976 0.7428637
vn 0.04758825 -0.9988459 -0.006498773
vn -0.4351414 0.8292969 -0.3505975
vn -0.7422448 -0.03100758 -0.6694112
vn 0.7422448 0.03100758 0.6694112
vn 0.3319654 0.8507352 -0.4074906
vn 0.3885703 0.8344201 0.3908404
vn -0.407848 0.8135211 0.41454
vn 0.9393523 0.02232935 -0.3422261
vn -0.9393523 -0.02232935 0.3422261
vn 0.05293409 -0.9953601 0.08035041
vn -0.05293409 0.9953601 -0.08035041
vn -0.3388441 -0.09359278 -0.9361758
vn 0.3388441 0.09359278 0.9361758
vn 0.5749002 -0.0331668 -0.8175511
vn -0.5749002 0.0331668 0.8175511
vn 0.006022124 -0.9989796 0.04476182
vn -0.006022124 0.9989796 -0.04476182
vn -0.8182014 -0.03065697 -0.5741138
vn 0.8182014 0.03065697 0.5741137
vn 0.9672243 -0.0118381 -0.2536474
vn -0.9672243 0.0118381 0.2536474
vn -0.003953932 -0.9994935 0.03157867
vn 0.5573696 0.8124223 -0.1711989
vn -0.2538733 -0.02525634 -0.9669077
vn 0.2538729 0.02525647 0.9669078
vn 0.5573754 0.8124184 -0.1711992
vn -0.2538741 -0.02525587 -0.9669075
vn -0.003953351 -0.9994934 0.03157983
vn 0.2538739 0.02525639 0.9669076
vn 0.5573776 0.8124165 -0.1712005
vn -0.2538739 -0.02525607 -0.9669076
vn -0.00395167 -0.9994935 0.03157837
vn 0.2538739 0.0252566 0.9669076
vn 0.5573785 0.8124163 -0.1711989
vn -0.2538729 -0.0252564 -0.9669078
vn -0.003948058 -0.9994935 0.03157814
vn 0.2538736 0.02525655 0.9669076
vn -0.5320876 0.8389662 0.1140991
vn -0.532088 0.8389661 0.1140975
vn -0.532088 0.8389661 0.1140974
vn -0.5320875 0.8389663 0.1140991
vn 0.553899 0.0006048884 -0.8325837
vn -0.553899 -0.0006048884 0.8325837
vn 0.01994912 -0.9997223 0.01254537
vn -0.01994912 0.9997223 -0.01254537
vn -0.8323449 -0.02355818 -0.5537572
vn 0.8323449 0.02355818 0.5537572
vn 0.9004034 -0.003500956 -0.4350419
vn -0.9004032 0.003501231 0.4350424
vn 0.02292235 -0.998197 0.05547454
vn -0.02292106 0.998197 -0.05547424
vn -0.4344518 -0.05992123 -0.8986996
vn 0.4344521 0.05992121 0.8986995
vn 0.9864852 0.02877536 -0.1613039
vn -0.9864852 -0.02877536 0.1613039
vn 0.03183898 -0.9993578 0.01643988
vn -0.1124609 0.834866 -0.5388426
vn -0.1607273 -0.02135344 -0.9867678
vn 0.1607273 0.02135344 0.9867678
vn 0.5218329 0.8467675 -0.1033214
vn 0.06653757 0.8292788 0.55486
vn -0.5698602 0.8183016 0.07511245
vn 0.0215022 -0.004450424 -0.9997589
vn -0.0215022 0.004450424 0.9997589
vn 0.06030907 -0.9981633 0.005740431
vn -0.581937 0.8130738 -0.01613536
vn -0.9979482 -0.06041794 -0.02119428
vn 0.9979482 0.06041794 0.02119428
vn -0.0381842 0.8273072 -0.5604506
vn 0.5254355 0.8508003 0.007513396
vn -0.06218093 0.8356031 0.5458032
vn 0.9617581 0.05579319 -0.2681574
vn -0.9617582 -0.05579306 0.2681574
vn 0.06830727 -0.9930928 0.09539779
vn -0.1999848 0.7710378 -0.6045717
vn -0.2610132 -0.1100796 -0.9590384
vn 0.2610132 0.1100796 0.9590384
vn 0.08888758 0.8856671 0.4557332
vn 0.9820932 0.03333548 -0.1854232
vn -0.9820932 -0.03333563 0.185423
vn 0.04429393 -0.9974881 0.0552763
vn -0.04429465 0.9974881 -0.05527618
vn -0.1831149 -0.06249993 -0.9811028
vn 0.1831148 0.0624999 0.9811028
vn 0.6818341 -1.189021E-05 -0.7315068
vn -0.6818831 9.606319E-06 0.7314612
vn 0.02435723 -0.9994451 0.02271996
vn -0.5490655 0.6617072 -0.5105592
vn 0.6809279 -5.301922E-05 -0.7323505
vn 0.7319462 0.03330894 0.6805479
vn -0.7360569 -0.03955856 -0.6757628
vn 0.6862234 -0.0263292 -0.7269142
vn -0.03313649 0.9992224 -0.02136811
vn -0.6861766 0.02746148 0.7269166
vn 0.02435804 -0.9994451 0.02272029
vn -0.7236409 -0.089241 -0.6843829
vn -0.02435804 0.9994451 -0.02272029
vn -0.6809277 5.312848E-05 0.7323507
vn 0.0243581 -0.9994451 0.02272116
vn -0.731946 -0.03330918 -0.680548
vn 0.400831 0.7866418 -0.4696052
vn 0.5625243 0.6403593 0.5229784
vn -0.4330165 0.7939046 0.4268632
vn 0.9657829 0.02462717 -0.2581801
vn -0.9657829 -0.02462703 0.2581801
vn 0.02961235 -0.9967487 0.07493364
vn -0.1645927 0.7905421 -0.589875
vn -0.2555252 -0.08002431 -0.9634848
vn 0.2555252 0.08002431 0.9634848
vn 0.1179435 0.8719379 0.4751986
vn 0.9583126 0.04421401 -0.2822802
vn -0.9583126 -0.04421387 0.2822802
vn 0.05060534 -0.9962672 0.06993456
vn -0.1945528 0.7894336 -0.5821888
vn -0.2781669 -0.08131356 -0.9570848
vn 0.2781669 0.08131356 0.9570848
vn 0.1131479 0.8722573 0.4757782
vn 0.6928465 0.02053555 -0.7207927
vn -0.6928465 -0.02053542 0.7207927
vn 0.0328652 -0.9986604 0.03996524
vn -0.4206988 0.8081486 -0.4121995
vn -0.71926 -0.05139638 -0.6928372
vn 0.7192602 0.05139636 0.6928371
vn 0.3735335 0.8578602 0.3529145
vn 0.6024637 0.05847546 -0.7960014
vn -0.6024636 -0.05847533 0.7960015
vn 0.08252415 -0.9963325 0.02261422
vn -0.5020655 0.7909235 -0.3498147
vn -0.792039 -0.07934104 -0.6052927
vn 0.7920392 0.07934103 0.6052926
vn 0.3728579 0.8715 0.3185355
vn 0.6156096 0.05569358 -0.7860808
vn -0.6156096 -0.05569346 0.7860808
vn 0.04638959 -0.9989232 -0.0006762389
vn -0.46826 0.8167511 -0.3371206
vn -0.785549 -0.03606186 -0.6177478
vn 0.7855492 0.03606186 0.6177476
vn 0.3992448 0.8495329 0.3448152
vn 0.6688025 0.03669494 -0.742534
vn -0.6688025 -0.03669494 0.742534
vn 0.04758824 -0.9988459 -0.006498656
vn -0.4349662 0.8293065 -0.3507922
vn -0.7419155 -0.03098959 -0.6697769
vn 0.7419155 0.03098959 0.6697769
vn 0.3321685 0.8507437 -0.4073074
vn 0.3883807 0.8344098 0.3910509
vn -0.4080493 0.8135127 0.4143583
vn 0.6881947 0.001563898 -0.7255244
vn -0.6881947 -0.001563898 0.7255244
vn 0.02309532 -0.9995381 0.01975245
vn -0.4053122 0.830233 -0.3826685
vn -0.7251584 -0.03034976 -0.687913
vn 0.7251584 0.03034976 0.687913
vn 0.3633081 0.8317928 -0.419676
vn 0.398753 0.8346072 0.3800354
vn -0.3982852 0.8334382 0.3830793
vn 0.04676659 -0.9959219 0.07715265
vn -0.611149 0.03256736 0.7908453
vn 0.04676615 -0.9959219 0.07715298
vn -0.04676574 0.9959219 -0.07715245
vn -0.7901329 -0.08413612 -0.6071336
vn 0.7901322 0.08413628 0.6071344
vn 0.04676775 -0.9959221 0.07714932
vn -0.04676739 0.9959217 -0.07715389
vn 0.04676517 -0.9959219 0.07715332
vn -0.04676281 0.9959218 -0.07715604
vn -0.04676289 0.9959218 -0.07715596
vn 0.0467659 -0.995922 0.07715207
vn 0.04676603 -0.995922 0.07715179
vn 0.04676704 -0.9959219 0.07715249
vn 0.7901322 0.08413411 0.6071347
vn 0.8049083 0.0113669 0.5932904
vn -0.6051079 0.01752903 0.7959505
vn -0.8049083 -0.0113669 -0.5932904
vn 0.6052686 -0.01734675 -0.7958323
vn 0.4576547 0.8297445 0.3194939
vn -0.6154093 0.01695253 0.7880254
vn -0.790132 -0.08414387 -0.6071336
vn 0.615584 -0.01712861 -0.7878851
vn -0.493862 0.7651171 -0.4131539
vn -0.6155813 0.01712595 0.7878873
vn -0.7901309 -0.08413634 -0.6071362
vn -0.5080508 0.7589443 -0.4072934
vn 0.7901317 0.08413298 0.6071355
vn -0.605269 0.01734629 0.795832
vn -0.8049051 -0.01136849 -0.5932948
vn 0.4585654 0.8355899 0.3025019
vn 0.79013 0.08413307 0.6071377
vn 0.4481994 0.8360382 0.3164766
vn -0.7843462 -0.03036875 -0.6195795
vn 0.60511 -0.0175257 -0.795949
vn 0.7901315 0.08413598 0.6071354
vn -0.0467657 0.995922 -0.07715199
vn -0.7860706 -0.09397475 -0.6109515
vn 0.6111493 -0.03256754 -0.7908451
vn 0.8049051 0.01136848 0.5932948
vn 0.7843463 0.03036851 0.6195795
vn -0.4978096 0.7586697 -0.420245
vn -0.7901303 -0.08413314 -0.6071374
vn 0.6154053 -0.01694797 -0.7880286
vn 0.7860729 0.09397464 0.6109487
vn -0.04676623 0.995922 -0.07715201
vn -0.7901337 -0.08413586 -0.6071325
vn 0.6111493 -0.03256727 -0.7908452
vn 0.7901311 0.08413602 0.6071359
vn -0.04676658 0.9959219 -0.07715265
vn -0.7901311 -0.0841364 -0.6071358
vn 0.6111503 -0.03256693 -0.7908443
vn 0.7901343 0.08413629 0.6071317
vn -0.046767 0.9959219 -0.07715246
vn -0.7901345 -0.08413583 -0.6071314
vn 0.6111484 -0.03256727 -0.7908458
vn 0.9760376 0.04468698 -0.212964
vn -0.9760376 -0.04468705 0.2129643
vn 0.04704083 -0.998875 0.005996712
vn -0.04704119 0.998875 -0.005997224
vn -0.2124567 -0.0158716 -0.9770416
vn 0.2124567 0.01587152 0.9770416
vn 0.9721664 0.006843347 -0.2341916
vn -0.9721664 -0.006843402 0.2341919
vn 0.01741256 -0.9989193 0.04309351
vn -0.01741294 0.9989193 -0.04309402
vn -0.2336439 -0.04597251 -0.9712349
vn 0.2336438 0.04597243 0.9712349
vn 0.9701062 -0.01818382 -0.2419984
vn -0.9701062 0.01818376 0.2419987
vn -0.002527686 -0.9978918 0.06484973
vn 0.002527305 0.9978918 -0.06485024
vn -0.2426678 -0.0623 -0.968107
vn 0.2426677 0.06229992 0.968107
vn -0.9675674 0.2110964 -0.1387507
vn -0.9114626 0.190466 0.364635
vn -0.6094785 0.1807521 0.7719228
vn -0.1441935 0.1845802 0.9721823
vn 0.3572456 0.2007962 0.9121714
vn 0.7594895 0.2248899 0.6104099
vn 0.9564685 0.2503672 0.1499474
vn 0.8982654 0.2705413 -0.3463042
vn 0.6014139 0.2801864 -0.7481958
vn 0.1433676 0.2767456 -0.9501882
vn -0.3559644 0.2609862 -0.8973157
vn -0.7633492 0.2369614 -0.6009554
vn -0.001143463 -0.9996067 -0.02801903
vn -0.9544829 0.2292448 -0.1908124
vn -0.9252822 0.2113262 0.3149512
vn -0.6453304 0.1986999 0.737609
vn -0.1912051 0.1947911 0.9620275
vn 0.3129164 0.2005714 0.9283612
vn 0.7308367 0.2143648 0.6480166
vn 0.9521669 0.23242 0.1983918
vn 0.9204878 0.2499783 -0.3003551
vn 0.6453761 0.2624747 -0.7173539
vn 0.1985769 0.2666135 -0.9431249
vn -0.3030574 0.2611937 -0.9164792
vn -0.7258257 0.2475304 -0.6417989
vn -0.0199312 -0.9995701 -0.02150234
vn -0.9769087 0.2129975 0.01677552
vn -0.8411075 0.1941859 0.5048069
vn -0.4779272 0.1852954 0.8586333
vn 0.01339023 0.1887282 0.9819381
vn 0.4988208 0.2034439 0.8424894
vn 0.8477075 0.2253463 0.48022
vn 0.9686055 0.2485327 -0.005909187
vn 0.8318723 0.2669212 -0.486561
vn 0.474621 0.2757509 -0.8358806
vn -0.009827062 0.2726803 -0.9620545
vn -0.4943178 0.2583882 -0.8299912
vn -0.8491423 0.2365466 -0.4722321
vn -0.007477109 -0.9997022 -0.0232298
vn 0.2523082 0.006303259 0.9676264
vn -0.2523089 -0.006303461 -0.9676262
vn 0.002809613 -0.9999794 0.005781545
vn -0.00280983 0.9999794 -0.005782458
vn 0.9676429 0.001259932 -0.2523206
vn -0.9676429 -0.001259932 0.2523206
vn 0.002812283 -0.9999793 0.005784287
vn -0.002808289 0.9999794 -0.005780834
vn 0.002810044 -0.9999794 0.005775499
vn 0.002807377 -0.9999794 0.005776837
vn 0.002807309 -0.9999794 0.005776579
vn 0.2523083 0.006303011 0.9676264
vn -0.2523073 -0.006302807 -0.9676266
vn -0.2523072 -0.006303444 -0.9676267
vn -0.2523089 -0.00630279 -0.9676262
vn -0.9676425 -0.001262421 0.2523219
vn -0.2523078 -0.006301591 -0.9676265
vn 0.9676429 0.00126239 -0.2523205
vn 0.2523081 0.00630377 0.9676265
vn -0.9676429 -0.001261307 0.2523205
vn -0.2523077 -0.006302536 -0.9676266
vn 0.9676433 0.001261252 -0.252319
vn 0.2523081 0.006301286 0.9676265
vn -0.9676431 -0.001262495 0.2523198
vn -0.002812413 0.9999793 -0.005784621
vn 0.9676431 0.001262437 -0.2523198
vn 0.2523081 0.006301598 0.9676265
vn -0.9676422 -0.001261334 0.252323
vn -0.002809951 0.9999794 -0.005775707
vn 0.9676422 0.001261317 -0.252323
vn 0.2523081 0.006302687 0.9676265
vn -0.9676431 -0.001259333 0.2523198
vn -0.002810095 0.9999794 -0.005775669
vn 0.9676431 0.001260834 -0.2523198
vn 0.2523078 0.006303222 0.9676265
vn -0.967643 -0.001257809 0.2523201
vn -0.002810165 0.9999794 -0.005776018
vn 0.9676431 0.001259333 -0.2523198
vn 0.252308 0.006302971 0.9676265
vn -0.9676429 -0.001261114 0.2523205
vn -0.2523077 -0.006301439 -0.9676266
vn 0.9676433 0.001261386 -0.2523191
vn -0.002810342 0.9999794 -0.005782324
vn -0.9676425 -0.001263062 0.2523219
vn -0.2523077 -0.00630361 -0.9676265
vn 0.9676429 0.001263107 -0.2523205
vn -0.002809755 0.9999794 -0.005780496
vn 0.9905307 0.07745016 -0.1133593
vn -0.9849666 -0.07551582 0.1553648
vn 0.08019623 -0.9967725 -0.003638379
vn 0.5056499 0.8610016 -0.05472197
vn -0.173235 -0.0347894 -0.9842659
vn -0.04385337 0.0335657 0.9984739
vn 0.5088584 0.8607655 -0.0120837
vn -0.1732358 -0.034789 -0.9842657
vn 0.07592897 -0.9950439 -0.06420585
vn -0.04385306 0.03356563 0.998474
vn 0.5071483 0.8610883 -0.03643563
vn -0.1732356 -0.03478919 -0.9842658
vn 0.07840573 -0.9964819 -0.02960407
vn -0.04385291 0.03356577 0.998474
vn 0.5107417 0.8594559 0.02187426
vn -0.1732346 -0.03478944 -0.984266
vn 0.0723237 -0.9910279 -0.1123966
vn -0.04385353 0.0335655 0.9984739
vn -0.6126053 0.7808723 0.1222831
vn -0.6161531 0.7827942 0.08711338
vn -0.6182737 0.783583 0.06111798
vn -0.6062021 0.7764273 0.1722782
vn 0.05442235 -0.9983486 0.01839359
vn -0.05449005 0.9983453 -0.01837249
vn -0.9761506 0.002764719 0.2170768
vn 0.9441375 0.07929912 -0.319869
vn -0.1588801 -0.02576206 -0.9869617
vn 0.161934 0.02588767 0.986462
vn 0.1103339 -0.9931329 0.0389036
vn -0.1084993 0.9930356 -0.04591445
vn -0.9927514 -0.05111032 0.1087772
vn 0.9677098 0.1295709 -0.2162153
vn -0.04706862 -0.05019119 -0.9976299
vn 0.05014701 0.05048787 0.997465
vn 0.1045531 -0.9926981 0.0601592
vn -0.5470507 -0.0225334 -0.8367962
vn 0.5470508 0.0225334 0.8367961
vn 0.007395223 -0.9997287 0.02208632
vn -0.007398527 0.9997287 -0.02208661
vn -0.8370668 0.005894355 0.547069
vn 0.8370668 -0.005894406 -0.547069
vn -0.007392919 0.9997287 -0.02208653
vn -0.007394393 0.9997287 -0.02208672
vn -0.007394593 0.9997287 -0.02208659
vn -0.007394187 0.9997287 -0.02208656
vn -0.007395546 0.9997288 -0.02208395
vn -0.007393238 0.9997287 -0.02208632
vn 0.5470515 0.02253425 0.8367956
vn 0.5182505 -0.0008092377 0.8552285
vn -0.007393283 0.9997287 -0.02208658
vn -0.00739335 0.9997287 -0.02208653
vn -0.007393455 0.9997287 -0.02208647
vn -0.007393573 0.9997287 -0.02208639
vn -0.007393894 0.9997287 -0.02208676
vn 0.5734543 0.0003318621 0.8192375
vn 0.5470506 0.02252987 0.8367963
vn -0.8370665 0.005895771 0.5470694
vn -0.5182442 0.0008069155 -0.8552324
vn 0.8238978 0.0173312 -0.5664734
vn 0.3879449 0.7114719 0.5859237
vn -0.8238989 -0.0173322 0.5664718
vn -0.5734592 -0.0003341275 -0.8192341
vn 0.8370666 -0.005893114 -0.5470693
vn 0.6618144 0.6004632 -0.4488272
vn -0.8484777 -0.0173246 0.5289477
vn -0.5470502 -0.022523 -0.8367968
vn 0.8370667 -0.005888367 -0.5470693
vn 0.6618149 0.6004631 -0.4488266
vn -0.8370671 0.005890782 0.5470685
vn -0.5470504 -0.02252668 -0.8367965
vn 0.8484784 0.01732392 -0.5289465
vn -0.3726586 0.7259529 -0.5780295
vn 0.3879436 0.711473 0.5859231
vn -0.3726608 0.7259518 -0.5780293
vn -0.7149922 0.5324476 0.4530848
vn -0.7149898 0.5324529 0.4530823
vn 0.4861345 0.002126954 0.8738814
vn -0.4861346 -0.002127048 -0.8738814
vn 0.06699573 -0.9971447 -0.03484281
vn -0.06699581 0.9971447 0.03484273
vn 0.871312 0.07548428 -0.4848892
vn -0.871312 -0.07548454 0.4848891
vn 0.496736 -0.005139241 0.8678865
vn -0.4967361 0.005139147 -0.8678864
vn 0.06430407 -0.997016 -0.04270875
vn -0.06430402 0.9970161 0.04270829
vn 0.8655162 0.07702333 -0.4949234
vn -0.8655162 -0.07702342 0.4949234
vn -0.6413069 0.1168509 -0.7583346
vn -0.9333882 0.1011658 -0.344314
vn -0.9797186 0.1201934 0.160328
vn -0.7679224 0.1686996 0.6179286
vn -0.3568555 0.23332 0.9045529
vn 0.14099 0.2964769 0.9445757
vn 0.5920295 0.3413724 0.7300453
vn 0.8778349 0.3563928 0.3199844
vn 0.9243873 0.3377861 -0.1772251
vn 0.7190912 0.2903662 -0.6313441
vn 0.3143094 0.2264119 -0.9219259
vn -0.1837609 0.1628332 -0.9693902
vn 0.09055245 -0.9950151 0.04177441
vn -0.5982422 0.1362366 -0.7896492
vn -0.9120786 0.1206504 -0.3918625
vn -0.9847904 0.1346347 0.1098242
vn -0.7968055 0.1743354 0.5785397
vn -0.4005321 0.228798 0.8872573
vn 0.09543854 0.2831922 0.9543027
vn 0.5578796 0.3230391 0.7644712
vn 0.8652293 0.3380195 0.3702986
vn 0.9377754 0.3243667 -0.1239496
vn 0.7561134 0.2856038 -0.588832
vn 0.3663359 0.231748 -0.9011609
vn -0.1294713 0.1770216 -0.9756539
vn 0.0722614 -0.9967999 0.03417837
vn -0.7519553 0.1176658 -0.6486279
vn -0.9747747 0.1115027 -0.1933433
vn -0.9401281 0.1373185 0.3119341
vn -0.6577269 0.1880314 0.7294104
vn -0.2055333 0.2497025 0.9462583
vn 0.2931537 0.3055952 0.9059098
vn 0.7049684 0.3408941 0.6219411
vn 0.9222121 0.3465377 0.1715707
vn 0.8889704 0.3212287 -0.3264103
vn 0.6135536 0.2715429 -0.741496
vn 0.1669454 0.2103924 -0.9632571
vn -0.3331507 0.1539921 -0.9302135
vn 0.08266771 -0.9957271 0.04115433
vn -0.1913089 0.9672755 -0.1666705
vn -0.2512838 0.963164 -0.0957685
vn -0.2679673 0.9634184 -0.004320861
vn -0.2368883 0.9679706 0.0831688
vn -0.1663746 0.9756007 0.1432577
vn -0.07532082 0.9842644 0.1598453
vn 0.01187666 0.9916402 0.1284864
vn 0.0718515 0.9957517 0.05758436
vn 0.088535 0.9954973 -0.03386325
vn 0.05745611 0.9909452 -0.1213529
vn -0.0130573 0.983315 -0.1814419
vn -0.1041116 0.9746513 -0.1980294
vn -0.3685275 0.8198125 -0.4382865
vn -0.5398751 0.808066 -0.2357209
vn -0.5875391 0.8087927 0.02554226
vn -0.4987476 0.821798 0.2754976
vn -0.2972924 0.8435972 0.4471699
vn -0.0371535 0.8683491 0.49456
vn 0.2119655 0.8894215 0.4049692
vn 0.3833132 0.901168 0.2024036
vn 0.430977 0.9004412 -0.05885942
vn 0.3421856 0.8874359 -0.3088149
vn 0.1407305 0.8656367 -0.4804873
vn -0.1194086 0.8408848 -0.5278773
vn -0.4848863 0.5334919 -0.6930165
vn -0.7845799 0.5330687 -0.3166578
vn -0.8659206 0.494874 0.0726725
vn -0.7346395 0.5062538 0.451677
vn -0.4310463 0.5631751 0.7050057
vn -0.007852771 0.654057 0.7564045
vn 0.4032618 0.6683142 0.6250889
vn 0.6478226 0.6910595 0.3205662
vn 0.7767071 0.6227471 -0.09440484
vn 0.6495667 0.6266642 -0.4305289
vn 0.2223999 0.5845914 -0.7802507
vn -0.07869796 0.514955 -0.8535971
vn 0.1470661 -0.9886692 0.03008218
vn 0.01945826 -0.9973801 0.06967264
vn 0.1882402 -0.9815468 -0.03364024
vn 0.09154654 -0.9943956 -0.05288434
vn 0.08875427 -0.9945132 -0.05537261
vn 0.1112531 -0.993215 0.03386425
vn 0.09165008 -0.9915588 0.09171341
vn 0.1368762 -0.9866066 0.08872644
vn 0.1100801 -0.9916545 0.06711
vn 0.07242168 -0.9971762 -0.01987137
vn 0.07523412 -0.9958441 -0.05132706
vn 0.01681993 -0.9993546 0.03174179
vn -0.3302121 0.810548 -0.4837065
vn -0.5400021 0.8040513 -0.2487954
vn -0.6057854 0.7932837 0.06103379
vn -0.5071874 0.7810324 0.364348
vn -0.2678543 0.7706171 0.5782762
vn 0.04807454 0.7649661 0.642274
vn 0.353124 0.7656924 0.5376047
vn 0.5627806 0.7725605 0.293987
vn 0.6209517 0.7835917 -0.02007634
vn 0.5148754 0.7957352 -0.3189185
vn 0.2756757 0.805779 -0.5241404
vn -0.03264127 0.8111665 -0.5839037
vn -0.009059853 -0.9996209 -0.02600052
vn -0.4419679 -0.01932107 0.8968228
vn 0.06573541 -0.02654256 0.997484
vn 0.5558266 -0.02665209 0.8308709
vn 0.8969847 -0.01961916 0.4416261
vn 0.9977958 -0.007328478 -0.06595378
vn 0.8312495 0.006925721 -0.5558565
vn 0.4419691 0.01932339 -0.8968222
vn -0.06573571 0.02654252 -0.997484
vn -0.5558273 0.02665067 -0.8308706
vn -0.8969846 0.01961806 -0.4416264
vn -0.9977958 0.007329847 0.06595369
vn -0.8312493 -0.006922726 0.5558568
vn 0.009059764 0.9996209 0.02600231
vn -0.009059279 -0.9996209 -0.02600258
vn 0.9822276 0.01625109 -0.1869893
vn -0.9822274 -0.01625092 0.1869899
vn 0.02203764 -0.9993388 0.02891865
vn -0.02203446 0.9993389 -0.02891786
vn -0.1863962 -0.03252457 -0.9819362
vn 0.1863949 0.03252471 0.9819364
vn 0.9732003 0.01065374 -0.2297121
vn -0.9732003 -0.01065367 0.2297123
vn 0.01318998 -0.9998677 0.009515283
vn -0.01319258 0.9998677 -0.009513312
vn -0.2295803 -0.01228933 -0.9732121
vn 0.2295804 0.01228964 0.9732121
vn 0.9556699 0.02728687 -0.2931732
vn -0.9556698 -0.02728677 0.2931736
vn 0.01840868 -0.9992858 -0.03300007
vn -0.01840967 0.9992859 0.03299687
vn -0.2938649 0.02613847 -0.9554895
vn 0.2938636 -0.0261383 0.9554899
vn 0.9586068 0.03490996 -0.2825852
vn -0.9586068 -0.03490989 0.2825853
vn 0.03888717 -0.9992077 0.00847829
vn -0.03888788 0.9992076 -0.008476738
vn -0.2820656 -0.01911548 -0.9592047
vn 0.2820656 0.01911572 0.9592047
vn -0.9699327 0.1737676 0.170398
vn -0.750097 0.2153797 0.6252729
vn -0.3308269 0.2609912 0.9068832
vn 0.1733746 0.2981528 0.9386406
vn 0.6252205 0.3167818 0.7132663
vn 0.9035203 0.311999 0.2937819
vn 0.9360405 0.2853471 -0.2059256
vn 0.7166031 0.2441055 -0.6533702
vn 0.3039509 0.1991798 -0.9316337
vn -0.1940221 0.1623342 -0.9674725
vn -0.6462597 0.1433347 -0.7495356
vn -0.9311867 0.147431 -0.3334
vn 0.04844165 -0.9954674 0.08184231
vn -0.9556556 0.1492046 0.2538907
vn -0.6988394 0.1930224 0.6887423
vn -0.2582507 0.2468122 0.9340184
vn 0.2458127 0.2958891 0.9230524
vn 0.6762171 0.3269167 0.6601939
vn 0.91774 0.3316728 0.2185098
vn 0.9081135 0.3091905 -0.2823668
vn 0.6523196 0.2657025 -0.7098461
vn 0.2185923 0.212735 -0.9523451
vn -0.2796227 0.1641515 -0.9459733
vn -0.7110434 0.1327945 -0.6904947
vn -0.9594371 0.127215 -0.2515888
vn 0.07854636 -0.9945427 0.0686682
vn -0.602656 0.04740813 -0.7965916
vn 0.6026555 -0.0474075 0.7965921
vn 0.04848378 -0.9942148 -0.09584536
vn -0.38493 0.842122 -0.377703
vn -0.7969729 -0.08640707 0.5978027
vn 0.7969728 0.0864073 -0.5978028
vn -0.3849313 0.8421183 -0.3777098
vn -0.7969725 -0.08640664 0.5978034
vn 0.04848492 -0.9942145 -0.09584767
vn 0.7969728 0.08640714 -0.5978029
vn -0.3849345 0.8421162 -0.3777113
vn -0.7969726 -0.08640683 0.5978032
vn 0.0484824 -0.9942145 -0.09584842
vn 0.7969727 0.0864073 -0.597803
vn -0.3849317 0.8421164 -0.3777138
vn -0.7969732 -0.08640709 0.5978023
vn 0.04848295 -0.9942143 -0.09585106
vn 0.796973 0.0864071 -0.5978025
vn 0.2931216 0.8018673 0.5206617
vn 0.2931195 0.801867 0.5206633
vn 0.2931182 0.8018669 0.5206642
vn 0.293121 0.8018686 0.52066
vn -0.8483992 0.2895712 0.4431337
vn -0.511786 0.2545396 0.8205393
vn -0.03107014 0.2128875 0.9765826
vn 0.462551 0.1759654 0.868955
vn 0.8350406 0.1537256 0.528276
vn 0.9871963 0.1519921 0.0483945
vn 0.8809059 0.1710123 -0.4413158
vn 0.5467073 0.2056127 -0.8116862
vn 0.07328158 0.2466832 -0.9663215
vn -0.4154545 0.2834542 -0.8643213
vn -0.7903544 0.3061251 -0.5306857
vn -0.9498095 0.308441 -0.05221201
vn -0.09300449 -0.9956364 0.007634982
vn -0.855895 0.2847801 0.4316759
vn -0.527007 0.2410982 0.814945
vn -0.04966396 0.1943837 0.9796676
vn 0.4458516 0.1573636 0.8811658
vn 0.8249604 0.1399901 0.5475793
vn 0.9866347 0.1467319 0.07086486
vn 0.8901947 0.1755389 -0.420404
vn 0.563579 0.2186452 -0.7966009
vn 0.09349418 0.2647195 -0.9597825
vn -0.3970259 0.3016745 -0.866812
vn -0.7784025 0.3196237 -0.5403057
vn -0.9473443 0.3135228 -0.06513229
vn -0.09710596 -0.9951858 -0.01325698
vn -0.6449943 0.2849622 0.7090691
vn -0.2001934 0.2443307 0.9488019
vn 0.3046661 0.1998174 0.9312635
vn 0.7318923 0.16355 0.6615022
vn 0.9659518 0.1452844 0.2140786
vn 0.9455703 0.1497442 -0.2889178
vn 0.678976 0.1755026 -0.7128748
vn 0.2388386 0.2156048 -0.9468214
vn -0.2586907 0.259506 -0.9304492
vn -0.6832414 0.29569 -0.6676441
vn -0.9219631 0.314485 -0.226016
vn -0.9089205 0.3106381 0.2781501
vn -0.09089491 -0.9954987 0.02684292
vn -0.575018 0.2376445 0.7828661
vn -0.1062534 0.204847 0.9730097
vn 0.3950698 0.1790047 0.9010422
vn 0.7922527 0.1671443 0.5868547
vn 0.9780585 0.1723667 0.1170098
vn 0.9043725 0.1930796 -0.3805664
vn 0.5936785 0.2236057 -0.7730112
vn 0.1301786 0.2558455 -0.9579126
vn -0.3639635 0.2813775 -0.8878949
vn -0.7592216 0.2934852 -0.5809036
vn -0.9502918 0.2888207 -0.1163103
vn -0.8837953 0.2684185 0.3832198
vn -0.05569206 -0.9984475 -0.00098061
vn -0.6322516 0.2722257 0.7253627
vn -0.1809101 0.2396974 0.9538431
vn 0.324095 0.2046407 0.9236259
vn 0.7450387 0.1766039 0.6432173
vn 0.968128 0.1631155 0.1900566
vn 0.9350857 0.1676443 -0.3122663
vn 0.657531 0.1887969 -0.7293893
vn 0.2110053 0.2208778 -0.9522026
vn -0.2866909 0.2554606 -0.9233354
vn -0.705133 0.2834703 -0.6499478
vn -0.9330371 0.297406 -0.2024636
vn -0.9073122 0.2933518 0.3012131
vn -0.07160656 -0.9970469 0.02775039
vn -0.8861265 0.2239452 0.4057445
vn -0.5601204 0.2372732 0.7937044
vn -0.08293794 0.2488787 0.9649771
vn 0.4151804 0.2555888 0.8730977
vn 0.7989386 0.2555656 0.544411
vn 0.9660413 0.2488453 0.06957184
vn 0.8743531 0.237303 -0.4233131
vn 0.5505623 0.2240697 -0.8041604
vn 0.08064274 0.2126505 -0.9737949
vn -0.4124188 0.2060322 -0.8873903
vn -0.7983875 0.2059606 -0.5658247
vn -0.9727626 0.2124944 -0.09262323
vn 0.002456597 -0.9988015 0.04888367
vn -0.7640256 0.2993951 0.5715134
vn -0.3670868 0.2822244 0.8863389
vn 0.133872 0.2509666 0.9586939
vn 0.6021771 0.2141464 0.769106
vn 0.9109062 0.1817435 0.3704312
vn 0.978375 0.1624115 -0.1280815
vn 0.7892627 0.1611682 -0.5925279
vn 0.3959171 0.1782067 -0.9008285
vn -0.09761009 0.2090027 -0.9730315
vn -0.5620675 0.2454927 -0.7898186
vn -0.8743871 0.2780275 -0.3976781
vn -0.949297 0.2978219 0.100685
vn -0.07496205 -0.9953356 0.06072715
vn -0.9233171 0.2608812 0.281827
vn -0.6515239 0.2681237 0.7096664
vn -0.2012524 0.2652372 0.9429458
vn 0.3045643 0.253008 0.9182743
vn 0.7283538 0.2347621 0.6437294
vn 0.9567469 0.2154359 0.1955065
vn 0.9310468 0.2002012 -0.3050761
vn 0.6605054 0.193075 -0.725572
vn 0.2172163 0.1959137 -0.9562609
vn -0.2828606 0.2079784 -0.9363412
vn -0.7078961 0.2261074 -0.6691476
vn -0.9432812 0.2454817 -0.223516
vn -0.04099665 -0.9974737 0.0580138
vn 0.5027266 0.02138453 0.864181
vn -0.5027265 -0.0213845 -0.864181
vn -0.002632287 -0.9996515 0.02626875
vn 0.002635454 0.9996514 -0.02626924
vn 0.8644444 -0.01548179 -0.5024902
vn -0.8644421 0.01548181 0.5024939
vn -0.2413618 0.8640192 -0.4418319
vn 0.002632963 0.9996515 -0.02626765
vn 0.2527347 0.8774246 0.4077393
vn 0.8814145 -0.01187236 -0.4721944
vn 0.8456796 -0.01373839 -0.5335141
vn 0.8644432 -0.01548161 -0.502492
vn -0.8746036 0.01241946 0.4846796
vn -0.8536711 0.01351898 0.520637
vn -0.8644439 0.01548142 0.5024909
vn 0.8588124 -0.01337211 -0.5121157
vn 0.8699056 -0.01278774 -0.4930526
vn 0.8512628 -0.01358756 -0.5245637
vn 0.876715 -0.01225211 -0.4808542
vn 0.8796255 -0.01201797 -0.4755151
vn 0.8478419 -0.01368212 -0.5300726
vn 0.706547 -0.04236214 0.7063972
vn -0.7065471 0.04236208 -0.7063969
vn -0.05566058 -0.9984409 -0.004203935
vn 0.0556603 0.9984409 0.004203604
vn 0.7054737 -0.03634853 -0.7078034
vn -0.7054737 0.03634845 0.7078034
vn 0.6600212 -0.0724889 0.7477416
vn -0.6600214 0.07248884 -0.7477414
vn -0.06261022 -0.9971788 -0.04140546
vn 0.06261053 0.9971788 0.04140475
vn 0.7486333 -0.01948843 -0.6626979
vn -0.7486333 0.0194884 0.6626979
vn 0.5300136 0.04112896 0.8469911
vn -0.5300136 -0.04112893 -0.8469912
vn -0.01135409 -0.9983894 0.05558629
vn 0.01135569 0.9983894 -0.05558591
vn 0.8479146 -0.03907754 -0.5286907
vn -0.8479151 0.03907721 0.5286899
vn -0.2469599 0.8533455 -0.4591431
vn 0.01135325 0.9983895 -0.05558425
vn 0.2738896 0.8861665 0.373756
vn 0.865871 -0.0347707 -0.4990577
vn 0.8479143 -0.03907729 -0.5286911
vn 0.8281962 -0.03803858 -0.5591459
vn -0.8586631 0.03560689 0.511302
vn -0.8365929 0.03752771 0.5465382
vn -0.8479143 0.03907698 0.5286913
vn 0.8420042 -0.03718844 -0.5381878
vn 0.8340635 -0.0376843 -0.55038
vn 0.8536989 -0.03616881 -0.5195094
vn 0.8608961 -0.03535135 -0.5075511
vn 0.8639765 -0.03499176 -0.5023149
vn 0.8304685 -0.03790268 -0.5557747
vn 0.5808402 0.03223772 0.813379
vn -0.7517143 -0.04282866 -0.6580967
vn 0.07183801 -0.9971364 -0.02363145
vn -0.07184121 0.9971383 0.02353689
vn 0.8195626 0.06141968 -0.5696884
vn -0.8108065 -0.06575237 0.5816094
vn 0.7916134 0.03445536 0.61005
vn -0.7916135 -0.03445546 -0.6100499
vn 0.05647908 -0.9982606 -0.01690767
vn -0.05647895 0.9982606 0.01690746
vn 0.6084063 0.04783922 -0.7921826
vn -0.6084062 -0.04783926 0.7921826
vn 0.8383524 0.01402864 0.5449482
vn -0.8383524 -0.01402874 -0.544948
vn 0.03193982 -0.9992155 -0.0234141
vn -0.03193997 0.9992155 0.02341365
vn 0.5441921 0.03703452 -0.8381429
vn -0.5441921 -0.03703459 0.8381429
vn 0.09154132 -0.9934391 0.06854832
vn 0.9886706 0.0824466 -0.1254309
vn 0.09154209 -0.9934391 0.06854798
vn -0.09154215 0.993439 -0.0685501
vn 0.1189569 0.07925554 0.9897312
vn -0.1189553 -0.07925519 -0.9897314
vn 0.09153856 -0.9934393 0.06855061
vn -0.09154114 0.9934396 -0.06854226
vn 0.0915432 -0.9934389 0.06854961
vn -0.09154679 0.9934386 -0.06854936
vn -0.09154668 0.9934386 -0.06854936
vn 0.09154181 -0.993439 0.06854998
vn 0.09154151 -0.993439 0.06855008
vn 0.09154087 -0.9934394 0.06854457
vn -0.118955 -0.07925735 -0.9897313
vn -0.1341117 -0.1524942 -0.9791627
vn 0.9891748 0.0663612 -0.1308795
vn 0.1341117 0.1524942 0.9791627
vn -0.9892142 -0.06621424 0.1306562
vn -0.1458279 0.7256226 -0.6724627
vn 0.990683 0.06790788 -0.1180502
vn 0.1189563 0.07924764 0.9897319
vn -0.9906915 -0.0681176 0.1178575
vn -0.006186681 0.8573136 0.5147573
vn 0.9906914 0.06811444 -0.1178605
vn 0.1189531 0.07925502 0.9897317
vn 0.008285628 0.8531446 0.5216088
vn -0.118954 -0.07925843 -0.9897313
vn 0.9892143 0.06621385 -0.1306557
vn 0.1341064 0.1524924 0.9791637
vn -0.1590417 0.7322496 -0.6622057
vn -0.1189512 -0.0792582 -0.9897317
vn -0.1418633 0.733512 -0.6647066
vn 0.1023117 0.1320565 0.985948
vn -0.9891754 -0.06635834 0.1308765
vn -0.1189541 -0.07925543 -0.9897316
vn -0.09154189 0.993439 -0.06855017
vn 0.1140797 0.06913998 0.9910629
vn -0.9886706 -0.0824477 0.1254307
vn -0.1341064 -0.1524924 -0.9791637
vn -0.1023117 -0.1320568 -0.9859479
vn -0.008084874 0.8520122 0.5234595
vn 0.1189516 0.07925815 0.9897317
vn -0.9906828 -0.06790257 0.1180545
vn -0.1140832 -0.06914027 -0.9910624
vn -0.09154153 0.993439 -0.06854979
vn 0.1189577 0.07925573 0.9897311
vn -0.9886706 -0.08244742 0.1254307
vn -0.1189534 -0.07925536 -0.9897317
vn -0.09154174 0.9934393 -0.06854651
vn 0.1189535 0.07925501 0.9897317
vn -0.9886712 -0.0824478 0.1254262
vn -0.1189584 -0.07925545 -0.989731
vn -0.09154088 0.9934394 -0.06854474
vn 0.1189591 0.07925583 0.989731
vn -0.9886704 -0.08244716 0.1254328
vn 0.02304179 -0.999677 0.01072114
vn -0.6523581 -0.006908292 0.7578794
vn 0.02304136 -0.9996771 0.01072149
vn -0.02304092 0.9996771 -0.01072095
vn -0.7575606 -0.02445621 -0.6523066
vn 0.75756 0.0244563 0.6523074
vn 0.02304316 -0.9996771 0.01071793
vn -0.02304249 0.999677 -0.01072246
vn 0.02304034 -0.9996771 0.01072169
vn -0.02303777 0.9996771 -0.01072452
vn -0.02303767 0.9996771 -0.01072444
vn 0.02304108 -0.9996771 0.01072048
vn 0.02304134 -0.9996771 0.01072034
vn 0.02304231 -0.999677 0.01072109
vn 0.7575598 0.02445403 0.6523075
vn 0.7716395 -0.04753132 0.6342818
vn -0.6468977 -0.02239404 0.762248
vn -0.7716395 0.04753132 -0.6342818
vn 0.6470553 0.02256409 -0.7621091
vn 0.4557971 0.795351 0.399582
vn -0.6567637 -0.02219316 0.7537699
vn -0.75756 -0.02446382 -0.652307
vn 0.6569269 0.02200412 -0.7536331
vn -0.4556959 0.8026011 -0.3849321
vn -0.6569244 -0.02200691 0.7536352
vn -0.7575584 -0.02445647 -0.6523092
vn -0.4702993 0.7963766 -0.3802669
vn 0.7575594 0.02445305 0.652308
vn -0.6470557 -0.02256454 0.7621087
vn -0.7716359 0.04752996 -0.6342861
vn 0.4577412 0.8023115 0.3831048
vn 0.7575575 0.02445279 0.6523103
vn 0.4466438 0.8020526 0.396511
vn -0.7500582 0.02988201 -0.6606964
vn 0.6468995 0.02239642 -0.7622464
vn 0.7575592 0.02445592 0.6523082
vn -0.02304097 0.9996771 -0.01072048
vn -0.7534906 -0.03410519 -0.6565735
vn 0.6523584 0.006908276 -0.7578791
vn 0.7716359 -0.04752996 0.6342861
vn 0.7500582 -0.02988224 0.6606964
vn -0.4593785 0.7967424 -0.3926486
vn -0.7575577 -0.02445316 -0.65231
vn 0.6567602 0.02219872 -0.7537727
vn 0.7534929 0.03410522 0.6565709
vn -0.02304154 0.9996771 -0.01072057
vn -0.7575616 -0.02445597 -0.6523055
vn 0.6523584 0.006908438 -0.7578791
vn 0.7575588 0.02445599 0.6523087
vn -0.02304177 0.999677 -0.01072113
vn -0.7575587 -0.02445637 -0.6523088
vn 0.6523592 0.00690861 -0.7578785
vn 0.7575622 0.02445641 0.6523048
vn -0.02304229 0.999677 -0.01072102
vn -0.7575625 -0.02445598 -0.6523044
vn 0.6523578 0.006908606 -0.7578797
vn 0.4538246 0.09477276 0.8860369
vn -0.6447964 -0.1087143 -0.7565837
vn 0.1225897 -0.9919275 0.03242885
vn -0.1225792 0.9919258 -0.03252292
vn 0.8899202 0.08414231 -0.448288
vn -0.8827965 -0.08753466 0.461528
vn 0.7037547 0.0599683 0.7079076
vn -0.7037547 -0.0599684 -0.7079076
vn 0.09674934 -0.9952379 -0.01187366
vn -0.09674921 0.995238 0.01187345
vn 0.7038245 0.07684556 -0.7062053
vn -0.7038244 -0.07684561 0.7062054
vn 0.7126351 0.05272766 0.6995506
vn -0.7126352 -0.05272775 -0.6995505
vn 0.09202841 -0.9955806 -0.01870963
vn -0.09202848 0.9955806 0.01870917
vn 0.6954724 0.07771139 -0.7143382
vn -0.6954724 -0.07771148 0.7143382
vn 0.06096367 -0.994581 0.08421434
vn -0.6456401 0.7255384 0.2382076
vn 0.4437369 0.1025809 0.8902666
vn -0.4437373 -0.1025807 -0.8902666
vn -0.8940808 -0.01690534 0.4475868
vn 0.8940808 0.01690488 -0.4475867
vn 0.5835772 0.7208412 -0.3739327
vn -0.43946 -0.1600325 -0.8838916
vn 0.4394597 0.1600326 0.8838918
vn 0.5909229 -0.0675244 -0.8038972
vn -0.5909229 0.0675244 0.8038972
vn 0.007303186 -0.9960023 0.08902889
vn -0.007303186 0.9960023 -0.08902889
vn -0.806695 -0.05848022 -0.5880674
vn 0.806695 0.05848021 0.5880674
vn -0.02947159 -0.05226593 -0.9981983
vn -0.03151603 0.03492801 0.9988928
vn 0.03879038 -0.998624 0.03529062
vn -0.7987237 0.6016167 0.009887611
vn -0.9984605 -0.0372261 0.0411212
vn 0.9984978 0.03726926 -0.04016621
vn -0.04900271 0.871795 -0.4874138
vn 0.7963399 0.6024696 -0.05360228
vn -0.04807539 0.9066684 0.4190958
vn -0.8644212 -0.05237774 -0.5000327
vn 0.8644212 0.05237743 0.5000324
vn 0.004465488 -0.995319 0.09654085
vn -0.004465899 0.9953191 -0.09654036
vn -0.5027484 0.0812185 0.8606089
vn 0.5027484 -0.08121878 -0.8606089
vn -0.8175303 -0.08979629 -0.5688418
vn 0.8175305 0.08979607 0.5688415
vn 0.05848812 -0.9956076 0.07310817
vn -0.05848859 0.9956076 -0.07310767
vn -0.5729077 0.02649714 0.8191915
vn 0.5729078 -0.02649737 -0.8191915
vn -0.5903462 0.005727248 0.8071299
vn 0.5903459 -0.005727722 -0.80713
vn 0.04176975 -0.9984182 0.03763516
vn -0.04176966 0.9984182 -0.03763442
vn 0.8060688 0.05593089 0.5891729
vn -0.8060687 -0.05593122 -0.589173
vn 0.9892434 0.09704675 -0.1094502
vn -0.9892434 -0.09704679 0.1094505
vn 0.1069308 -0.9903312 0.08837326
vn -0.1069312 0.9903312 -0.08837374
vn -0.09981582 -0.09912685 -0.9900559
vn 0.09981582 0.09912679 0.9900559
vn 0.992371 0.06249095 0.106277
vn -0.992371 -0.06249103 -0.1062768
vn 0.05715936 -0.9969835 0.05250365
vn -0.05716093 0.9969835 -0.05250404
vn 0.1092371 -0.04602842 -0.9929495
vn -0.1092367 0.04602835 0.9929495
vn 0.9656629 0.04328943 0.2561665
vn -0.9656629 -0.04328952 -0.2561663
vn 0.03763311 -0.9989282 0.02694691
vn -0.03763462 0.9989282 -0.02694754
vn 0.2570582 -0.01638133 -0.9662571
vn -0.2570578 0.01638125 0.9662572
vn 0.9647918 0.04948105 0.2583184
vn -0.9647919 -0.04948115 -0.2583181
vn 0.04006814 -0.9983312 0.04158626
vn -0.04007486 0.9983309 -0.04158754
vn 0.2599434 -0.02977404 -0.9651648
vn -0.2599434 0.02977382 0.9651647
vn 0.9867947 0.007478894 0.1618038
vn -0.9867947 -0.007478971 -0.1618035
vn 0.005346227 -0.9998931 0.01361023
vn -0.005346485 0.9998931 -0.0136109
vn 0.1618879 -0.01256604 -0.9867291
vn -0.1618879 0.01256595 0.9867291
vn -0.1470105 0.2759646 0.9498587
vn 0.3558521 0.2293505 0.9059623
vn 0.7678576 0.1828815 0.6139618
vn 0.9767836 0.1492142 0.1537171
vn 0.9270127 0.1373744 -0.3489637
vn 0.6342921 0.1503209 -0.7583385
vn 0.1792762 0.1843433 -0.9663734
vn -0.3165214 0.2303106 -0.9202018
vn -0.7230443 0.2761543 -0.6332029
vn -0.9335471 0.3098424 -0.1802429
vn -0.8908452 0.3223291 0.3201542
vn -0.6036128 0.3100087 0.7345382
vn -0.07412675 -0.9953921 0.06082612
vn -0.06905812 0.2391752 0.9685176
vn 0.4283869 0.1924652 0.8828601
vn 0.8155162 0.1559288 0.5573326
vn 0.9869091 0.1395046 0.08092577
vn 0.8972019 0.1474995 -0.4162603
vn 0.572917 0.1775081 -0.8001606
vn 0.1030257 0.2213049 -0.9697473
vn -0.3872001 0.2672537 -0.8824124
vn -0.7692667 0.3033406 -0.5623285
vn -0.9428112 0.320076 -0.09305099
vn -0.8603278 0.3128426 0.4024495
vn -0.5411104 0.2832841 0.7918015
vn -0.07579397 -0.9967297 0.02802163
vn -0.4914133 0.2982455 0.8182681
vn -0.01127473 0.2410095 0.9704573
vn 0.4796664 0.1805728 0.8586698
vn 0.847563 0.1334033 0.5136541
vn 0.9932251 0.1121887 0.03029314
vn 0.8794438 0.1223749 -0.4600034
vn 0.5393847 0.160914 -0.8265415
vn 0.06488776 0.2174135 -0.9739204
vn -0.4190943 0.2770161 -0.8646514
vn -0.7856656 0.324087 -0.5269698
vn -0.9369698 0.3460381 -0.04842842
vn -0.8301554 0.3366871 0.4443916
vn -0.1173478 -0.9923077 0.03943175
vn -0.478873 0.3026839 0.8240529
vn 0.004978396 0.2540022 0.9671909
vn 0.494351 0.1986786 0.846253
vn 0.855831 0.1517905 0.4944825
vn 0.9919963 0.1259753 0.008583474
vn 0.8682235 0.1279617 -0.4793889
vn 0.5203456 0.156926 -0.8394133
vn 0.04224126 0.2050127 -0.9778474
vn -0.4402137 0.259562 -0.8595577
vn -0.8005153 0.3062697 -0.5151448
vn -0.9424282 0.3326798 -0.03395895
vn -0.825581 0.3314688 0.4566668
vn -0.1028643 -0.9931726 0.05501959
vn -0.1660648 0.289244 0.942741
vn 0.336947 0.2345126 0.9118502
vn 0.7552471 0.1784011 0.6306941
vn 0.9748905 0.1361967 0.1761787
vn 0.9373271 0.1192359 -0.327415
vn 0.6550028 0.1318257 -0.7440385
vn 0.2058225 0.1702982 -0.9636574
vn -0.2901932 0.2243026 -0.9303098
vn -0.7028995 0.2796473 -0.6540105
vn -0.9239396 0.3218113 -0.2068164
vn -0.8933761 0.3394991 0.2943119
vn -0.6166512 0.327677 0.7157997
vn -0.09094398 -0.9933767 0.07022744
vn -0.7621265 -0.04848522 -0.6456101
vn 0.7212024 0.03417467 0.691881
vn 0.01745611 -0.9993993 0.02993843
vn -0.5065807 0.6402525 0.5774537
vn -0.6393493 0.01196859 0.7688233
vn 0.6400843 -0.01192949 -0.7682121
vn -0.3641374 0.8742539 -0.3210672
vn 0.5143917 0.5625822 -0.6472268
vn 0.3102466 0.9069834 0.2848302
vn -0.872592 -0.0376114 -0.4869996
vn 0.841891 0.019124 0.5393086
vn 0.0467176 -0.9981421 -0.03911225
vn -0.3985241 0.5863088 0.7052805
vn -0.4762163 -0.05656944 0.8775067
vn 0.4770557 0.05659875 -0.8770488
vn -0.4406998 0.8780397 -0.1866282
vn 0.3639306 0.6180467 -0.6968306
vn 0.3384639 0.8991235 0.277523
vn 0.2815 0.3022458 0.910717
vn 0.7158377 0.2254498 0.6608697
vn 0.9629347 0.1493617 0.2246062
vn 0.9556237 0.09471198 -0.2789499
vn 0.697246 0.07617491 -0.7127731
vn 0.2596497 0.09838324 -0.9606783
vn -0.2386152 0.1549837 -0.9586672
vn -0.665626 0.2307642 -0.7097111
vn -0.9099076 0.3058115 -0.2802635
vn -0.9071065 0.3604347 0.2173584
vn -0.6560628 0.3799874 0.6520669
vn -0.2212837 0.3588211 0.9067971
vn -0.0860436 -0.9879993 0.1282732
vn -0.06468264 0.3246179 0.943631
vn 0.4305896 0.2474907 0.8679522
vn 0.8179129 0.1650021 0.5511739
vn 0.9918107 0.09963407 0.079904
vn 0.906225 0.06899277 -0.4171287
vn 0.5865522 0.08098285 -0.8058525
vn 0.1205303 0.1319525 -0.983901
vn -0.3675798 0.2081289 -0.9064036
vn -0.7498278 0.2894647 -0.5949526
vn -0.9258077 0.3546295 -0.1308364
vn -0.8473887 0.3862216 0.3643696
vn -0.5327961 0.3753856 0.7584286
vn -0.1233371 -0.9859782 0.1124053
vn 0.3779584 0.2481637 0.891943
vn 0.7832284 0.1792727 0.5953274
vn 0.9833934 0.1238143 0.1326931
vn 0.9240989 0.09688201 -0.3696689
vn 0.6228206 0.1055898 -0.7752066
vn 0.1628758 0.1472384 -0.9755985
vn -0.3314576 0.2103814 -0.9197149
vn -0.7295492 0.2782081 -0.6247866
vn -0.9276236 0.3329619 -0.1692656
vn -0.8734164 0.3602532 0.3276609
vn -0.5793242 0.3526102 0.7348807
vn -0.1214707 0.3116669 0.9423952
vn -0.0913958 -0.9922798 0.08383077
vn 0.3012364 0.2881947 0.9089558
vn 0.7299455 0.2194313 0.6473249
vn 0.9669322 0.1531809 0.203906
vn 0.9477905 0.1074904 -0.3002315
vn 0.6790819 0.09460711 -0.7279405
vn 0.235423 0.1176714 -0.9647433
vn -0.2630681 0.1701546 -0.9496539
vn -0.6844665 0.2379786 -0.6891094
vn -0.9187966 0.3033333 -0.2525903
vn -0.9043075 0.3490666 0.2457245
vn -0.6429168 0.3628895 0.6745141
vn -0.2019162 0.3407219 0.9182257
vn -0.075254 -0.9908058 0.112431
vn -0.05072684 0.3285426 0.943126
vn 0.4441481 0.2597415 0.857477
vn 0.82618 0.1823708 0.5330736
vn 0.99134 0.1175202 0.05859993
vn 0.895961 0.08268028 -0.4363691
vn 0.5680864 0.08692887 -0.818365
vn 0.09762149 0.1287155 -0.9868649
vn -0.3900391 0.1967019 -0.8995432
vn -0.7670884 0.2729807 -0.5805662
vn -0.9344754 0.3375525 -0.1132
vn -0.8463153 0.3732069 0.3800882
vn -0.5234282 0.3700517 0.7675185
vn -0.1034711 -0.9873734 0.119948
vn -0.04718855 0.2891337 0.956125
vn 0.4482439 0.2384792 0.8615133
vn 0.8278329 0.1854174 0.5294459
vn 0.9882193 0.1444049 0.0506945
vn 0.8870448 0.1264651 -0.4440248
vn 0.5539241 0.1361878 -0.8213532
vn 0.08015332 0.1706901 -0.9820592
vn -0.4080216 0.2206782 -0.8859004
vn -0.782674 0.2730126 -0.5593618
vn -0.9453765 0.3139634 -0.08769445
vn -0.8514645 0.3325697 0.4054698
vn -0.523285 0.3235752 0.7883349
vn -0.07303734 -0.993993 0.08150715
vn 0.2851815 0.2739972 0.9184754
vn 0.7180656 0.2200939 0.6602579
vn 0.9612026 0.1687649 0.2181924
vn 0.9485079 0.1339892 -0.2870187
vn 0.6847925 0.1250734 -0.7179247
vn 0.2433426 0.1441524 -0.9591687
vn -0.2562821 0.1858467 -0.9485676
vn -0.6818259 0.2389883 -0.6913741
vn -0.9222131 0.2896322 -0.2561959
vn -0.9141073 0.3244837 0.2431424
vn -0.6577395 0.3341615 0.6750666
vn -0.219041 0.3157684 0.9232071
vn -0.05548542 -0.994433 0.08957879
vn -0.06101578 0.2847805 0.9566489
vn 0.4351941 0.2254253 0.8716591
vn 0.8203263 0.1671055 0.5469375
vn 0.9895051 0.1257075 0.07125535
vn 0.8979682 0.1123332 -0.4254814
vn 0.5727265 0.1302984 -0.8093249
vn 0.102997 0.1744836 -0.9792585
vn -0.3860015 0.233029 -0.8925807
vn -0.7661014 0.2905596 -0.5732922
vn -0.9374543 0.3319774 -0.1047393
vn -0.8531336 0.3461617 0.3903016
vn -0.5329291 0.3289866 0.7795861
vn -0.09303816 -0.992888 0.07427908
vn 0.3829029 0.2235848 0.8963232
vn 0.7858564 0.1785755 0.5920647
vn 0.9811204 0.1475096 0.1250754
vn 0.9156793 0.1388303 -0.3771705
vn 0.6086851 0.1547306 -0.778178
vn 0.1449911 0.1906747 -0.9708866
vn -0.3501479 0.2368778 -0.906248
vn -0.7459192 0.2811038 -0.6038091
vn -0.9391717 0.3118108 -0.1439815
vn -0.878901 0.3209141 0.3529126
vn -0.5790968 0.3057976 0.7557346
vn -0.117415 0.2702128 0.9556144
vn -0.06132611 -0.9970996 0.04507177
vn 0.3052923 0.2606178 0.9159012
vn 0.7321537 0.2150391 0.6463042
vn 0.9648003 0.1735209 0.1976129
vn 0.9400121 0.1473662 -0.3076694
vn 0.6658913 0.1435481 -0.7321085
vn 0.2185108 0.1628609 -0.9621483
vn -0.281039 0.1999164 -0.938643
vn -0.7005812 0.2448165 -0.6702619
vn -0.930642 0.2857932 -0.2285337
vn -0.9105861 0.3120844 0.2709917
vn -0.6437917 0.3165812 0.6966409
vn -0.1989984 0.2978106 0.9336534
vn -0.04483924 -0.9962866 0.07350114
vn 0.5670199 0.2610201 0.7812536
vn 0.8890735 0.2390364 0.3903971
vn 0.9704964 0.2147879 -0.1095573
vn 0.7893422 0.1948763 -0.5822046
vn 0.3961794 0.1846393 -0.8994166
vn -0.1012018 0.1867142 -0.9771878
vn -0.56915 0.2004243 -0.7974324
vn -0.8846158 0.2220842 -0.4100408
vn -0.9657513 0.2460119 0.08247863
vn -0.790899 0.2659262 0.5511461
vn -0.4043328 0.2764868 0.87182
vn 0.09276232 0.2747331 0.9570355
vn 0.01947635 -0.9982585 0.05568316
vn 0.635942 0.227882 0.7373246
vn 0.9244101 0.2058728 0.3210647
vn 0.9642171 0.1906124 -0.1842617
vn 0.7447695 0.1862433 -0.6408057
vn 0.3270095 0.1938497 -0.9249255
vn -0.1747745 0.2112437 -0.9616808
vn -0.6259801 0.2336949 -0.7439998
vn -0.9081756 0.2552785 -0.3317379
vn -0.9483093 0.2703769 0.1661498
vn -0.7354635 0.2750098 0.619244
vn -0.323985 0.2678294 0.9073594
vn 0.178128 0.2505975 0.9515625
vn -0.005058572 -0.9994147 0.03383355
vn 0.5482277 0.273422 0.7903713
vn 0.8798932 0.2432348 0.408197
vn 0.9737316 0.2095726 -0.08902872
vn 0.8044088 0.1816049 -0.5656379
vn 0.4192854 0.1668484 -0.8923908
vn -0.0759789 0.1691254 -0.9826616
vn -0.5482315 0.1876533 -0.8150021
vn -0.8732257 0.217432 -0.4361194
vn -0.9665915 0.2506364 0.05368784
vn -0.8034689 0.2785545 0.5261608
vn -0.4250256 0.2937196 0.8562022
vn 0.06976741 0.2919008 0.9539006
vn 0.0143532 -0.9971303 0.0743312
vn 0.244167 0.2727168 0.9305956
vn 0.6864131 0.2462689 0.6842433
vn 0.9442998 0.215547 0.2486715
vn 0.9477165 0.1889199 -0.2571823
vn 0.6970969 0.173549 -0.6956557
vn 0.2622296 0.1734397 -0.9492915
vn -0.239008 0.1884647 -0.9525524
vn -0.6738577 0.2145581 -0.7070224
vn -0.928769 0.2448607 -0.2782651
vn -0.936605 0.2714228 0.221587
vn -0.6933889 0.2871483 0.6608765
vn -0.2614989 0.2876773 0.9213361
vn -0.004848552 -0.9973801 0.07217618
vn 0.2313846 0.2677255 0.935299
vn 0.6777295 0.2324828 0.6975919
vn 0.9433867 0.196657 0.2671097
vn 0.9561232 0.1700043 -0.2385939
vn 0.713834 0.1596659 -0.6818709
vn 0.2840733 0.1682464 -0.9439256
vn -0.2166067 0.1932631 -0.9569383
vn -0.6555491 0.2280038 -0.7199094
vn -0.9181077 0.2633517 -0.2961827
vn -0.9351461 0.2900281 0.2034343
vn -0.7002664 0.3008685 0.6473833
vn -0.2736064 0.2927665 0.9162027
vn -0.02613442 -0.9970905 0.07160741
vn 0.5588597 0.2411944 0.793411
vn 0.8850892 0.2282193 0.4056269
vn 0.9718776 0.2159719 -0.09386281
vn 0.7958145 0.2077792 -0.5687769
vn 0.4060883 0.2057999 -0.8903587
vn -0.09042117 0.2104794 -0.9734077
vn -0.5602667 0.220509 -0.7984216
vn -0.8798717 0.2332349 -0.4140379
vn -0.9662926 0.2453414 0.07801466
vn -0.7964882 0.2536423 0.5488827
vn -0.4133953 0.2558708 0.8738618
vn 0.08274821 0.2513325 0.9643572
vn 0.01768759 -0.9993417 0.03167517
vn 0.6282129 0.2090304 0.7494364
vn 0.9211329 0.1966937 0.3358953
vn 0.9663765 0.1936223 -0.1691946
vn 0.751867 0.2006329 -0.6280466
vn 0.3372089 0.2157259 -0.9163802
vn -0.1641279 0.2347326 -0.9581037
vn -0.6176309 0.2525578 -0.7448131
vn -0.9042361 0.2645567 -0.3352115
vn -0.9497263 0.2676469 0.1624349
vn -0.7417805 0.2609932 0.6177737
vn -0.3334462 0.2462384 0.9100441
vn 0.1681394 0.2272128 0.9592202
vn -0.006611363 -0.9999326 0.009541024
vn 0.2215888 0.2446525 0.9439511
vn 0.6704325 0.2145318 0.7102791
vn 0.9406802 0.1887603 0.2819403
vn 0.9588454 0.1743482 -0.2240944
vn 0.7213452 0.175103 -0.6700747
vn 0.29445 0.1906526 -0.9364566
vn -0.2060302 0.2167031 -0.9542491
vn -0.6474652 0.2463277 -0.7211876
vn -0.914542 0.2717806 -0.2995801
vn -0.9369431 0.2863699 0.2003244
vn -0.7068586 0.2861115 0.6469089
vn -0.2831364 0.2708808 0.9200312
vn -0.02809117 -0.9984937 0.04713099
vn 0.5399851 0.2533992 0.8026239
vn 0.8757223 0.2319985 0.4234232
vn 0.9748846 0.2102561 -0.07343316
vn 0.8106854 0.1940885 -0.5523757
vn 0.4290957 0.1878106 -0.883518
vn -0.06516175 0.1929918 -0.9790343
vn -0.5391751 0.2081371 -0.8160694
vn -0.8682062 0.2291994 -0.4400973
vn -0.9668164 0.2506632 0.04933723
vn -0.8087724 0.2668904 0.5240771
vn -0.4338975 0.2735068 0.8584446
vn 0.05980906 0.2686044 0.961392
vn 0.01236474 -0.9986582 0.05028881
vn 0.2344272 0.2497378 0.9395078
vn 0.6792761 0.2286247 0.6973627
vn 0.9418148 0.2080903 0.2639761
vn 0.9506624 0.1937209 -0.2423083
vn 0.7047743 0.1893403 -0.6836984
vn 0.2726716 0.1960062 -0.9419298
vn -0.2284834 0.2118324 -0.9502223
vn -0.6659279 0.2326002 -0.7088281
vn -0.9254182 0.2528763 -0.2822317
vn -0.93862 0.2673325 0.218004
vn -0.7001435 0.2720585 0.6601389
vn -0.2710911 0.2656513 0.9251698
vn -0.006812925 -0.9988279 0.04792175
vn 0.5075366 0.3141414 0.8023227
vn 0.8578634 0.2671895 0.4389535
vn 0.9763841 0.2099858 -0.05079416
vn 0.8310299 0.1581244 -0.5332786
vn 0.4626602 0.1256086 -0.8775922
vn -0.02751086 0.1209872 -0.9922728
vn -0.5075596 0.1451959 -0.8492947
vn -0.8510587 0.1916145 -0.4888591
vn -0.9687373 0.2480044 -0.00646636
vn -0.82937 0.2995844 0.4715874
vn -0.4678367 0.3326333 0.8188309
vn 0.02149336 0.3380695 0.9408757
vn 0.01332994 -0.9922792 0.123306
vn 0.1838995 0.3138475 0.9314938
vn 0.6415985 0.269422 0.7181665
vn 0.9284145 0.2141638 0.3036122
vn 0.9663364 0.1631371 -0.1989481
vn 0.7464025 0.1301247 -0.6526492
vn 0.330173 0.1238212 -0.9357639
vn -0.1693074 0.1456234 -0.9747456
vn -0.619578 0.1895525 -0.761704
vn -0.9029622 0.2440223 -0.3537123
vn -0.9448783 0.2947561 0.142562
vn -0.7323795 0.3282646 0.5965423
vn -0.3195843 0.3353575 0.8862287
vn -0.02697239 -0.9925778 0.1185826
vn 0.5979008 0.2665361 0.7559585
vn 0.9067554 0.2258827 0.3560501
vn 0.9716648 0.1863913 -0.1453473
vn 0.7751874 0.1588156 -0.6114427
vn 0.3720429 0.1505328 -0.9159279
vn -0.1273398 0.1635667 -0.9782794
vn -0.5888638 0.194222 -0.7845491
vn -0.8912539 0.2342888 -0.3882979
vn -0.9561195 0.2732568 0.1056705
vn -0.7660649 0.3008953 0.5679847
vn -0.3693939 0.309765 0.8761243
vn 0.129947 0.297255 0.945914
vn -0.004039274 -0.9966196 0.08205592
vn 0.5267919 0.3014088 0.7947598
vn 0.867928 0.2621817 0.4218552
vn 0.9741591 0.2141852 -0.07168663
vn 0.8167695 0.1705016 -0.5511958
vn 0.4398842 0.1429206 -0.8866091
vn -0.05302167 0.1386914 -0.9889153
vn -0.5293595 0.1586952 -0.8334233
vn -0.8637429 0.197465 -0.4636333
vn -0.9693164 0.2447828 0.02252113
vn -0.8180234 0.2882442 0.4977481
vn -0.4478994 0.3162824 0.8362725
vn 0.04435007 0.3211912 0.9459754
vn 0.01937645 -0.9942822 0.1050113
vn 0.1968865 0.3186705 0.927192
vn 0.6508975 0.2825902 0.70461
vn 0.9301918 0.232144 0.2843457
vn 0.9588127 0.181088 -0.2188271
vn 0.7303335 0.143239 -0.6679039
vn 0.3086089 0.1286373 -0.9424505
vn -0.1918861 0.1409286 -0.9712461
vn -0.6384681 0.1766527 -0.749101
vn -0.9144509 0.2263657 -0.3354672
vn -0.9471872 0.2770438 0.1615029
vn -0.7261438 0.3152487 0.6110102
vn -0.3077331 0.3305845 0.8921963
vn -0.005740271 -0.992731 0.1202178
vn 0.9340537 0.293285 0.2037835
vn 0.9318911 0.2094547 -0.2961549
vn 0.674971 0.13056 -0.7262012
vn 0.2335969 0.07809231 -0.9691925
vn -0.2714579 0.06610712 -0.9601773
vn -0.7036194 0.09743329 -0.7038654
vn -0.9485589 0.1632603 -0.2712605
vn -0.9435446 0.2459431 0.2218911
vn -0.6911554 0.3237724 0.6461235
vn -0.2571713 0.3763213 0.8900816
vn 0.2450231 0.3894544 0.8878564
vn 0.6817226 0.3591947 0.6373645
vn 0.05603535 -0.9867434 0.1523073
vn 0.959218 0.2411955 -0.1473963
vn 0.7724904 0.1667138 -0.612752
vn 0.3739791 0.1089615 -0.9210141
vn -0.1274583 0.08365425 -0.9883099
vn -0.5951843 0.09744397 -0.7976593
vn -0.9035599 0.1462317 -0.4027355
vn -0.9721844 0.2166465 0.08900434
vn -0.7853094 0.2899598 0.5470032
vn -0.3931704 0.3469868 0.8514794
vn 0.1017381 0.3727368 0.922343
vn 0.5693095 0.3601163 0.7390555
vn 0.8840663 0.3120545 0.3479205
vn 0.0533426 -0.9909311 0.1233296
vn 0.9538939 0.1990224 -0.22467
vn 0.7286987 0.1266478 -0.6730221
vn 0.3054221 0.08179253 -0.9486977
vn -0.2003415 0.07664497 -0.9767235
vn -0.6508909 0.1123472 -0.7508122
vn -0.9254087 0.178884 -0.3340948
vn -0.9526969 0.2582018 0.1603136
vn -0.7279738 0.3293115 0.6013386
vn -0.3113687 0.3736618 0.8737428
vn 0.1881863 0.3795689 0.9058219
vn 0.6392015 0.3451326 0.6872445
vn 0.9203997 0.2791012 0.2738008
vn 0.02235346 -0.9906887 0.1342988
vn 0.958182 0.2558941 -0.1280842
vn 0.78366 0.1727232 -0.5966941
vn 0.3934904 0.104492 -0.9133711
vn -0.1057389 0.06977462 -0.9919429
vn -0.5779561 0.07777117 -0.8123537
vn -0.8962519 0.1259099 -0.4252992
vn -0.977523 0.200936 0.06382415
vn -0.8026619 0.2828543 0.5250975
vn -0.4187613 0.3502062 0.8378512
vn 0.07385088 0.3852961 0.9198332
vn 0.5457218 0.3785528 0.7475864
vn 0.8702954 0.3312943 0.3644585
vn 0.06720009 -0.9883421 0.1366163
vn 0.9319722 0.2898671 0.2177266
vn 0.9393167 0.1973201 -0.2806223
vn 0.6905822 0.1128211 -0.7144002
vn 0.253842 0.05938616 -0.9654209
vn -0.2513697 0.0513084 -0.9665303
vn -0.6883934 0.09032047 -0.7196922
vn -0.9415532 0.1655227 -0.2933938
vn -0.9459176 0.2567824 0.1982491
vn -0.7016031 0.3401481 0.6261409
vn -0.2722702 0.393736 0.8779755
vn 0.2299527 0.4031015 0.885794
vn 0.6714034 0.3652239 0.6448481
vn 0.04525517 -0.9843159 0.1705115
vn -0.8597023 0.2466208 0.4473142
vn -0.5114177 0.2734359 0.8146685
vn -0.02495175 0.2886141 0.9571204
vn 0.466938 0.2880189 0.8360706
vn 0.8307283 0.2718533 0.4857842
vn 0.9696254 0.2445805 0.002664676
vn 0.8490986 0.2135992 -0.4831222
vn 0.5034434 0.1871531 -0.8435156
vn 0.02432456 0.1721761 -0.9847658
vn -0.4628379 0.1726037 -0.8694763
vn -0.8292536 0.1883999 -0.5261596
vn -0.9755075 0.2154715 -0.04424061
vn 0.0006007141 -0.9959687 0.08969928
vn -0.7999326 0.3751157 0.4683974
vn -0.4467219 0.3346091 0.8297448
vn 0.03749609 0.2651686 0.9634728
vn 0.5205818 0.1857435 0.8333631
vn 0.87143 0.1179 0.4761402
vn 0.9967637 0.07977013 -0.009944415
vn 0.8656744 0.08119642 -0.4939786
vn 0.5152195 0.1214586 -0.8484083
vn 0.03829632 0.1898459 -0.9810668
vn -0.4402411 0.268461 -0.856806
vn -0.7938411 0.3365481 -0.5065093
vn -0.9264789 0.3757325 -0.02149364
vn -0.1641269 -0.9840944 0.06797534
vn -0.8083664 0.3703109 0.4576174
vn -0.4631554 0.3220753 0.8256843
vn 0.0178094 0.2482986 0.9685199
vn 0.5032706 0.1691086 0.8474202
vn 0.8614477 0.1059834 0.4966643
vn 0.9970453 0.07574383 0.0127847
vn 0.8763884 0.0860954 -0.4738469
vn 0.5337831 0.1339554 -0.834944
vn 0.06008432 0.20663 -0.9765726
vn -0.4207071 0.2850921 -0.8612364
vn -0.7814857 0.3485923 -0.5174587
vn -0.9243587 0.3799354 -0.03478561
vn -0.1693142 -0.9844253 0.04732389
vn -0.583244 0.3691012 0.7235958
vn -0.1301731 0.3077297 0.9425271
vn 0.3684516 0.2245913 0.9021099
vn 0.7766522 0.1423618 0.6136323
vn 0.9841239 0.08331038 0.1567147
vn 0.9368183 0.06309651 -0.3440789
vn 0.6501406 0.08668935 -0.7548524
vn 0.2019903 0.1474847 -0.9682191
vn -0.2894418 0.2294027 -0.9292997
vn -0.6953618 0.3109862 -0.6478886
vn -0.9077533 0.370613 -0.1965449
vn -0.8676487 0.392049 0.3057503
vn -0.1609724 -0.9831156 0.08701493
vn -0.5129624 0.3205701 0.7963067
vn -0.03815442 0.2626196 0.9641448
vn 0.4553399 0.1955061 0.8685868
vn 0.8329692 0.1375239 0.5359566
vn 0.9928632 0.1043175 0.05779703
vn 0.8939397 0.1045723 -0.4358169
vn 0.5653995 0.1378638 -0.813214
vn 0.0960792 0.1951367 -0.9760587
vn -0.3903917 0.2613006 -0.882789
vn -0.7664772 0.3190098 -0.5574455
vn -0.9318591 0.3528937 -0.08428869
vn -0.8399671 0.3535896 0.4116183
vn -0.1276384 -0.9901432 0.05766283
vn -0.5705882 0.3563096 0.739914
vn -0.1110295 0.3019308 0.9468423
vn 0.3877344 0.2275383 0.8932461
vn 0.7896942 0.1534223 0.5940073
vn 0.9862741 0.09965308 0.1316541
vn 0.9264009 0.08049341 -0.3678345
vn 0.6288464 0.1006782 -0.7709839
vn 0.1743595 0.154545 -0.9724786
vn -0.3172331 0.2278464 -0.9205701
vn -0.7170849 0.3013822 -0.6284569
vn -0.918736 0.3556628 -0.1715465
vn -0.8660426 0.3759149 0.3296337
vn -0.1418255 -0.986058 0.08703529
vn -0.5453006 0.3604017 0.7568078
vn -0.0737044 0.3316976 0.9405022
vn 0.4242131 0.2750388 0.8627843
vn 0.8126875 0.2058891 0.5451136
vn 0.9868719 0.1430393 0.07499124
vn 0.9018061 0.1033247 -0.4196068
vn 0.5830033 0.09708226 -0.8066487
vn 0.1167728 0.1256725 -0.9851754
vn -0.3740327 0.1814618 -0.9094896
vn -0.7607523 0.2498548 -0.599023
vn -0.9403023 0.3128175 -0.1340777
vn -0.8623568 0.3534028 0.3625567
vn -0.09639124 -0.9870317 0.1283633
vn -0.4833839 0.3290345 0.8112191
vn 0.001531151 0.2959359 0.9552066
vn 0.4916976 0.244807 0.8356454
vn 0.8534858 0.1895938 0.4854032
vn 0.9893932 0.1452599 0.0007704063
vn 0.864872 0.123613 -0.486535
vn 0.5159593 0.1301819 -0.8466632
vn 0.0368088 0.1630016 -0.985939
vn -0.4464304 0.2133745 -0.869006
vn -0.8070479 0.2681097 -0.5261092
vn -0.9487206 0.3127221 -0.04619756
vn -0.8311344 0.3351259 0.4437411
vn -0.0836031 -0.9916261 0.098429
vn -0.5593079 0.3720823 0.7407628
vn -0.09326994 0.3365791 0.9370247
vn 0.4055577 0.2716625 0.8727672
vn 0.8011553 0.1950487 0.5657793
vn 0.9867091 0.1275504 0.1006782
vn 0.9141582 0.08722889 -0.3958611
vn 0.6056694 0.08453846 -0.7912129
vn 0.1448558 0.1198627 -0.9821659
vn -0.3468233 0.1837883 -0.9197475
vn -0.7404883 0.2595886 -0.619912
vn -0.931266 0.327265 -0.1601291
vn -0.8658719 0.3685789 0.3382535
vn -0.1156178 -0.9848461 0.1292701
vn -0.7978868 0.3547429 0.4873747
vn -0.4322133 0.3335654 0.8378101
vn 0.05818887 0.2839925 0.9570593
vn 0.5395015 0.2195568 0.8128548
vn 0.8811445 0.1577826 0.4457454
vn 0.9923885 0.1152485 -0.04339289
vn 0.8461316 0.1030855 -0.5229099
vn 0.4834378 0.1242446 -0.8665167
vn 0.0003939575 0.1730464 -0.9849136
vn -0.4765306 0.2367282 -0.8466867
vn -0.8211497 0.2985199 -0.4864145
vn -0.9397613 0.3418263 0.001872564
vn -0.1259623 -0.9879302 0.09015287
vn -0.7891058 0.3602654 0.4975148
vn -0.4161195 0.3468747 0.840549
vn 0.07687407 0.301427 0.9503853
vn 0.5553552 0.2363343 0.7973248
vn 0.8895414 0.1693248 0.4243173
vn 0.9907535 0.1184283 -0.06619909
vn 0.8345903 0.09703801 -0.542257
vn 0.4647255 0.1105454 -0.8785272
vn -0.02089025 0.1552669 -0.9876517
vn -0.4951055 0.2195158 -0.8406446
vn -0.8324097 0.2864077 -0.4744098
vn -0.9410089 0.3380314 0.01539586
vn -0.1197205 -0.9866422 0.1104724
vn -0.9817223 -0.01678384 -0.1895777
vn -0.2560522 -0.07910752 0.9634207
vn -0.05962327 -0.1149895 0.9915758
vn 0.6259604 -0.1690731 0.7613067
vn 0.9558457 -0.1339931 0.2615435
vn 0.9265269 -0.002579471 0.3762196
vn 0.8575613 -0.09979677 -0.5046081
vn 0.9433561 -0.05511129 -0.3271729
vn 0.1184923 0.008061876 -0.9929222
vn -0.3495153 -0.0888831 -0.9327051
vn -0.4012567 -0.06145953 -0.9139014
vn -0.9583308 -0.01175015 -0.2854192
vn -0.01415863 0.9995556 0.02623295
vn 0.03507827 -0.9963612 0.07767797
vn 0.9007751 -0.1249209 -0.4159316
vn 0.976721 0.002820311 -0.214495
vn -0.0007687527 0.9998576 -0.01685696
vn -0.005987306 0.9999534 -0.007574142
vn -0.01262691 0.9991375 -0.03955843
vn 0.008966895 0.9990801 0.0419345
vn -0.04332563 0.9990172 0.009362241
vn 0.03223202 0.9991065 -0.02733567
vn -0.005988252 0.9999534 -0.007575307
vn -0.05575359 0.9983085 -0.01648582
vn -0.0221785 0.9997496 -0.002976117
vn 0.004051692 0.9996684 -0.02543242
vn 0.1671728 -0.9174569 -0.361007
vn -0.02209383 0.9996825 -0.0121163
vn 0.3768345 -0.09112033 -0.9217879
vn -0.3767661 0.002899881 0.9263039
vn 0.9409391 -0.01642392 0.3381774
vn -0.9409814 0.01655573 -0.3380531
vn 0.6014671 -0.1040845 0.7920883
vn 0.9186656 -0.09639203 0.3830954
vn 0.9897084 -0.06287137 -0.1285476
vn 0.7955596 -0.01250439 -0.6057463
vn 0.3882413 0.04121313 -0.9206358
vn -0.1231062 0.08388765 -0.9888417
vn -0.6014674 0.1040845 -0.7920881
vn -0.9186656 0.09639202 -0.3830953
vn -0.9897084 0.06287138 0.1285475
vn -0.7955596 0.01250439 0.6057463
vn -0.3882414 -0.04121312 0.9206358
vn 0.1231064 -0.08388766 0.9888416
vn 0.07295346 0.9944898 0.07528464
vn -0.07295337 -0.9944898 -0.07528444
vn 0.5791394 0.01422501 0.8151045
vn 0.9091223 0.0001354014 0.4165294
vn 0.9955065 -0.01399048 -0.09365433
vn 0.8151456 -0.02436762 -0.5787434
vn 0.4163671 -0.02821548 -0.9087587
vn -0.09397667 -0.02450303 -0.9952729
vn -0.5791396 -0.014225 -0.8151043
vn -0.9091223 -0.0001353998 -0.4165293
vn -0.9955065 0.01399048 0.09365426
vn -0.8151456 0.02436762 0.5787434
vn -0.4163671 0.02821548 0.9087586
vn 0.0939769 0.02450302 0.9952728
vn 0.01162951 0.9996018 -0.02570775
vn -0.01162951 -0.9996018 0.02570773
vn -0.4814732 -0.009755354 0.8764066
vn 0.02125651 -0.01372677 0.9996799
vn 0.5182906 -0.01402011 0.8550897
vn 0.8764489 -0.01055678 0.4813791
vn 0.9997637 -0.004264758 -0.02131685
vn 0.8551925 0.003169998 -0.5183008
vn 0.4814729 0.009755357 -0.8764067
vn -0.02125659 0.01372677 -0.9996798
vn -0.5182905 0.01402011 -0.8550897
vn -0.876449 0.01055677 -0.481379
vn -0.9997637 0.004264757 0.02131681
vn -0.8551924 -0.00317 0.518301
vn 0.004556046 0.9998967 0.01363283
vn -0.004556095 -0.9998967 -0.01363278
vn -0.1574044 -0.02287421 0.9872693
vn 0.3561312 -0.058152 0.9326248
vn 0.7742416 -0.07784799 0.6280842
vn 0.9848945 -0.0766847 0.155249
vn 0.9316459 -0.05497379 -0.3591851
vn 0.6287634 -0.0185327 -0.7773758
vn 0.1574041 0.02287423 -0.9872693
vn -0.3561312 0.058152 -0.9326248
vn -0.7742415 0.077848 -0.6280842
vn -0.9848946 0.07668469 -0.155249
vn -0.9316459 0.05497379 0.359185
vn -0.6287632 0.01853268 0.777376
vn 0.0721573 0.996793 0.03459905
vn -0.07215722 -0.996793 -0.03459924
vn 0.6656682 -0.03128636 -0.7455918
vn -0.6656682 0.03128636 0.7455918
vn 0.04192698 -0.9959747 0.0792255
vn -0.43185 0.7986767 -0.4190719
vn -0.7450692 -0.08399829 -0.6616769
vn 0.7450692 0.08399829 0.6616769
vn 0.3351325 0.8105719 -0.4802701
vn 0.394825 0.8625913 0.3163059
vn -0.4015976 0.8485554 0.3444897
vn -0.0466764 -0.8951231 0.443369
vn -0.06683537 0.9957179 -0.06386568
vn -0.2534217 -0.04364891 0.9663706
vn 0.2599039 -0.04442633 -0.9646121
vn 0.9536987 0.04163545 0.2978682
vn -0.9536636 -0.0415131 -0.2979975
vn 0.009324152 -0.9206867 -0.3901911
vn 0.1490683 0.9886323 0.019617
vn 0.3591815 -0.1250698 -0.9248493
vn -0.3742031 0.03803734 0.9265664
vn 0.9230241 -0.1876207 0.3358946
vn -0.9230437 0.1877538 -0.3357661
vn -0.2005807 -0.8875064 0.4148492
vn 0.1045014 0.9940047 -0.03215628
vn -0.2607758 -0.03014317 0.9649287
vn 0.2521088 -0.05775534 -0.9659739
vn 0.9456664 -0.131354 0.2974244
vn -0.9456105 0.1314726 -0.2975499
vn 0.09235337 -0.9281967 -0.3604465
vn 0.01893603 0.9994751 -0.02628857
vn 0.2808656 -0.118666 -0.9523827
vn -0.2840708 0.03058771 0.9583153
vn 0.9679312 -0.05320753 0.2455163
vn -0.9679556 0.05334257 -0.2453906
vn -0.0408099 -0.8867689 0.4604081
vn -0.03077142 0.9968292 -0.07338108
vn -0.1594735 -0.02078964 0.9869833
vn 0.1623826 -0.06745617 -0.9844194
vn 0.9791272 0.003745937 0.2032136
vn -0.9790999 -0.00362682 -0.2033478
vn -0.02978324 -0.9207577 0.3889965
vn -0.06442871 0.9979216 0.001127614
vn -0.205963 -0.1028234 0.9731426
vn 0.2120408 0.01479288 -0.9771488
vn 0.9673721 0.02077795 0.2525067
vn -0.9673427 -0.02064791 -0.2526299
vn 0.1442377 -0.8937308 -0.4247831
vn -0.01718214 0.9985633 0.05075504
vn 0.3306731 -0.0347493 -0.9431055
vn -0.3308668 -0.05358136 0.9421551
vn 0.9562865 -0.03963635 0.2897328
vn -0.956322 0.03976031 -0.2895986
vn 0.6802282 -0.04564453 -0.7315778
vn -0.6802282 0.04564453 0.7315778
vn 0.02802905 -0.9957096 0.08818592
vn -0.4133764 0.8003175 -0.4342948
vn -0.7324643 -0.08049198 -0.6760305
vn 0.7324643 0.08049198 0.6760305
vn 0.3547787 0.8023711 -0.4799298
vn 0.3989272 0.8603553 0.3172472
vn -0.3980159 0.8562416 0.3292927
vn 0.6808254 -0.07135111 -0.7289622
vn -0.6808254 0.07135111 0.7289622
vn -0.01659982 -0.9964914 0.08203333
vn -0.3754762 0.8205249 -0.430995
vn -0.7322577 -0.04374972 -0.679621
vn 0.7322577 0.04374972 0.679621
vn 0.3922109 0.7887329 -0.4733613
vn 0.4352926 0.8398338 0.3243449
vn -0.3610937 0.8710514 0.3329877
vn 0.6623598 -0.08330713 -0.7445397
vn -0.6623598 0.08330713 0.7445397
vn 0.004894468 -0.993296 0.1154949
vn -0.004894468 0.993296 -0.1154949
vn -0.7491699 -0.08014333 -0.6575117
vn 0.7491699 0.08014333 0.6575117
vn -0.1842454 -0.8808877 -0.4359938
vn -0.7584589 -0.07295836 0.6476244
vn -0.177102 -0.962459 0.2056883
vn -0.1216662 0.1193119 -0.985374
vn -0.7049143 -0.3261838 -0.6298413
vn 0.5882354 -0.6103036 0.5305739
vn -0.8809807 0.3192746 -0.3491947
vn 0.7387979 0.6704132 0.06873091
vn 0.5437629 -0.7648519 -0.3454323
vn 0.363546 -0.4851148 0.7952974
vn -0.1281316 0.9311684 -0.3413323
vn 0.6838315 0.583456 -0.4381251
vn -0.4873959 0.1132086 0.8658112
vn -0.9562759 0.1567249 0.2469286
vn -0.5004939 -0.2832463 0.8180938
vn -0.9357537 -0.1607308 -0.3138959
vn -0.08153442 0.2633502 -0.9612486
vn 0.2570298 -0.1199664 -0.9589284
vn 0.6045573 -0.4092462 -0.6833945
vn 0.9376281 0.04528676 0.3446777
vn 0.5774393 -0.3019218 0.7585559
vn 0.5345868 0.1240837 0.8359547
vn 0.8384232 -0.4958738 0.2261765
vn 0.4239579 0.8694625 0.2535643
vn -0.4855039 0.2826819 0.8272707
vn -0.3272432 -0.04687838 0.9437767
vn -0.4855036 0.2826822 0.8272708
vn 0.295158 0.889851 -0.3479181
vn 0.4131255 -0.06362946 0.9084485
vn 0.412703 -0.3608044 0.8363591
vn 0.5279049 0.05288927 0.8476552
vn 0.4501838 0.872021 0.19213
vn -0.3283911 0.8806151 -0.3415793
vn 0.975054 0.2205428 -0.02511044
vn -0.00425321 0.5623664 -0.8268773
vn 0.001362751 0.9985403 -0.05399428
vn 0.222798 0.9464787 -0.2335363
vn -0.1404008 0.9772071 -0.1592292
vn 0.3134323 0.9482059 0.05163132
vn 0.2824087 0.793761 -0.5386919
vn 0.5665053 0.7588323 0.3213181
vn 0.335582 0.8288234 -0.4477015
vn -0.04147917 0.879153 -0.4747309
vn 0.9866651 0.07947972 0.1420389
vn 0.8490705 0.374477 -0.3726209
vn 0.6209006 0.6367333 0.4572234
vn 0.5747453 -0.3002056 -0.7612782
vn 0.4896075 0.2570491 0.8331929
vn 0.756905 -0.001187969 0.6535239
vn 0.6696174 -0.554702 0.4938808
vn 0.03740226 -0.6361195 0.7706835
vn 0.495782 -0.3532437 0.7933594
vn 0.6088374 -0.1471657 -0.7795251
vn -0.02519507 0.01230811 -0.9996068
vn 0.562545 0.3651243 -0.7417732
vn 0.2016941 0.1700387 -0.9645758
vn 0.4944983 -0.6591042 0.5666155
vn 0.9544299 -0.2949666 -0.04536909
vn 0.8165686 -0.41458 -0.4016707
vn -0.05150266 -0.8720442 -0.4867098
vn -0.823424 -0.1646007 0.5430282
vn -0.1166426 -0.9821758 0.1473948
vn -0.008875856 0.1541199 -0.9880123
vn -0.5905496 -0.3535716 -0.7254229
vn 0.5690631 -0.5837706 0.5791193
vn -0.8555065 0.2616879 -0.4467976
vn 0.6634054 0.7248569 0.1856766
vn 0.6468337 -0.7009982 -0.300346
vn 0.3033335 -0.4897311 0.8174058
vn -0.1655907 0.9322357 -0.3217398
vn 0.67929 0.6570856 -0.3268082
vn -0.598662 0.03293276 0.8003245
vn -0.9894521 0.0662724 0.1288117
vn -0.5711747 -0.3606462 0.7373559
vn -0.8721969 -0.222306 -0.435721
vn 0.01526486 0.2997014 -0.9539109
vn 0.3830421 -0.05426615 -0.9221356
vn 0.7177202 -0.3264419 -0.615072
vn 0.8803021 0.1061113 0.4623944
vn 0.5033495 -0.288123 0.8146315
vn 0.4143124 0.1289236 0.9009573
vn 0.844027 -0.4353374 0.3132088
vn 0.3120011 0.8887121 0.3359257
vn -0.6067922 0.203583 0.7683471
vn -0.4360408 -0.1168998 0.892302
vn -0.6067919 0.2035833 0.7683473
vn 0.2572451 0.926109 -0.2759479
vn 0.3016405 -0.0712504 0.9507557
vn 0.3360211 -0.3638291 0.8687453
vn 0.4124632 0.0569585 0.9091918
vn 0.3452955 0.8962346 0.2784504
vn -0.3591131 0.8654985 -0.3492135
vn 0.9477335 0.3006642 0.106781
vn 0.04900135 0.5975507 -0.8003324
vn -0.07896741 0.9967133 -0.01807895
vn 0.1666472 0.9712934 -0.1697582
vn -0.2042362 0.9686906 -0.1411596
vn 0.2208442 0.9673308 0.1244952
vn 0.2765915 0.8381717 -0.4700696
vn 0.4541731 0.7871435 0.417291
vn 0.3148532 0.8732543 -0.3718796
vn -0.05891623 0.8936893 -0.4448015
vn 0.9508413 0.1534915 0.2689632
vn 0.8527384 0.4595675 -0.2482637
vn 0.5017828 0.6637955 0.5546077
vn 0.6883777 -0.2167469 -0.6922116
vn 0.3586083 0.2577393 0.8972015
vn 0.6675345 0.0308231 0.7439407
vn 0.6492006 -0.5200555 0.5550503
vn -0.002863298 -0.6656754 0.746236
vn 0.4228005 -0.3475131 0.8369435
vn 0.711001 -0.06075046 -0.700562
vn 0.09756673 0.05615402 -0.9936435
vn 0.6159468 0.4437396 -0.6509261
vn 0.3037768 0.2301776 -0.9245204
vn 0.4762007 -0.6416978 0.601213
vn 0.974759 -0.2133218 0.06587005
vn 0.8929392 -0.3273243 -0.3090604
vn -0.6153665 -0.7225019 -0.3151431
vn -0.2920667 -0.05916581 0.9545662
vn -0.29484 -0.9331259 0.2057801
vn -0.5831708 0.3385992 -0.7384189
vn -0.9876701 -0.05188816 -0.1477003
vn 0.5885647 -0.8054674 0.0693826
vn -0.8082569 0.5441049 0.2251014
vn 0.8134581 0.490652 -0.3123244
vn 0.0511784 -0.766818 -0.639821
vn 0.5799173 -0.696839 0.4220324
vn -0.03120043 0.9883106 -0.1492275
vn 0.479592 0.5208954 -0.7061584
vn 0.09152181 0.0240316 0.9955131
vn -0.6000516 0.2805343 0.7491586
vn -0.05112318 -0.3446071 0.9373539
vn -0.9635297 0.0861278 0.2533627
vn -0.4992277 0.4644748 -0.7314608
vn -0.3281823 0.03192149 -0.944075
vn 0.01887824 -0.3677277 -0.929742
vn 0.9500327 -0.2036605 -0.2365593
vn 0.782755 -0.5537052 0.2840869
vn 0.9037895 -0.1521813 0.4000067
vn 0.6616628 -0.6806252 -0.3145658
vn 0.7100435 0.7035365 0.02957413
vn 0.1185721 0.1943389 0.9737418
vn 0.2185079 -0.1758633 0.9598575
vn 0.1185731 0.1943393 0.9737416
vn 0.2958924 0.8701288 -0.3941113
vn 0.7931121 -0.3243851 0.515507
vn 0.674709 -0.5950722 0.4366429
vn 0.885317 -0.2216993 0.4087339
vn 0.6996631 0.7135808 -0.03569286
vn -0.2066385 0.9775681 -0.04075699
vn 0.8334777 0.03308256 -0.551562
vn -0.2855953 0.7097272 -0.6439897
vn 0.2423294 0.9699831 0.02023169
vn 0.3127986 0.9148381 -0.2553985
vn 0.06689965 0.9976975 0.01114708
vn 0.536099 0.8412217 -0.07031336
vn 0.1595334 0.8191482 -0.5509494
vn 0.830811 0.5565529 -0.001425195
vn 0.2596767 0.8242377 -0.5031901
vn -0.04530508 0.9492162 -0.3113457
vn 0.8924962 -0.1387201 -0.4291936
vn 0.5909452 0.2756158 -0.7581687
vn 0.9130889 0.401274 0.072442
vn -0.01662708 -0.241468 -0.9702663
vn 0.9019259 -0.01540471 0.4316159
vn 0.9536917 -0.2772319 0.1166828
vn 0.6500133 -0.7599177 -0.002799126
vn 0.2629519 -0.7753639 0.5741667
vn 0.7212489 -0.5947053 0.355142
vn 0.04263188 -0.09716126 -0.9943553
vn -0.5416504 0.2205167 -0.8111642
vn 0.1633746 0.3959872 -0.9036056
vn -0.297526 0.3220983 -0.8987386
vn 0.518637 -0.84202 0.1483847
vn 0.6670288 -0.4541068 -0.5906434
vn 0.3364452 -0.4703165 -0.8158475
vn -0.3605031 -0.7764519 -0.5168753
vn 0.9503402 -0.3072101 -0.0497559
vn 0.03002436 -0.9982319 -0.05129839
vn -0.5210413 0.3214509 -0.7906866
vn 0.02399737 -0.2594405 -0.9654609
vn -0.2288147 -0.6380598 0.7352031
vn 0.488078 0.2806369 -0.826452
vn -0.3289599 0.7221335 0.6085299
vn -0.800714 -0.5966363 0.05368735
vn 0.1351476 -0.6034258 0.7858832
vn 0.09550021 0.9615106 -0.2576375
vn -0.6381182 0.7449556 0.1945413
vn 0.9401665 -0.14333 0.3091012
vn 0.8893089 -0.01920162 -0.4569038
vn 0.823514 -0.5176223 0.2321465
vn 0.435232 -0.1980853 -0.878257
vn -0.4998576 0.460187 -0.7337373
vn -0.8353902 0.1298438 -0.5341009
vn -0.9779928 -0.1696839 -0.1213976
vn -0.4444014 0.07977194 0.892269
vn 0.0006325067 -0.3922115 0.9198748
vn 0.1840736 -0.002744136 0.9829087
vn -0.5793322 -0.4289988 0.6930616
vn 0.06626418 0.8352122 0.5459209
vn 0.9545698 0.02942695 0.296531
vn 0.836299 -0.296277 0.4613285
vn 0.9545695 0.02942743 0.2965318
vn -0.2249298 0.9741309 0.02181002
vn 0.2737681 -0.2151804 0.9374158
vn 0.1560245 -0.4864731 0.8596513
vn 0.1793752 -0.07502173 0.980916
vn 0.008145791 0.8546159 0.5191968
vn 0.2280786 0.8885008 -0.3981791
vn -0.6686979 0.3366222 0.6629695
vn -0.3969672 0.7285848 -0.5581947
vn 0.2039641 0.9779246 0.04540937
vn -0.08494678 0.9945334 0.06072366
vn 0.2332937 0.9637556 -0.1294186
vn 0.03445538 0.9432581 0.3302681
vn -0.3622589 0.9224046 -0.1339341
vn -0.01959481 0.7302548 0.6828939
vn -0.333418 0.9423468 -0.02854993
vn -0.06602351 0.9515548 -0.3003073
vn -0.6028098 0.1641559 0.7808157
vn -0.7654771 0.5481305 0.3370429
vn -0.0003243619 0.5882952 0.8086463
vn -0.9806341 -0.05038428 -0.189257
vn 0.2467714 0.1210314 0.961486
vn -0.1249343 -0.0561827 0.990573
vn -0.2980828 -0.5662444 0.7684491
vn 0.318897 -0.7833175 0.5335902
vn 0.06990392 -0.459497 0.8854242
vn -0.9803411 0.1058204 -0.1665335
vn -0.6257553 0.2328048 -0.7444678
vn -0.7993418 0.5871974 -0.1274835
vn -0.7293382 0.4048863 -0.5514826
vn -0.1493945 -0.704645 0.6936546
vn -0.7907363 -0.1598669 0.5909135
vn -0.9503296 -0.2123632 0.2275424
vn -0.5905823 -0.800493 -0.102096
vn 0.737615 -0.3746713 -0.5617344
vn 0.001903752 -0.997769 0.06673395
vn -0.8913567 0.2706032 -0.363672
vn -0.5518258 -0.3612469 -0.7516575
vn 0.2576888 -0.53957 0.8015364
vn -0.1003311 0.1576933 -0.982378
vn 0.09071627 0.8032055 0.5887542
vn -0.607463 -0.5317476 0.5901129
vn 0.5803369 -0.5245988 0.6229006
vn -0.08404382 0.920088 -0.3825896
vn -0.4040331 0.8030334 0.438058
vn 0.9411626 -0.1734004 -0.2900782
vn 0.4443878 -0.1279169 -0.8866549
vn 0.804688 -0.5449329 -0.2356382
vn -0.1696762 -0.3191142 -0.9324034
vn -0.8416378 0.4128261 -0.3481672
vn -0.990349 0.1290707 0.05049403
vn -0.8575704 -0.1146746 0.5014208
vn 0.1715907 0.2038493 0.9638476
vn 0.5499323 -0.2917255 0.7826051
vn 0.7317525 0.08884328 0.6757553
vn -0.05107641 -0.3127955 0.9484462
vn 0.3706043 0.8818733 0.2914653
vn 0.9438672 -0.004328315 -0.3302968
vn 0.9492378 -0.301949 -0.08817374
vn 0.9438673 -0.004328363 -0.3302968
vn -0.1760334 0.9839931 0.02775025
vn 0.7786545 -0.1328227 0.6132336
vn 0.6399731 -0.4021828 0.6547393
vn 0.7273846 0.01724771 0.6860133
vn 0.3078141 0.9022466 0.3019961
vn -0.0602239 0.823759 -0.5637323
vn -0.1471398 0.4496287 0.8810131
vn -0.6568278 0.6906798 -0.3025536
vn 0.1830294 0.9610862 -0.2069148
vn -0.04046544 0.9988334 -0.02635016
vn 0.1029373 0.9265211 -0.3618877
vn 0.2160694 0.9683894 0.1246435
vn -0.3785766 0.9255266 -0.008962943
vn 0.3837174 0.7980951 0.4645484
vn -0.2929592 0.9545084 0.0555754
vn -0.2392571 0.9166785 -0.3200884
vn -0.02273516 0.2865348 0.9578001
vn -0.4202728 0.6315252 0.6515725
vn 0.4750558 0.6692706 0.5713134
vn -0.9009695 -0.003329417 0.4338697
vn 0.7684613 0.2051025 0.6061355
vn 0.4881196 0.05765835 0.8708702
vn 0.2211096 -0.4600939 0.8598978
vn 0.5798548 -0.7422732 0.3358557
vn 0.5857643 -0.3668381 0.7227103
vn -0.8885251 0.1540198 0.4322049
vn -0.9474359 0.1946786 -0.2539009
vn -0.723666 0.6233929 0.2961231
vn -0.9176034 0.3928704 -0.06047314
vn 0.2974661 -0.6154277 0.7299059
vn -0.2840352 -0.0422411 0.957883
vn -0.627771 -0.1219445 0.7687869
vn -0.6607757 -0.7504993 0.01123905
vn 0.6278089 -0.4577827 -0.6295165
vn -0.06926975 -0.9909469 0.1150043
vn -0.9059362 0.3314138 -0.263523
vn -0.6700981 -0.3416876 -0.6589523
vn 0.3137433 -0.5281142 0.7890884
vn -0.2116816 0.1274698 -0.9689904
vn 0.2287645 0.8147512 0.5327732
vn -0.5678787 -0.4546548 0.6861508
vn 0.6111782 -0.547682 0.5714068
vn -0.05835405 0.9083729 -0.4140693
vn -0.2795667 0.8509793 0.4446084
vn 0.8796993 -0.2642429 -0.3953541
vn 0.31624 -0.199679 -0.9274269
vn 0.7220485 -0.6203747 -0.3062374
vn -0.3119383 -0.3393779 -0.8874217
vn -0.8434548 0.469366 -0.2613037
vn -0.9623703 0.2150175 0.1661653
vn -0.7931443 -0.02150475 0.608654
vn 0.3086334 0.2256763 0.9240215
vn 0.6200419 -0.3070461 0.7219908
vn 0.8165728 0.05217807 0.5748793
vn 0.04529234 -0.2702765 0.9617168
vn 0.4739041 0.8576456 0.1996471
vn 0.8907503 -0.09770858 -0.4438659
vn 0.9031291 -0.3850834 -0.1899174
vn 0.8907495 -0.09771003 -0.4438672
vn -0.0919525 0.9957631 0.0008511836
vn 0.8372867 -0.1749405 0.5180221
vn 0.683963 -0.4296637 0.5895624
vn 0.8078452 -0.01833165 0.5891096
vn 0.414793 0.8836997 0.2168449
vn -0.06555641 0.8034104 -0.5918059
vn 0.002595602 0.4943755 0.8692446
vn -0.6327549 0.7319856 -0.2526231
vn 0.2313261 0.9332005 -0.2750001
vn 0.03637158 0.9968651 -0.07026488
vn 0.1296528 0.8996154 -0.4169919
vn 0.306789 0.9505072 0.04916046
vn -0.3015384 0.9534237 -0.007611906
vn 0.5022171 0.7798294 0.3736898
vn -0.2063627 0.9774705 0.04433947
vn -0.2041205 0.9206536 -0.3327639
vn 0.1223445 0.3243546 0.9379904
vn -0.2821289 0.6898938 0.6666707
vn 0.595828 0.6479145 0.4745479
vn -0.8357634 0.09043616 0.5415912
vn 0.8532811 0.1620916 0.4956186
vn 0.5980586 0.04949904 0.7999223
vn 0.2913541 -0.4435996 0.8475448
vn 0.5567767 -0.7754892 0.2976848
vn 0.6418453 -0.38721 0.6618936
vn -0.8111113 0.2459652 0.5306597
vn -0.9534633 0.2648686 -0.1440573
vn -0.6279815 0.6939175 0.3523034
vn -0.8835206 0.4671415 0.03420733
vn 0.3378932 -0.6098097 0.7169103
vn -0.162222 0.0193416 0.9865647
vn -0.5324933 -0.03799444 0.8455811
vt 0.1157273 0.07260549
vt 0.11494 0.07434721
vt 0.1110655 0.07259592
vt 0.1118527 0.0708542
vt 0.09615679 0.1088254
vt 0.09528011 0.1105238
vt 0.09150176 0.1085737
vt 0.09237844 0.1068752
vt 0.05425025 0.1435775
vt 0.05299189 0.1450162
vt 0.0497914 0.1422168
vt 0.05104978 0.1407782
vt -0.06660493 0.1383382
vt -0.06851455 0.1384201
vt -0.06869659 0.134172
vt -0.06678697 0.1340902
vt -0.1349944 0.0538298
vt -0.1363001 0.05243391
vt -0.1331949 0.04952933
vt -0.1318892 0.05092522
vt -0.128535 0.04646112
vt -0.1294272 0.04477077
vt -0.1256669 0.04278598
vt -0.1247747 0.04447634
vt -0.11494 0.07434719
vt -0.1157272 0.07260548
vt -0.1118527 0.07085418
vt -0.1110654 0.0725959
vt -0.09528007 0.1105239
vt -0.09615673 0.1088254
vt -0.09237839 0.1068752
vt -0.09150172 0.1085737
vt -0.05299194 0.1450161
vt -0.0542503 0.1435774
vt -0.05104983 0.1407781
vt -0.04979147 0.1422168
vt 0.06851459 0.13842
vt 0.06660498 0.1383382
vt 0.06678702 0.1340902
vt 0.06869663 0.134172
vt 0.1363001 0.05243386
vt 0.1349944 0.05382975
vt 0.1318892 0.05092518
vt 0.1331949 0.04952928
vt 0.1294272 0.04477077
vt 0.128535 0.04646113
vt 0.1247747 0.04447635
vt 0.1256669 0.04278599
vt 0.07047188 0.01820819
vt 0.07214537 0.01728473
vt 0.07405639 0.01732175
vt 0.07569287 0.01830931
vt 0.07661632 0.0199828
vt 0.0765793 0.02189382
vt 0.07559174 0.0235303
vt 0.07391825 0.02445375
vt 0.07200723 0.02441674
vt 0.07037075 0.02342917
vt 0.0694473 0.02175568
vt 0.06948432 0.01984467
vt -0.06948429 0.01984466
vt -0.06944728 0.02175567
vt -0.07037073 0.02342917
vt -0.07200721 0.02441673
vt -0.07391822 0.02445374
vt -0.07559171 0.02353029
vt -0.07657928 0.02189381
vt -0.07661629 0.0199828
vt -0.07569283 0.0183093
vt -0.07405636 0.01732174
vt -0.07214535 0.01728473
vt -0.07047185 0.01820818
vt 0.1135463 0.07074558
vt 0.112103 0.07393873
vt 0.1101402 0.07305156
vt 0.1115835 0.06985842
vt 0.09407527 0.1068547
vt 0.09246804 0.1099686
vt 0.09055401 0.1089807
vt 0.09216123 0.1058668
vt 0.05270201 0.1411652
vt 0.050395 0.1438028
vt 0.04877372 0.1423848
vt 0.05108072 0.1397471
vt -0.06592702 0.1355533
vt -0.06942799 0.1357033
vt -0.06952021 0.1335513
vt -0.06601924 0.1334013
vt -0.1324395 0.05253062
vt -0.1348333 0.04997147
vt -0.1332603 0.04850008
vt -0.1308665 0.05105922
vt -0.1257282 0.04588009
vt -0.1273639 0.0427811
vt -0.125459 0.04177566
vt -0.1238233 0.04487464
vt -0.112103 0.07393871
vt -0.1135463 0.07074557
vt -0.1115835 0.0698584
vt -0.1101402 0.07305156
vt -0.09246814 0.1099686
vt -0.09407537 0.1068547
vt -0.09216134 0.1058668
vt -0.09055412 0.1089806
vt -0.05039524 0.1438028
vt -0.05270224 0.1411652
vt -0.05108095 0.1397471
vt -0.04877394 0.1423847
vt 0.06942796 0.1357033
vt 0.06592699 0.1355533
vt 0.06601921 0.1334013
vt 0.06952018 0.1335513
vt 0.1348333 0.04997126
vt 0.1324395 0.0525304
vt 0.1308665 0.051059
vt 0.1332603 0.04849986
vt 0.1273639 0.04278108
vt 0.1257282 0.04588006
vt 0.1238233 0.04487462
vt 0.125459 0.04177563
vt 0.06833861 0.01599051
vt 0.07140669 0.01429751
vt 0.07491022 0.01436537
vt 0.07791042 0.0161759
vt 0.07960342 0.01924398
vt 0.07953556 0.0227475
vt 0.07772503 0.02574771
vt 0.07465695 0.02744071
vt 0.07115343 0.02737285
vt 0.06815322 0.02556232
vt 0.06646022 0.02249424
vt 0.06652809 0.01899072
vt -0.06652808 0.01899072
vt -0.06646022 0.02249424
vt -0.06815322 0.02556231
vt -0.07115342 0.02737284
vt -0.07465695 0.0274407
vt -0.07772502 0.02574771
vt -0.07953556 0.0227475
vt -0.07960342 0.01924397
vt -0.07791042 0.0161759
vt -0.07491021 0.01436537
vt -0.07140668 0.01429751
vt -0.06833862 0.0159905
vt 0.0862151 0.09573065
vt 0.1142253 0.07780386
vt 0.1168296 0.08187301
vt 0.109586 0.086509
vt 0.0888194 0.09979978
vt -0.08621497 0.09573114
vt -0.08881927 0.09980027
vt -0.1028244 0.09083693
vt -0.1002201 0.08676778
vt 0.05884184 0.1347505
vt 0.01580255 0.1465681
vt 0.1008741 0.1172484
vt 0.09093855 0.1260488
vt -0.05744006 0.1239853
vt -0.04906381 0.1177934
vt -0.02668322 0.1295999
vt -0.02651126 0.1296906
vt -0.02789657 0.1323526
vt 0.08632486 0.09596505
vt 0.08894657 0.100023
vt 0.06301955 0.1164735
vt 0.05083259 0.124206
vt 0.04865023 0.1198958
vt 0.1018691 0.07694156
vt 0.1086463 0.06552863
vt 0.1127477 0.06808172
vt 0.1059438 0.07953721
vt -0.01263129 0.1350396
vt -0.02217389 0.1225784
vt -0.02245066 0.122217
vt -0.02061763 0.1123526
vt 0.01300183 0.1109353
vt 0.025053 0.1259224
vt -0.1028194 0.0902008
vt -0.1090337 0.08622484
vt -0.1068687 0.08170918
vt -0.1002156 0.08613139
vt 0.08158241 0.1259299
vt 0.09327528 0.09681047
vt 0.09783463 0.09839004
vt 0.0860304 0.127812
vt -0.08548738 0.1151542
vt -0.09523943 0.1060772
vt -0.1007488 0.07485853
vt -0.09498125 0.06080298
vt -0.08456372 0.07232113
vt -0.07935495 0.07808022
vt -0.07414618 0.0838393
vt -0.07981677 0.09949674
vt 0.01282638 0.134513
vt 0.04641914 0.09000488
vt 0.06239295 0.08539076
vt 0.07008307 0.08322743
vt 0.08397613 0.07112893
vt 0.0978692 0.05903045
vt 0.103369 0.0729761
vt 0.09739058 0.1037736
vt -0.08340234 0.09708555
vt -0.07798975 0.08133543
vt -0.07782847 0.0813809
vt -0.07854953 0.09966645
vt -0.04751668 0.08904105
vt -0.03036145 0.1112903
vt -0.02306893 0.1207483
vt -0.02279094 0.1211088
vt -0.02584887 0.1267957
vt -0.04817498 0.1148865
vt -0.05693085 0.1230155
vt -0.08066562 0.1163412
vt -0.07819391 0.1011
vt -0.04853837 0.1168463
vt -0.06903625 0.1186757
vt -0.06782527 0.1139987
vt -0.05615204 0.1168103
vt -0.05735207 0.1214895
vt 0.04825862 0.09022103
vt 0.01426608 0.1344317
vt -0.06155623 0.1154905
vt -0.02665075 0.04410593
vt -0.01290341 0.05755193
vt 0.00111758 0.07093933
vt 0.01300767 0.07282841
vt 0.02517783 0.08202726
vt 0.03034964 0.09212691
vt 0.0363193 0.09149162
vt -0.01915133 0.1393236
vt -0.02168481 0.1434371
vt -0.05660787 0.1265925
vt -0.09153093 0.109748
vt -0.08881499 0.1039001
vt 0.06301562 0.1184577
vt 0.04634104 0.08466711
vt 0.07121383 0.06684072
vt 0.09149656 0.09084227
vt 0.08040865 0.1103246
vt 0.09211395 0.09479656
vt 0.09612557 0.0974867
vt 0.08443404 0.1129935
vt 0.03390154 0.130385
vt 0.03349718 0.1255708
vt 0.04699103 0.1250024
vt 0.04744353 0.12981
vt -0.02567337 0.04207207
vt -0.06085066 0.113305
vt -0.1166838 0.05762492
vt -0.0691972 0.03195696
vt -0.05299145 0.0465596
vt -0.03916528 0.04162004
vt -0.09020478 0.1022635
vt -0.09542315 0.1060496
vt -0.1164559 0.07240798
vt -0.1374886 0.03876645
vt -0.1319988 0.03538614
vt 0.1171978 0.06029107
vt 0.09558664 0.04936014
vt 0.1247301 0.03270173
vt 0.07009362 0.1364998
vt 0.06621729 0.1336169
vt 0.07067008 0.1249648
vt 0.07452179 0.1278583
vt -0.07016125 0.03459109
vt -0.1175407 0.06040532
vt -0.1381536 -0.01404211
vt -0.007493866 -0.0187338
vt 0.01182763 -0.003727154
vt 0.03421132 -0.009722067
vt 0.03732936 -0.0008636129
vt 0.05515753 0.008338179
vt 0.06407163 0.01293908
vt 0.07039507 0.0120078
vt 0.07244284 0.01104379
vt 0.08796027 0.03505246
vt 0.0844436 0.05314137
vt 0.06967793 0.06499675
vt 0.04847748 0.06729727
vt 0.03354904 0.06891721
vt 0.01832563 0.05815516
vt 0.00974286 0.05262341
vt 0.00116007 0.04709166
vt -0.007422701 0.04155992
vt -0.01208395 0.03458877
vt -0.01674519 0.02761756
vt -0.03312324 0.02752147
vt -0.04687677 0.02276473
vt -0.05905072 0.02280859
vt -0.06259395 0.02854676
vt -0.109048 0.07867245
vt -0.1148933 0.08139397
vt -0.1265997 0.05530057
vt -0.1307517 0.04604584
vt -0.1466101 0.0106978
vt -0.140669 0.008192385
vt 0.1373458 -0.009516918
vt 0.1121495 -0.007478128
vt 0.1030141 -0.05182873
vt 0.1286036 -0.06250329
vt 0.07737834 0.1071608
vt 0.07476622 0.1030973
vt 0.1092251 0.08306865
vt 0.1119296 0.08704568
vt -0.004042888 -0.01848217
vt -0.1347204 -0.01520226
vt -0.1252571 -0.06799789
vt -0.07622126 -0.04695579
vt -0.04275221 -0.02786864
vt -0.1224271 0.0596106
vt -0.1283939 0.06204716
vt -0.1467694 0.01158497
vt -0.1407976 0.009160642
vt 0.1949873 -0.001249965
vt 0.1750695 0.0180424
vt 0.1566497 0.03588385
vt 0.1529755 0.03274839
vt 0.1901898 -0.005556851
vt 0.06990262 0.09914859
vt 0.08333922 0.09247971
vt 0.08572428 0.0970984
vt 0.07131191 0.1036897
vt -0.03674958 0.127748
vt -0.02035682 0.1275265
vt -0.02033089 0.1323209
vt -0.0368872 0.1325416
vt -0.05964935 0.1279108
vt -0.04747278 0.1274009
vt -0.04762674 0.1321974
vt -0.05994219 0.1327086
vt -0.08235241 0.1009516
vt -0.07522132 0.108261
vt -0.07844969 0.1118058
vt -0.08195482 0.108208
vt -0.08545995 0.1046103
vt 0.03569305 0.02517226
vt 0.01914037 0.02532827
vt 0.01442692 0.03231296
vt 0.009713454 0.03929763
vt 0.005485791 0.04200847
vt -0.001961919 0.01783472
vt 0.02942767 0.01340633
vt 0.03339478 0.02864671
vt 0.02703372 0.01693025
vt 0.04316374 0.01693006
vt 0.06323808 0.02467206
vt 0.05091396 0.02453673
vt 0.03696751 0.02918435
vt 0.04687809 0.01759083
vt 0.0567887 0.005997346
vt 0.06531094 -0.006441983
vt 0.05986797 0.02390781
vt 0.06157969 -0.00722822
vt 0.113866 -0.01120811
vt 0.1390746 -0.01312691
vt 0.09947122 0.00539047
vt 0.05970637 0.02350125
vt 0.09929934 0.004961962
vt 0.07302312 0.0235507
vt 0.07088406 0.04118246
vt 0.0786017 0.03542479
vt 0.08631933 0.02966712
vt 0.1285217 0.02982102
vt 0.1124 0.06888323
vt 0.1246483 0.05082845
vt 0.128748 0.05338427
vt 0.1163917 0.07159729
vt 0.09213268 0.09530821
vt 0.101544 0.07850391
vt 0.105626 0.08108787
vt 0.09614556 0.09799659
vt -0.08428364 0.09782669
vt -0.06345172 0.1079875
vt -0.06571891 0.112222
vt -0.08670636 0.1019773
vt -0.1054566 0.07222041
vt -0.1013353 0.07952593
vt -0.1052208 0.08234014
vt -0.109363 0.07500179
vt 0.09912269 0.07781868
vt 0.1133727 0.0579308
vt 0.1174486 0.06052197
vt 0.1026202 0.08110886
vt 0.1317855 0.03981506
vt 0.1566062 0.01032746
vt 0.1606881 0.01291042
vt 0.1356927 0.04261895
vt -0.1106365 0.0935625
vt -0.1086122 0.09451368
vt -0.1116839 0.09758893
vt -0.1147565 0.09606506
vt 0.1006067 0.08588266
vt 0.1075628 0.06882612
vt 0.1147201 0.06186705
vt 0.1047415 0.08821569
vt -0.06605146 0.1174628
vt -0.05876469 0.1246171
vt -0.0621651 0.1280098
vt -0.06932717 0.1209654
vt -0.07427631 0.1093133
vt -0.06706557 0.1165441
vt -0.07037796 0.120012
vt -0.07746585 0.112893
vt -0.1011611 0.08007909
vt -0.09700723 0.08736604
vt -0.1008593 0.09023051
vt -0.105034 0.08291058
vt -0.06096363 0.1239681
vt -0.04805004 0.1374162
vt -0.05165163 0.1406169
vt -0.0644338 0.1272896
vt 0.1127377 0.0752676
vt 0.1255708 0.0613135
vt 0.1293045 0.06430007
vt 0.1161672 0.078611
vt 0.08251724 0.03401541
vt 0.06650656 0.01032837
vt 0.07056049 -0.004004251
vt 0.05406775 -0.01018259
vt 0.05027034 -0.02427154
vt 0.06274626 -0.02786576
vt 0.07196072 -0.02316833
vt 0.08117516 -0.01847084
vt 0.08672214 -0.01781042
vt 0.09226909 -0.01714997
vt 0.1086328 -0.01116636
vt 0.1083803 0.0278667
vt 0.08777229 0.01948644
vt 0.08275316 0.02650698
vt 0.1131315 0.05999928
vt 0.1165937 0.05126791
vt 0.1206888 0.05377986
vt 0.1171736 0.06259726
vt 0.04315373 0.1264567
vt 0.05830731 0.1133022
vt 0.06098542 0.1172938
vt 0.04573541 0.1305117
vt 0.03423131 0.1330722
vt 0.04186355 0.1265594
vt 0.04441091 0.1306362
vt 0.03673045 0.1371806
vt 0.06989621 0.1490669
vt 0.07559734 0.1351875
vt 0.08020351 0.1366442
vt 0.07443556 0.1507067
vt -0.1116177 0.1169138
vt -0.1173 0.1131369
vt -0.1174321 0.1130491
vt -0.1225659 0.1073544
vt -0.1220638 0.1000901
vt -0.109046 0.1130915
vt -0.1228554 0.0659326
vt -0.1308505 0.05264684
vt -0.1268518 0.05009274
vt -0.1170137 0.06565624
vt -0.1226264 0.09852016
vt -0.1272205 0.09225842
vt -0.1213739 0.09133898
vt 0.00432148 0.04379568
vt 0.0001058134 0.04652666
vt -0.008325504 0.05198852
vt -0.01675687 0.05745042
vt -0.03188502 0.06803964
vt -0.0292607 0.02615728
vt -0.003237107 0.01965616
vt -0.03391136 0.06802846
vt -0.04943778 0.06476293
vt -0.04963364 0.06472173
vt -0.04075538 0.02826692
vt -0.03164979 0.02612514
vt -0.04762476 0.06177391
vt -0.06850536 0.06110916
vt -0.08390046 0.04927773
vt -0.03843249 0.02540293
vt -0.05299807 0.008020157
vt -0.03501334 -0.001135653
vt -0.03612816 0.01375856
vt -0.04512053 0.01833647
vt -0.06199045 0.01259804
vt -0.0529981 0.008020173
vt -0.04512056 0.01833649
vt -0.04961674 0.02062542
vt -0.08347468 0.02715242
vt -0.06992073 0.01313885
vt -0.05631825 0.03425882
vt -0.08289595 0.05504332
vt -0.05927144 0.03393133
vt -0.03733636 0.03133398
vt -0.0683126 0.008968323
vt -0.06495387 0.009732762
vt -0.05733684 0.01146639
vt -0.04509883 0.01968747
vt -0.05481734 0.03015243
vt -0.1322839 0.0587122
vt -0.1365677 0.06061901
vt -0.1428916 0.04692641
vt -0.1385426 0.04523409
vt -0.07302013 0.01002726
vt -0.08643217 0.02417649
vt -0.09146978 0.01966376
vt -0.08514 0.01226713
vt -0.08265568 0.007964901
vt -0.08017135 0.003662634
vt -0.07520267 -0.0049419
vt 0.1321232 0.03001432
vt 0.1276055 0.02926605
vt 0.1314112 0.02155596
vt 0.1353732 0.02413556
vt 0.06644966 0.01947119
vt 0.06167377 -0.01926923
vt 0.07291244 -0.01948522
vt 0.07328727 -0.002414908
vt 0.07366212 0.01465542
vt -0.05246731 0.1401588
vt -0.06478529 0.1270468
vt -0.06160617 0.1234568
vt -0.04957182 0.1363166
vt -0.08953951 0.0208264
vt -0.1099579 0.02962544
vt -0.09124944 0.01834809
vt -0.08316056 0.01347215
vt 0.01938247 0.1625006
vt 0.03126175 0.1497119
vt 0.03818782 0.1556311
vt 0.0226196 0.1668852
vt 0.002889654 0.05634936
vt 0.01238337 0.05903049
vt 0.009779416 0.06479377
vt -0.07118825 -0.03707718
vt -0.05862702 -0.03440804
vt -0.07616302 -0.02656354
vt 0.003988679 0.1519431
vt 0.02223955 0.1646667
vt 0.0199872 0.1688943
vt 0.00175005 0.1561779
vt -0.1118787 0.02691184
vt -0.1014621 0.008039878
vt -0.0941643 0.01467286
vt -0.09324925 0.01550456
vt -0.1359388 0.02872201
vt -0.1390803 0.008746468
vt -0.1256136 0.003211639
vt -0.1278515 0.008740683
vt -0.05336738 0.1477645
vt -0.04794256 0.1464311
vt -0.04553417 0.1540326
vt -0.05024359 0.1563225
vt -0.1173103 -0.02243503
vt -0.112124 -0.02316799
vt -0.1125631 -0.01320684
vt -0.1177699 -0.009531891
vt -0.07648994 0.149677
vt -0.07605568 0.1551081
vt -0.0859972 0.1592073
vt -0.08766508 0.1484622
vt -0.1190119 0.09046266
vt -0.1226181 0.1021177
vt -0.1296784 0.09183579
vt 0.1548411 0.06308034
vt 0.152255 0.05904769
vt 0.1575661 0.05219167
vt 0.1604925 0.05598462
vt 0.1326821 0.06643684
vt 0.1388536 0.0505277
vt 0.1466351 0.0550456
vt 0.1367752 0.06885921
vt -0.06485733 -0.03050932
vt -0.0680712 -0.01056416
vt -0.07546922 -0.01574392
vt -0.07606632 -0.03269324
vt -0.1474631 -0.007983091
vt -0.1554991 -0.02070735
vt -0.1481356 -0.0239894
vt -0.1343732 -0.01434205
vt -0.03333733 0.1382774
vt -0.01533954 0.1315612
vt -0.02411913 0.1417908
vt -0.02039508 -0.07417177
vt -0.02323075 -0.05964089
vt -0.03354519 -0.06379713
vt -0.03119069 -0.07266903
vt -0.1000951 0.1146819
vt -0.09742645 0.1027772
vt -0.09234436 0.1124182
vt -0.1602399 0.012239
vt -0.1484091 0.01584451
vt -0.146484 0.02614766
vt -0.1613991 0.01841803
vt -0.1463466 -0.0009047312
vt -0.1447837 0.01191171
vt -0.1565177 0.007942622
vt 0.007858368 0.06172168
vt 0.02146472 0.04791405
vt 0.03988856 0.08558741
vt 0.006997675 0.06311671
vt 0.03910128 0.0868836
vt 0.03495828 0.1024403
vt 0.02872779 0.09367777
vt 0.0044647 0.0691032
vt 0.01887708 0.05609747
vt 0.03916476 0.08762999
vt 0.0184639 0.1001596
vt 0.01390522 0.1006148
vt 0.04274622 0.09884982
vt 0.06390698 0.1173194
vt 0.02616731 0.1262102
vt 0.01420256 0.1111508
vt -0.03214723 0.1127987
vt -0.04950444 0.09070722
vt -0.0375497 0.09193907
vt -0.03157233 0.09255499
vt -0.02645646 0.08244111
vt -0.0143211 0.07320146
vt -0.01322525 0.07302377
vt -0.02148168 0.1044744
vt -0.02354378 0.1123294
vt 0.05296696 0.04875924
vt 0.06933957 0.03405145
vt 0.0948277 0.04872196
vt 0.06804528 0.06399851
vt 0.04797641 0.08123456
vt 0.03086496 0.04294784
vt 0.0444167 0.04279244
vt 0.05823446 0.04803669
vt 0.07298081 0.06358636
vt 0.04271284 0.08877174
vt 0.05987079 0.1223248
vt 0.03835481 0.1042695
vt 0.09540701 0.04995364
vt 0.09572417 0.05011427
vt 0.1173296 0.06105611
vt 0.08912803 0.08896299
vt 0.06859098 0.06517126
vt 0.03093213 -0.006175792
vt 0.01971432 -0.006858611
vt 0.02304657 -0.01583926
vt 0.1308465 0.05635428
vt 0.136981 0.04044988
vt 0.1472576 0.0438697
vt 0.1429111 0.05239167
vt 0.1385646 0.06091366
vt 0.1176783 0.07290669
vt 0.1105129 0.07988538
vt 0.1130327 0.07279702
vt -0.08942999 -0.007777787
vt -0.09139226 0.003550781
vt -0.09369569 0.007951124
vt -0.09912584 -0.006482076
vt -0.07664994 -0.03777989
vt -0.08141441 -0.0271693
vt -0.0857435 -0.02940928
vt -0.07266529 -0.01368957
vt -0.08000489 -0.01844897
vt -0.08564451 -0.022106
vt -0.08367257 -0.03242318
vt -0.09433191 0.006813176
vt -0.09662373 0.01122034
vt -0.1094916 -0.006287381
vt -0.09979851 -0.007606504
vt -0.1004562 -0.004984685
vt -0.1101462 -0.003641023
vt -0.1048243 -0.007147476
vt -0.09950247 -0.01065393
vt -0.09177561 -0.02659249
vt -0.08344814 -0.02790123
vt -0.09261403 -0.0196099
vt 0.05330713 0.1330954
vt 0.06077799 0.1258984
vt 0.06482222 0.1300852
vt 0.05838991 0.1377121
vt -0.05216466 0.144445
vt -0.04670634 0.1432579
vt -0.04519502 0.1499546
vt -0.04996711 0.1521098
vt -0.1115853 -0.02227978
vt -0.1063975 -0.02300113
vt -0.1068321 -0.01598205
vt -0.1120476 -0.01231974
vt -0.1281701 0.05396186
vt -0.1339619 0.04049652
vt -0.1294482 0.03888448
vt -0.1236751 0.05229614
vt -0.05611272 -0.01213231
vt -0.07295653 -0.005812058
vt -0.07549544 -0.008468265
vt -0.09076625 -0.00632839
vt -0.1004563 -0.004984781
vt -0.09950254 -0.01065402
vt -0.07359283 -0.005063191
vt -0.07860641 0.003515362
vt -0.07613717 -0.00771419
vt -0.1135401 0.08797114
vt -0.1251403 0.08247162
vt -0.1222457 0.07864134
vt -0.1105145 0.08426503
vt -0.05517107 -0.03128448
vt -0.05854876 -0.01702151
vt -0.07789941 -0.01319641
vt -0.07279724 -0.02364708
vt -0.08141448 -0.02716933
vt -0.08617894 -0.01655874
vt -0.0948371 -0.0210387
vt -0.08574357 -0.02940932
vt -0.0917756 -0.02659241
vt -0.08302891 -0.03139246
vt -0.08344813 -0.02790115
vt 0.06033481 0.1259755
vt 0.06782547 0.1187991
vt 0.07082079 0.1225643
vt 0.06436748 0.1301734
vt -0.08302871 -0.03139249
vt -0.07428201 -0.03619249
vt -0.08344793 -0.02790118
vt -0.02845253 0.02583971
vt -0.03043501 0.007456336
vt -0.006153058 0.007334214
vt -0.002409675 0.01941514
vt -0.04374131 0.02963514
vt -0.04298082 0.01471872
vt -0.03705331 0.009058417
vt -0.03465813 0.0273926
vt -0.02978268 0.007264263
vt -0.03172448 -0.0111234
vt -0.009216635 -0.004892995
vt -0.005500531 0.007196306
vt -0.04580607 0.01531895
vt -0.04519486 0.0003958493
vt -0.04251007 -0.008709364
vt -0.03993526 0.009600293
vt -0.0361281 0.01375856
vt -0.03724292 0.02865279
vt -0.04512047 0.01833647
vt -0.04512057 0.0183366
vt -0.03724303 0.02865291
vt -0.04961675 0.02062554
vt -0.04994715 0.02122999
vt -0.03756418 0.02924311
vt -0.05949719 0.03185796
vt -0.0806246 0.05745664
vt -0.08399687 0.02947736
vt -0.05682854 0.03653818
vt -0.005694084 0.008146361
vt 0.0168881 -0.007730343
vt 0.02315384 0.00403738
vt -0.001788066 0.0193409
vt -0.005504335 0.007251669
vt 0.02334617 0.003161495
vt 0.0296044 0.01493302
vt -0.006476104 0.007689998
vt -0.01023294 -0.004386613
vt 0.009767234 -0.0199975
vt 0.01606379 -0.008246484
vt 0.01552563 -0.007088193
vt 0.009209113 -0.01882878
vt 0.06250809 -0.007739896
vt 0.02135309 0.002996624
vt 0.01501784 -0.008732605
vt 0.06199886 -0.009461567
vt 0.05361264 0.003070086
vt 0.02703374 0.01693028
vt 0.02067264 0.005213809
vt 0.05293272 0.005213481
vt 0.04316375 0.01693009
vt 0.06660306 0.1079102
vt 0.08738209 0.1031552
vt 0.08821464 0.1078058
vt 0.06796859 0.1129345
vt 0.06777404 0.1129725
vt 0.06271926 0.130648
vt 0.07108092 0.1178707
vt 0.07496256 0.1207449
vt 0.06660683 0.1335146
vt 0.01926733 0.1282619
vt 0.03064083 0.1243138
vt 0.03220681 0.1288827
vt 0.02187844 0.132468
vt 0.02082954 0.1328321
vt -0.05599527 0.117297
vt -0.05015572 0.1186905
vt -0.05134048 0.1233733
vt -0.05718549 0.1219787
vt 0.07273225 0.140997
vt 0.07790629 0.1308938
vt 0.08223577 0.1330353
vt 0.07706638 0.1431296
vt -0.03672307 0.1326379
vt -0.02582175 0.1425607
vt -0.028608 0.1465025
vt -0.03955442 0.1365495
vt -0.101935 0.08714625
vt -0.08986276 0.09527388
vt -0.0923923 0.09934931
vt -0.1045976 0.091139
vt 0.09023987 0.1071396
vt 0.09348994 0.1012194
vt 0.09765565 0.1036176
vt 0.09444362 0.1094927
vt 0.07559717 0.04330223
vt 0.068056 0.03719144
vt 0.07788891 0.0317714
vt 0.08339456 0.03765984
vt 0.07300255 0.02961852
vt 0.0863193 0.02966709
vt 0.07860167 0.03542476
vt 0.09929936 0.004961956
vt 0.1388924 -0.01357738
vt 0.1285422 0.02375687
vt 0.08633988 0.02360016
vt 0.07302313 0.0235507
vt 0.06332189 0.02026073
vt 0.05973773 0.01460467
vt 0.07305447 0.01465568
vt 0.1131587 -0.01067434
vt 0.06088189 -0.006583481
vt 0.007530998 -0.01740723
vt 0.04645143 -0.02653698
vt 0.08046192 -0.04525922
vt 0.1041514 -0.05504678
vt -0.08036344 0.1153448
vt -0.08863889 0.1130041
vt -0.08321208 0.09725887
vt -0.07836162 0.09984412
vt -0.07786795 0.1001072
vt -0.07747628 0.08082843
vt -0.07053989 0.08279525
vt -0.06344229 0.08480776
vt -0.04744513 0.08934374
vt -0.04811201 0.1151889
vt -0.07773229 0.09937618
vt -0.07822579 0.09911273
vt -0.02279096 0.1211088
vt -0.01320624 0.1335396
vt -0.02567736 0.1268872
vt -0.0258489 0.1267957
vt -0.02651124 0.1296904
vt -0.01400967 0.1362854
vt -0.02789655 0.1323524
vt -0.02322171 0.120963
vt -0.03052209 0.1115111
vt -0.02191336 0.111113
vt -0.02142984 0.1110906
vt -0.01125789 0.07475241
vt -0.000451655 0.07309265
vt 0.009629695 0.1044093
vt 0.009729899 0.1047206
vt -0.01977031 0.1061357
vt 0.03717351 0.08822885
vt 0.04307761 0.09721401
vt 0.01451436 0.1094703
vt 0.01263473 0.1033965
vt 0.01658713 0.1009535
vt 0.01756846 0.1026103
vt 0.01360432 0.1050343
vt 0.01310675 0.1033991
vt 0.01301156 0.1030862
vt 0.09552611 0.04925063
vt 0.09520884 0.04909023
vt 0.06974164 0.03438302
vt 0.127335 0.02279967
vt 0.1246657 0.03258557
vt -0.09954991 0.1040922
vt -0.09339237 0.1058014
vt -0.09503774 0.1103181
vt -0.102314 0.1074621
vt 0.009792625 0.1047204
vt 0.01031591 0.1063475
vt 0.01226261 0.1124008
vt -0.02135281 0.1139423
vt -0.02183634 0.1139645
vt -0.019708 0.1061269
vt -0.1014621 0.00803989
vt -0.09857972 0.002817818
vt -0.09276371 0.006187298
vt -0.09416438 0.01467287
vt -0.09276368 0.006187376
vt -0.08519454 0.01057254
vt -0.09324928 0.01550465
vt -0.09416435 0.01467295
vt 0.1290032 0.04927425
vt 0.1464728 0.01399621
vt 0.1603884 0.01973446
vt 0.1691885 0.06764697
vt 0.1490958 0.0584606
vt 0.1667906 -0.05843611
vt 0.1053224 -0.1541949
vt 0.1041708 -0.1543384
vt 0.1576638 -0.09674496
vt 0.04374874 0.1027557
vt 0.04608521 0.05408499
vt 0.05738101 0.09306771
vt 0.1532283 0.03529429
vt 0.1613561 0.05392252
vt 0.1485389 0.07489397
vt 0.1416798 0.0720948
vt 0.09242524 0.09721468
vt 0.1328001 0.02977232
vt 0.1454826 0.03750924
vt 0.1356569 0.05438581
vt 0.1255631 0.0712464
vt 0.1053757 0.1049676
vt 0.0628448 0.1356303
vt 0.06404767 0.1355487
vt 0.06149502 0.150425
vt -0.2362332 0.01609503
vt -0.2321344 0.01263753
vt -0.2308875 0.01402704
vt -0.04610907 0.1498842
vt -0.0497114 0.1352302
vt -0.03122297 0.1318146
vt -0.02879876 0.1491943
vt 0.09125365 -0.1537019
vt 0.1563512 -0.06038041
vt 0.09951092 -0.04710582
vt 0.07835256 -0.06638063
vt 0.06069449 -0.07001023
vt 0.05373927 -0.08415985
vt -0.04227438 0.09969675
vt -0.053106 0.1101928
vt -0.06833397 0.08659808
vt -0.06114384 0.07817171
vt -0.1227013 0.04877884
vt -0.1018695 0.08190283
vt -0.1091994 0.08772331
vt -0.1201167 0.08468296
vt -0.1201333 0.08445151
vt -0.07201119 -0.0837668
vt -0.07832941 -0.07144522
vt -0.0849571 -0.09106204
vt -0.2014712 0.1093325
vt -0.2017097 0.09601663
vt -0.1989601 0.1045944
vt -0.2360154 0.01919807
vt -0.2302096 0.01857255
vt -0.2281289 0.02691983
vt -0.2282578 0.02785278
vt 0.140983 0.08748437
vt 0.1372923 0.07284882
vt 0.1685472 0.05929378
vt 0.1738965 0.07340301
vt 0.1339463 -0.04220943
vt 0.189903 -0.04477885
vt 0.1949114 -0.00724878
vt 0.1855438 0.01119907
vt 0.174757 -0.02643183
vt 0.1656301 -0.04242203
vt 0.1431008 0.004022076
vt 0.1499536 0.007182862
vt 0.1568065 0.01034366
vt 0.1414217 0.02719443
vt 0.1287705 0.01896312
vt 0.09296513 -0.1535103
vt 0.0551554 -0.08414
vt 0.04208834 -0.101904
vt 0.02563785 -0.1075721
vt 0.01689134 -0.1735117
vt 0.03559633 -0.1686761
vt 0.05430131 -0.1638405
vt 0.07429971 -0.1557133
vt -0.1221583 0.03018794
vt -0.1304187 0.03693421
vt -0.1352682 0.02701171
vt -0.1401177 0.01708922
vt -0.1318255 0.01030099
vt -0.0638396 -0.100162
vt -0.0708027 -0.1180318
vt -0.05983888 -0.117558
vt -0.0574315 -0.1089539
vt -0.07969613 0.0539024
vt -0.0743478 0.04022273
vt -0.0001523423 0.0646852
vt -0.004912626 0.07802038
vt -0.02698961 0.07767056
vt -0.04455849 0.06974784
vt -0.06212733 0.06182513
vt 0.0116935 -0.175212
vt 0.02135917 -0.1093583
vt -0.009256061 -0.1029154
vt -0.03801211 -0.09274195
vt -0.06348436 -0.1539616
vt 0.07957692 0.0875407
vt 0.08250479 0.0995764
vt 0.05584698 0.1109234
vt 0.05129767 0.1011989
vt 0.00498462 -0.1438129
vt 0.02151774 -0.1487809
vt 0.03270595 -0.1353913
vt 0.0574382 -0.1362626
vt 0.07545189 -0.1151415
vt 0.06542372 -0.1107831
vt -0.05677104 -0.1522411
vt -0.03240943 -0.09061266
vt -0.06999948 -0.07326943
vt -0.1097572 -0.09713206
vt -0.1016665 -0.1087423
vt -0.09189735 -0.1163431
vt -0.08526225 -0.1241122
vt -0.07862718 -0.1318812
vt 0.0649504 0.07242636
vt 0.07419331 0.08422213
vt 0.06177328 0.09346706
vt 0.03915311 0.1103045
vt 0.03181393 0.09723903
vt 0.06695259 -0.1199849
vt 0.07272971 -0.129687
vt 0.08566003 -0.1188333
vt 0.07936915 -0.1107387
vt -0.192797 0.00305588
vt -0.1819898 -0.007250216
vt -0.1468141 0.02294741
vt -0.1537159 0.03635649
vt -0.1616411 0.02977406
vt -0.1656036 0.02648285
vt -0.1695662 0.02319162
vt -0.1735288 0.01990042
vt -0.1774913 0.01660919
vt -0.1814539 0.01331798
vt -0.09080162 0.0745008
vt -0.07340857 0.109718
vt -0.08581871 0.1183025
vt -0.1033174 0.08292761
vt -0.1804019 -0.01951669
vt -0.1904931 0.0186392
vt -0.1898651 -0.0008794445
vt -0.189237 -0.02039808
vt -0.07109857 0.09796913
vt -0.06127291 0.1135437
vt -0.07300849 0.1230321
vt -0.08296072 0.1072943
vt -0.2360975 0.0182687
vt -0.2307716 0.01615001
vt -0.2302887 0.01766207
vt -0.1723016 -0.04911672
vt -0.1600465 -0.04575435
vt -0.1704645 -0.03034386
vt -0.1791926 -0.03173419
vt -0.1986965 0.04085733
vt -0.2111782 0.02175597
vt -0.2002661 0.02139176
vt -0.1371083 -0.08365016
vt -0.1238891 -0.0754969
vt -0.1314614 -0.07179977
vt -0.143164 -0.0766807
vt -0.1498652 -0.08155201
vt -0.151042 -0.078062
vt -0.1635664 -0.0667991
vt -0.2117896 0.06072742
vt -0.2027349 0.0547231
vt -0.2014949 0.06301819
vt -0.2066423 0.0618728
vt -0.209216 0.06130011
vt -0.08001047 0.1348451
vt -0.06271892 0.145049
vt -0.06733431 0.1526864
vt 0.09598558 0.02267864
vt 0.1183506 0.05129035
vt 0.1091695 0.06311542
vt 0.0204617 0.07028092
vt 0.04791974 0.04216142
vt 0.05688497 0.08373754
vt 0.05691126 0.08385944
vt -0.01477638 0.08832688
vt 0.001548789 0.08807275
vt 0.01033152 0.1147598
vt 0.008287713 0.1157809
vt -0.221453 0.03348218
vt -0.1985692 0.02419582
vt -0.1981383 0.03398993
vt 0.06185446 -0.04662388
vt 0.07458086 -0.04530982
vt 0.0627654 -0.04039942
vt -0.0356364 0.1102573
vt -0.01147618 0.1381346
vt -0.01680504 0.1526896
vt -0.2242242 0.05525747
vt -0.2173351 0.04137276
vt -0.2154852 0.05303894
vt 0.05446795 0.0232328
vt 0.06816028 0.009308537
vt 0.06718056 0.0246742
vt 0.03431314 0.09564777
vt 0.05237398 0.08867529
vt 0.0564597 0.1058127
vt 0.04695804 0.110757
vt 0.03745631 0.1157015
vt -0.07357635 -0.1281726
vt -0.06562696 -0.1344093
vt -0.06142697 -0.1370434
vt -0.05089772 -0.1356426
vt -0.04968278 -0.1318358
vt -0.06744467 -0.1527031
vt -0.06173789 -0.1445259
vt -0.08854083 -0.1252665
vt -0.09015758 -0.1299282
vt -0.07880113 -0.1413157
vt -0.06014208 -0.1162817
vt -0.06552833 -0.1075905
vt -0.06381106 -0.1146096
vt 0.0465594 0.1043664
vt 0.06428237 0.09206797
vt 0.07016966 0.1114697
vt 0.05514676 0.119641
vt -0.1195797 -0.1449983
vt -0.1244399 -0.156221
vt -0.1134929 -0.1532549
vt -0.1161677 -0.1485932
vt -0.01100434 -0.1805034
vt -0.008180571 -0.1746862
vt -0.01639958 -0.1748264
vt -0.05795614 0.05597921
vt -0.04063112 0.05614622
vt -0.03181181 0.06260612
vt -0.04048156 0.06291392
vt 0.006191342 0.08354454
vt 0.02255885 0.07849071
vt 0.03805108 0.1066229
vt 0.03460807 0.1078909
vt 0.03442711 0.1077359
vt -0.03346757 0.05719281
vt -0.02923664 0.05616396
vt -0.02570718 0.08224965
vt -0.02553988 0.0834861
vt -0.2141898 0.06230285
vt -0.1952675 0.05532523
vt -0.1949819 0.06137975
vt 0.07458536 0.0565762
vt 0.07414385 0.05540921
vt 0.08154166 0.04775729
vt 0.0816419 0.04785907
vt 0.08945557 0.05579246
vt -0.1785516 0.1332657
vt -0.1799841 0.1205013
vt -0.1691512 0.1161806
vt -0.1630184 0.1204024
vt -0.04527385 0.00843768
vt -0.04111627 -0.006387237
vt -0.04101828 0.00751605
vt -0.07708548 -0.1438589
vt -0.08477402 -0.1372966
vt -0.08593768 -0.1397312
vt 0.06563668 -0.01590915
vt 0.03547973 -0.04038638
vt 0.05308582 -0.0358111
vt 0.07502884 -0.01864824
vt 0.07519703 -0.01851668
vt 0.07210742 -0.01479482
vt -0.02633686 0.1843801
vt -0.01990538 0.1737461
vt -0.01436314 0.170844
vt -0.01525239 0.1785758
vt -0.207615 0.04342457
vt -0.2013724 0.03775462
vt -0.1958249 0.04502198
vt -0.2010457 0.0511662
vt 0.1046162 -0.01721621
vt 0.1014286 -0.03074952
vt 0.1239104 -0.002933979
vt 0.1226538 -0.001446043
vt 0.1225462 -0.00154007
vt 0.1547271 -0.115803
vt 0.1861487 -0.09635225
vt 0.1814865 -0.09340365
vt 0.1811629 -0.09366592
vt 0.1622415 -0.1090018
vt -0.03707162 0.09319691
vt -0.02779304 0.1160745
vt -0.02974536 0.1165564
vt -0.04574757 0.09336991
vt 0.03566699 0.07153603
vt 0.05530493 0.08119769
vt 0.05651034 0.09760922
vt 0.05651801 0.0977136
vt 0.05253059 0.09911104
vt 0.05242264 0.09893454
vt -0.1847873 0.08197974
vt -0.180334 0.07525768
vt -0.18019 0.07504031
vt -0.1769896 0.07865141
vt 0.1380328 0.1269734
vt 0.1418547 0.1292916
vt 0.1385191 0.1397838
vt 0.1312668 0.1243142
vt 0.1354885 0.1253701
vt -0.181521 -0.06021403
vt -0.2060935 -0.07006421
vt -0.1989665 -0.07397187
vt 0.02088134 -0.02099713
vt 0.04104581 -0.02783768
vt 0.04662049 -0.01672509
vt 0.03572721 -0.01634386
vt 0.03028058 -0.01615326
vt 0.02483394 -0.01596265
vt 0.05537047 0.09157103
vt 0.07332739 0.08433575
vt 0.07856317 0.09849079
vt 0.05970187 0.1086477
vt 0.1430776 -0.1579883
vt 0.1517677 -0.1607355
vt 0.1274251 -0.1440722
vt -0.04312983 -0.008014101
vt -0.03282033 -0.01043814
vt -0.02885646 -0.005124303
vt -0.03906738 -0.003635428
vt -0.1795065 -0.06682883
vt -0.2087286 -0.06594257
vt -0.2034714 -0.07807688
vt -0.1407231 0.07275389
vt -0.1374849 0.08469211
vt -0.1479357 0.07800834
vt -0.2040852 -0.07178758
vt -0.2041389 -0.06046123
vt -0.2130784 -0.05655695
vt -0.2152074 -0.05965961
vt -0.0533931 -0.06230975
vt -0.06434062 -0.05489141
vt -0.06517693 -0.06618697
vt -0.1797245 -0.06173327
vt -0.1817929 -0.04914551
vt -0.2089414 -0.06068611
vt -0.1066249 0.09041905
vt -0.11338 0.09493934
vt -0.117998 0.08346409
vt -0.008601288 0.03351875
vt 0.001573776 0.03017111
vt 0.006236655 0.03423425
vt 0.01089956 0.03829737
vt 0.02601065 -0.1742075
vt 0.03288934 -0.1793702
vt 0.0460626 -0.1756234
vt 0.04154544 -0.166606
vt 0.132941 -0.1518833
vt 0.1431602 -0.1567442
vt 0.1547562 -0.159303
vt 0.1601206 -0.1433383
vt 0.1451792 -0.1405904
vt -0.1099106 0.0546581
vt -0.1095674 0.04200894
vt -0.09284388 0.04881985
vt -0.09316978 0.05829914
vt -0.07357337 0.02989436
vt -0.0567862 0.03968462
vt -0.05730622 0.04888076
vt -0.07473294 0.04023421
vt 0.1908083 -0.0902589
vt 0.1919694 -0.07050841
vt 0.1783022 -0.07109886
vt 0.1766887 -0.08929617
vt 0.1595632 -0.1457171
vt 0.1698627 -0.1298007
vt 0.1562221 -0.1259922
vt 0.1446311 -0.1427107
vt -0.08965795 0.03932308
vt -0.07284514 0.0491245
vt -0.07397765 0.0595195
vt -0.08988293 0.04880543
vt 0.1978216 -0.03839359
vt 0.1954102 -0.02241293
vt 0.1857928 -0.02434016
vt 0.1843314 -0.04080914
vt -0.006156477 -0.07338157
vt 0.01651853 -0.07926609
vt 0.0108615 -0.06323342
vt -0.00554257 -0.06514534
vt 0.03811297 -0.1383407
vt 0.03930792 -0.1423267
vt 0.05217971 -0.1340555
vt 0.04942831 -0.1290347
vt 0.0489162 -0.1294558
vt 0.03841174 -0.138095
vt 0.1603235 -0.1080053
vt 0.1698046 -0.1101944
vt 0.1746255 -0.09319185
vt 0.16451 -0.09090105
vt -0.06103953 0.005375077
vt -0.05898186 -0.005136663
vt -0.04392792 0.003520481
vt -0.04539146 0.01366034
vt 0.1698849 -0.08728503
vt 0.1771143 -0.06845991
vt 0.1700276 -0.06760895
vt 0.1611215 -0.08304338
vt -0.03833931 0.001766167
vt -0.02357615 0.01257355
vt -0.02687344 0.02291504
vt -0.04198228 0.009527016
vt -0.05323477 -0.014802
vt -0.03847319 -0.003988629
vt -0.0421173 0.003776717
vt -0.0548108 -0.004646801
vt 0.1583349 -0.1163497
vt 0.1639695 -0.1022005
vt 0.1554532 -0.09739693
vt 0.1485614 -0.1126418
vt 0.03367259 -0.1020469
vt 0.04128292 -0.1085353
vt 0.05456447 -0.09948464
vt 0.04466504 -0.08823161
vt 0.03135177 -0.09422059
vt 0.04532683 -0.1786913
vt 0.05798585 -0.1689986
vt 0.0540246 -0.1659535
vt 0.04102058 -0.1730544
vt -0.05105913 0.01901592
vt -0.05294536 0.0295839
vt -0.06870805 0.02599269
vt -0.06794797 0.01676247
vt -0.08162268 0.04124951
vt -0.08269514 0.05040183
vt -0.1003987 0.04157047
vt -0.09837771 0.03136026
vt -0.07394177 0.05953027
vt -0.07507299 0.06992543
vt -0.09007225 0.05830057
vt -0.08984837 0.04881817
vt -0.1081317 0.04262329
vt -0.1078563 0.02997246
vt -0.09109645 0.03986399
vt -0.09137204 0.04934485
vt 0.0879528 -0.02078115
vt 0.09465622 -0.01010065
vt 0.08232041 -0.01190875
vt 0.07710172 -0.01962408
vt -0.07006891 0.05829392
vt -0.06484688 0.06893843
vt -0.07718704 0.06393878
vt -0.08048085 0.0587464
vt -0.04157194 -0.1855806
vt -0.04628232 -0.1793236
vt -0.04628727 -0.1867817
vt -0.03506766 -0.1919649
vt -0.03974909 -0.193292
vt -0.03683543 -0.1999286
vt 0.06193988 -0.02336966
vt 0.05144925 -0.03089857
vt 0.05691735 -0.03128473
vt 0.1903064 -0.007208305
vt 0.2008476 -0.009933831
vt 0.205432 -0.004601598
vt 0.1450078 -0.05610741
vt 0.138125 -0.05754802
vt 0.1346965 -0.06641344
vt 0.05417184 -0.01898649
vt 0.04616911 -0.02775992
vt 0.05163711 -0.02814756
vt -0.03046071 0.07546421
vt -0.03395098 0.07943882
vt -0.03896893 0.06575093
vt -0.08397883 0.1943701
vt -0.09314735 0.1823447
vt -0.08095242 0.1839355
vt -0.2262349 0.01086741
vt -0.2200451 -0.0002057432
vt -0.2075564 -0.001993239
vt -0.2027757 0.003152939
vt -0.0155937 0.08879374
vt 0.00740335 0.1163039
vt 0.007681129 0.1166362
vt -0.002341765 0.1226051
vt -0.2353868 0.01320976
vt -0.2286809 -0.001458681
vt -0.2258035 0.01171448
vt -0.2251069 0.002192176
vt -0.2170074 -0.007770608
vt -0.2134673 -0.0003800926
vt 0.1493121 0.03774611
vt 0.1398045 0.04381102
vt 0.1364639 0.03927878
vt 0.1417056 0.03227936
vt -0.01645133 -0.02452083
vt -0.001464351 -0.0372312
vt -0.000794884 -0.03097617
vt -0.000125407 -0.02472113
vt 0.04111336 0.1324187
vt 0.04016674 0.1452229
vt 0.03461739 0.1376775
vt 0.03456172 0.1376019
vt 0.04027536 0.1316481
vt 0.09213571 -0.004625378
vt 0.1067449 0.0186288
vt 0.1058011 0.01797917
vt 0.08041425 0.0005053639
vt -0.1711533 -0.08995804
vt -0.1856436 -0.1068001
vt -0.1748317 -0.1055166
vt -0.01965775 -0.1824687
vt -0.02822497 -0.1769224
vt -0.0188667 -0.1898846
vt -0.05829794 -0.1421904
vt -0.0704734 -0.1316656
vt -0.07187611 -0.1353595
vt -0.06767993 -0.144971
vt -0.05721622 -0.1522093
vt -0.04153324 -0.1639426
vt -0.05385721 -0.1537004
vt -0.05263668 -0.1635989
vt -0.04470386 -0.1698426
vt 0.05068746 -0.1830647
vt 0.04922863 -0.1893328
vt 0.06520309 -0.1846145
vt 0.06351472 -0.1783012
vt 0.05539712 -0.1911593
vt 0.06990664 -0.1800322
vt 0.06634469 -0.1754375
vt 0.05107014 -0.1833384
vt 0.03137397 -0.1682582
vt 0.04736456 -0.1621888
vt 0.04509841 -0.1561636
vt 0.02890415 -0.1619358
vt 0.1027404 -0.1699095
vt 0.1180785 -0.156523
vt 0.1116068 -0.1503352
vt 0.09992154 -0.1639893
vt 0.06899762 -0.1720531
vt 0.08245027 -0.1601663
vt 0.07840524 -0.1544668
vt 0.06369461 -0.1635191
vt 0.07630443 -0.1598618
vt 0.09041025 -0.1514485
vt 0.08745961 -0.1463304
vt 0.07258138 -0.1558103
vt 0.06126478 -0.1356172
vt 0.07646028 -0.126459
vt 0.07470001 -0.1226932
vt 0.05877497 -0.1294154
vt 0.04777047 -0.1444859
vt 0.05013722 -0.1501908
vt 0.06256922 -0.137673
vt 0.06037674 -0.1358347
vt 0.1573215 -0.08935254
vt 0.1666489 -0.07424881
vt 0.1599921 -0.07515945
vt 0.1539368 -0.08938168
vt 0.05836094 -0.1129119
vt 0.07038327 -0.1030241
vt 0.06661905 -0.09944578
vt 0.05514485 -0.1085735
vt 0.1493159 -0.1073858
vt 0.155333 -0.09403482
vt 0.1508892 -0.09365468
vt 0.1428774 -0.1067492
vt 0.07047275 -0.1030813
vt 0.08249242 -0.09319033
vt 0.07817936 -0.09037308
vt 0.06670757 -0.09950395
vt 0.08042845 -0.1415564
vt 0.09254719 -0.1300263
vt 0.08896013 -0.1287128
vt 0.07806221 -0.1398173
vt 0.04625213 -0.1227414
vt 0.05827689 -0.1128566
vt 0.05506187 -0.1085174
vt 0.04358541 -0.1176424
vt -0.1874723 -0.03087105
vt -0.2027397 -0.02939656
vt -0.2001479 -0.03397371
vt -0.1926351 -0.03592754
vt 0.1269143 -0.166089
vt 0.1171576 -0.1597776
vt 0.1207414 -0.1671058
vt -0.006650954 -0.1928964
vt -0.01254613 -0.18663
vt -0.01486891 -0.1930885
vt -0.1137602 -0.07926515
vt -0.1139158 -0.06103938
vt -0.1272213 -0.06914031
vt -0.1034173 -0.08664519
vt -0.09665196 -0.09395482
vt -0.08833607 -0.09545378
vt -0.08521909 -0.08963394
vt -0.06589536 -0.1178028
vt -0.06277911 -0.1125627
vt -0.07115258 -0.109033
vt -0.09300816 -0.05505571
vt -0.1279482 -0.05592466
vt -0.1179336 -0.07217485
vt -0.07696064 -0.07676776
vt -0.1008884 -0.09525575
vt -0.09282241 -0.09885077
vt -0.08475646 -0.1024458
vt -0.0865 -0.1210468
vt -0.08402148 -0.1158868
vt -0.08936463 -0.1054165
vt -0.1024094 -0.1124022
vt -0.03938789 -0.1200376
vt -0.04220019 -0.1254461
vt -0.03995997 -0.1282368
vt -0.03762009 -0.1226078
vt -0.04035372 -0.1253248
vt -0.04572804 -0.1120365
vt -0.06697866 -0.1029578
vt -0.06828733 -0.1077095
vt 0.05669589 -0.1439417
vt 0.07051965 -0.1444131
vt 0.06789193 -0.133255
vt -0.01474914 0.1322583
vt -0.03042789 0.1248933
vt -0.02537584 0.1142937
vt -0.00954638 0.1226866
vt -0.04804082 0.106985
vt -0.06591054 0.09805869
vt -0.0591696 0.08766814
vt -0.04439829 0.09690793
vt 0.08640385 0.09096232
vt 0.07402726 0.1000858
vt 0.0616507 0.1092092
vt 0.05326378 0.09666015
vt 0.08018108 0.08221373
vt 0.09486809 -0.09824252
vt 0.09444116 -0.08763535
vt 0.0876876 -0.08902447
vt -0.003352751 -0.09790125
vt 0.003129305 -0.1106913
vt 0.01570355 -0.1016746
vt 0.0114527 -0.09185551
vt -0.05657306 -0.1272333
vt -0.05620128 -0.1215414
vt -0.07504825 -0.1131388
vt -0.07748612 -0.1173964
vt -0.06343759 -0.111262
vt -0.06656305 -0.1164965
vt -0.04259241 -0.1196515
vt -0.04155421 -0.11467
vt -0.06203236 -0.1161129
vt -0.05892657 -0.1108682
vt -0.07567005 -0.1038448
vt -0.07041278 -0.112602
vt -0.05786436 -0.1112659
vt -0.06342154 -0.102695
vt -0.07324759 -0.1040545
vt -0.0954908 -0.07104846
vt -0.0890348 -0.0761425
vt -0.0871716 -0.07254103
vt 0.007523331 -0.1558516
vt 0.005040154 -0.1448148
vt 0.004913162 -0.1449156
vt 0.00063598 -0.1558188
vt 0.0072938 -0.1558505
vt 0.0255947 -0.1092063
vt 0.02647719 -0.1116506
vt 0.02651182 -0.1117465
vt 0.04296546 -0.1058698
vt 0.04053032 -0.1008089
vt 0.04032225 -0.1009259
vt 0.0568013 -0.1180469
vt 0.06323829 -0.1301415
vt 0.06340902 -0.1305088
vt 0.06368555 -0.1302393
vt 0.07139842 -0.1112548
vt 0.07105686 -0.1096389
vt 0.02325469 -0.1555395
vt 0.03901839 -0.141152
vt 0.02250014 -0.144101
vt 0.05359286 -0.1685264
vt 0.05286593 -0.1785491
vt 0.06740891 -0.169186
vt 0.03391055 -0.1593453
vt 0.04966373 -0.1522039
vt 0.04911359 -0.1443666
vt 0.002603222 -0.1285298
vt 0.01921788 -0.1265574
vt 0.01434893 -0.1160116
vt -0.001375341 -0.1186714
vt 0.01555515 -0.126177
vt 0.01671626 -0.1317775
vt 0.01787739 -0.1373779
vt 0.0322865 -0.13043
vt -0.01297628 -0.1351621
vt 0.002877144 -0.1330155
vt -4.616385E-05 -0.1234459
vt 0.1566609 -0.04395356
vt 0.1511801 -0.05824953
vt 0.1537208 -0.0631334
vt 0.1543665 -0.06294279
vt 0.1616567 -0.06079078
vt 0.1567068 -0.04410854
vt 0.08261792 -0.1252701
vt 0.06978587 -0.133741
vt 0.07045244 -0.1335898
vt 0.08215816 -0.1309356
vt 0.1172714 -0.061128
vt 0.1235368 -0.06892328
vt 0.1234923 -0.06142456
vt 0.1178482 -0.06094375
vt 0.1172714 -0.1174464
vt 0.1178333 -0.1250289
vt 0.117848 -0.1252277
vt 0.1214153 -0.1203534
vt 0.1179081 -0.1175317
vt 0.0184918 -0.1053028
vt 0.03022481 -0.09315412
vt 0.02590922 -0.09383173
vt 0.01988067 -0.09477828
vt -0.004786116 0.01203545
vt 0.009723988 0.01605112
vt 0.009452734 0.01889711
vt 0.00942303 0.01896226
vt 1.231746E-06 0.01683763
vt -0.006069205 0.01546875
vt 0.05120681 -0.1299053
vt 0.06729452 -0.1235533
vt 0.06712008 -0.123186
vt 0.04627203 -0.1160025
vt 0.04966431 -0.1522038
vt 0.06541746 -0.1450622
vt 0.04911416 -0.1443665
vt 0.06699036 -0.1236721
vt 0.06140685 -0.1100169
vt 0.05068351 -0.1230654
vt -0.05425201 -0.1346281
vt -0.05589806 -0.140168
vt -0.04573994 -0.1418438
vt -0.04321563 -0.1336162
vt -0.07988431 -0.1430478
vt -0.07897572 -0.137668
vt -0.09559406 -0.1267173
vt -0.09783581 -0.1330086
vt -0.07940146 -0.1016276
vt -0.07195535 -0.08385167
vt -0.08489991 -0.09114931
vt -0.1395642 -0.09146596
vt -0.1346072 -0.1003758
vt -0.1306394 -0.09500839
vt -0.1338227 -0.08457566
vt -0.05634197 -0.1226487
vt -0.04686719 -0.1245721
vt -0.04484902 -0.1200815
vt -0.0535193 -0.1144446
vt -0.08646144 -0.1112437
vt -0.0808499 -0.1211095
vt -0.06836113 -0.1130567
vt -0.1130528 -0.1185142
vt -0.1236404 -0.1205725
vt -0.1058022 -0.1252191
vt -0.1051738 -0.122458
vt -0.06076481 -0.07961255
vt -0.08430703 -0.09792147
vt -0.06619324 -0.09959449
vt -0.05374133 -0.08723157
vt -0.06972747 -0.0802419
vt -0.07681836 -0.1061234
vt -0.1370869 0.03125079
vt -0.142984 0.0187297
vt -0.1342511 0.01262256
vt -0.1262698 0.02624821
vt -0.1277802 -0.05590611
vt -0.1283776 -0.07412275
vt -0.117757 -0.07215105
vt -0.09337644 -0.04186624
vt -0.1135833 -0.02235687
vt -0.1283174 -0.04269965
vt -0.1108183 -0.05852641
vt -0.09699556 -0.03755371
vt -0.1243652 -0.04851671
vt -0.1014045 -0.09597535
vt -0.07499089 -0.08287551
vt -0.1093507 -0.09292488
vt 0.07015775 -0.1352353
vt 0.04835405 -0.1391207
vt 0.06819545 -0.1382293
vt -0.05343699 -0.1349845
vt -0.06286478 -0.1328408
vt -0.06122497 -0.1347968
vt -0.06286971 -0.1280907
vt -0.07293971 -0.1256824
vt -0.07145675 -0.1284268
vt -0.06122994 -0.1300446
vt -0.06583901 -0.1151626
vt -0.06864112 -0.1205752
vt -0.04880127 -0.1214822
vt -0.0477949 -0.1166345
vt -0.05558239 -0.116582
vt -0.1033051 0.008250529
vt -0.09727074 0.01648335
vt -0.1129369 0.02679205
vt -0.1209184 0.01823694
vt -0.09407385 0.06114415
vt -0.08776116 0.07187159
vt -0.1010505 0.08114401
vt -0.1087513 0.06908411
vt -0.1076544 0.05278305
vt -0.09875414 0.0637674
vt -0.1106945 0.07286075
vt -0.1215142 0.06107549
vt -0.1393322 0.01697384
vt -0.126906 0.00851394
vt -0.1070296 0.03087693
vt -0.1247641 0.04056456
vt -0.0829325 0.06178845
vt -0.07653897 0.06951286
vt -0.0904866 0.07850558
vt -0.09814342 0.07259011
vt 0.05081335 -0.1359084
vt 0.06069248 -0.1405948
vt 0.06459408 -0.1238698
vt 0.009035445 -0.1101355
vt 0.0146514 -0.1267252
vt 0.02430827 -0.1018311
vt 0.05125968 -0.1146623
vt 0.06359901 -0.1187405
vt 0.06543025 -0.1030853
vt 0.05309068 -0.1312778
vt 0.04995499 -0.123559
vt 0.0454147 -0.1401221
vt 0.05898494 -0.1290702
vt 0.04669125 -0.1248564
vt 0.04976252 -0.132601
vt 0.1198175 -0.1001752
vt 0.1103767 -0.09515782
vt 0.1103236 -0.1109197
vt -0.1891955 -0.08002795
vt -0.1887529 -0.07849923
vt -0.1938641 -0.07717021
vt -0.1946176 -0.07933585
vt -0.1558064 0.09795325
vt -0.1505026 0.09290955
vt -0.1462453 0.09686814
vt -0.1508937 0.1045079
vt -0.1545883 0.1032726
vt -0.1496278 0.1097959
vt -0.1542203 0.1174733
vt -0.1567006 0.1142117
vt -0.1563628 0.1124627
vt -0.1188068 0.1540282
vt -0.1183534 0.1535257
vt -0.1052205 0.1504425
vt -0.1052521 0.1506537
vt -0.1052701 0.1507739
vt -0.1097459 0.1623012
vt -0.1153809 0.1590842
vt -0.1968126 0.02742718
vt -0.1750664 0.03161466
vt -0.1953557 0.04171994
vt -0.1959611 0.04202151
vt -0.1982245 0.03420039
vt -0.197503 0.04139186
vt -0.176416 0.04614446
vt -0.195669 0.0580658
vt -0.08152376 0.1878121
vt -0.06700245 0.1656764
vt -0.0732103 0.1887926
vt -0.1757239 0.07469954
vt -0.1756587 0.0745986
vt -0.1648954 0.08272759
vt -0.1722384 0.08860768
vt -0.1804492 0.09265149
vt -0.177734 0.08465878
vt -0.1167427 0.1415741
vt -0.1119287 0.1300427
vt -0.1104806 0.1401194
vt -0.1774521 0.07123336
vt -0.1699063 0.06571097
vt -0.1697392 0.06558868
vt -0.1679344 0.07463904
vt -0.1844565 0.0807155
vt -0.1502525 0.1030769
vt -0.1425688 0.09774105
vt -0.1480898 0.1082297
vt -0.1771329 0.0734136
vt -0.1608049 0.06673668
vt -0.1556071 0.08471186
vt -0.1697611 0.09413679
vt -0.180524 0.08848766
vt 0.1263317 0.06404527
vt 0.1463626 0.07338233
vt 0.1331394 0.08324943
vt 0.1024905 0.02266216
vt 0.09125769 0.03960871
vt 0.08867687 0.03168412
vt 0.1511936 0.03688376
vt 0.148399 0.04939808
vt 0.1449847 0.06076436
vt 0.1381001 0.05772578
vt 0.0836661 0.03347963
vt 0.08622911 0.04141001
vt 0.08019743 0.04583724
vt 0.1320919 0.0493947
vt 0.1530755 0.06502334
vt 0.1436449 0.06511758
vt 0.1379468 0.06517453
vt 0.122818 0.06532572
vt 0.1263434 0.05403935
vt 0.05651243 -0.007710088
vt 0.05421308 0.004312383
vt 0.04524543 0.009213748
vt 0.1641908 0.02444156
vt 0.1845307 0.03307252
vt 0.1755321 0.04023735
vt 0.1754886 0.04865781
vt 0.1754452 0.05707829
vt 0.1618335 0.03641979
vt 0.1115467 0.0941043
vt 0.1229857 0.1162191
vt 0.1028498 0.09947151
vt -0.2166009 0.005947143
vt -0.2239527 0.01954063
vt -0.2276388 0.0164028
vt -0.1290317 0.1046664
vt -0.1227077 0.1035104
vt -0.1236231 0.1121221
vt -0.1898873 0.05564322
vt -0.166209 0.05583825
vt -0.1915117 0.0636249
vt -0.1991391 0.0306387
vt -0.1780199 0.02405451
vt -0.1753033 0.04304405
vt -0.1987899 0.04034425
vt -0.2099797 -0.01356765
vt -0.1836901 -0.01124592
vt -0.2056212 -0.008054102
vt -0.2050281 -0.04379679
vt -0.1936367 -0.04035302
vt -0.1822453 -0.03690925
vt -0.208599 -0.03832931
vt -0.1933887 -0.08105592
vt -0.1833778 -0.07835244
vt -0.1865507 -0.07022886
vt -0.196796 -0.07617472
vt -0.2042018 -0.03963854
vt -0.1931872 -0.03500899
vt -0.1925605 -0.0313394
vt -0.2029484 -0.03229938
vt -0.2002459 0.001911974
vt -0.211899 0.002388842
vt -0.2160539 -0.002014139
vt -0.2085559 -0.006894007
vt -0.2006519 -0.00493096
vt -0.2085559 -0.006894099
vt -0.2010579 -0.01177397
vt -0.2008549 -0.00835251
vt -0.2006519 -0.004931047
vt -0.1829396 -0.009057524
vt -0.1818775 -0.004296046
vt -0.1937856 -0.005180198
vt -0.1942222 -0.01093066
vt -0.1877436 -0.07125549
vt -0.178278 -0.0638458
vt -0.1817199 -0.05499055
vt -0.1920261 -0.05973123
vt -0.195038 -0.0678637
vt -0.1901508 -0.07414811
vt -0.1871439 -0.07421555
vt -0.1944616 -0.07054857
vt -0.1952444 -0.07272318
vt -0.1641453 0.07378646
vt -0.1612929 0.07149617
vt -0.1575908 0.07450198
vt -0.1602435 0.07809999
vt -0.106911 -0.1709956
vt -0.1091706 -0.172874
vt -0.1087568 -0.1743001
vt -0.0963039 -0.1670235
vt -0.1676821 -0.1162985
vt -0.1677962 -0.1199438
vt -0.1650061 -0.1202572
vt -0.1535379 -0.1137891
vt -0.1062638 -0.1510536
vt -0.1115255 -0.159057
vt -0.09565383 -0.1575113
vt -0.1529809 -0.1061775
vt -0.164428 -0.1128411
vt -0.1600617 -0.1126275
vt -0.08146714 -0.1580813
vt -0.07022184 -0.1632943
vt -0.074322 -0.1536033
vt -0.08492088 -0.1540339
vt -0.1139158 -0.06103928
vt -0.1273769 -0.05091442
vt -0.1406824 -0.05901536
vt -0.1272213 -0.0691402
vt -0.1487138 -0.08126386
vt -0.1383853 -0.0938199
vt -0.1373258 -0.08897744
vt -0.1499089 -0.07778019
vt -0.114073 -0.07794552
vt -0.100618 -0.08584053
vt -0.1069513 -0.0805947
vt -0.1292998 -0.09929711
vt -0.1223155 -0.1022898
vt -0.1284211 -0.09441851
vt -0.08100422 -0.1185113
vt -0.09056092 -0.1161019
vt -0.07382016 -0.1255634
vt -0.07512131 -0.138403
vt -0.07871231 -0.1365719
vt -0.07973932 -0.1375025
vt -0.07619367 -0.1408773
vt -0.07477725 -0.1289995
vt -0.0897588 -0.1209869
vt -0.08279711 -0.1282587
vt -0.07613683 -0.1298974
vt -0.09438264 -0.1053433
vt -0.09579832 -0.1061499
vt -0.09322976 -0.1124768
vt -0.07869484 -0.1134755
vt -0.08151484 -0.1072572
vt -0.08162333 -0.1098041
vt -0.07972179 -0.1144067
vt -0.06640476 -0.1056998
vt -0.07311086 -0.10426
vt -0.06641767 -0.1082505
vt -0.2028379 0.03727055
vt -0.1807962 0.02793996
vt -0.1821338 0.04348281
vt -0.1788423 0.03937411
vt -0.1767149 0.05549266
vt -0.1983951 0.05079701
vt -0.1318322 -0.1042926
vt -0.119625 -0.117343
vt -0.1235007 -0.1066938
vt -0.1307468 -0.1016858
vt -0.08510418 -0.08960281
vt -0.07737017 -0.09547504
vt -0.06753208 -0.09421396
vt -0.0820352 -0.08375628
vt -0.07881443 -0.08212667
vt -0.06918664 -0.0842341
vt -0.07701851 -0.07849118
vt -0.07201333 -0.2001673
vt -0.06668533 -0.1799121
vt -0.08210196 -0.1839895
vt -0.01039084 0.1764761
vt -0.01085316 0.1800937
vt -0.01177779 0.1873289
vt -0.01743876 0.1912718
vt -0.0190105 0.1923665
vt -0.02319096 0.1894521
vt -0.02013873 0.1815002
vt -0.1708053 0.06087638
vt -0.1533593 0.06856634
vt -0.169073 0.07527358
vt -0.1967179 -0.07067791
vt -0.1922092 -0.07056528
vt -0.1909993 -0.06683473
vt -0.1963956 -0.0659176
vt -0.201148 -0.04428206
vt -0.2064544 -0.04096041
vt -0.2061823 -0.04435492
vt -0.2021796 -0.04631357
vt -0.198553 -0.05872975
vt -0.2056199 -0.05461087
vt -0.2050232 -0.05797289
vt -0.1994516 -0.06083832
vt -0.1952154 -0.01996091
vt -0.2064237 -0.02227355
vt -0.1999215 -0.02724516
vt -0.1931026 -0.009262914
vt -0.2050286 -0.009903055
vt -0.204939 -0.01674902
vt -0.1936324 -0.01501035
vt -0.1931881 -0.03500387
vt -0.1821734 -0.03037462
vt -0.1925613 -0.03133431
vt -0.185471 -0.07479044
vt -0.1753676 -0.0726795
vt -0.1751408 -0.06796149
vt -0.1780024 -0.06076127
vt -0.1884087 -0.06653472
vt -0.1974587 0.07651661
vt -0.1901947 0.07209481
vt -0.1882203 0.07655992
vt -0.1799138 0.1148231
vt -0.1941 0.1095322
vt -0.1898977 0.1060475
vt -0.1715092 0.1078539
vt -0.209952 0.06475693
vt -0.2060314 0.05821194
vt -0.2055198 0.06420444
vt -0.1013895 0.2005892
vt -0.1077372 0.1878607
vt -0.09978364 0.1775566
vt -0.09583978 0.1824762
vt 0.09189144 0.03461163
vt 0.122284 0.06970317
vt 0.1142391 0.07114869
vt 0.1061943 0.07259421
vt 0.002630431 0.08455783
vt 0.03287137 0.103278
vt 0.02944587 0.1098915
vt -0.2162754 0.04049933
vt -0.192992 0.03972841
vt -0.1948697 0.04758305
vt -0.2063495 0.05147385
vt -0.09775849 0.1903108
vt -0.1095919 0.181738
vt -0.1061781 0.1777497
vt -0.1991628 0.05384473
vt -0.1888273 0.05593583
vt -0.1898472 0.06289581
vt -0.1986914 0.06413866
vt -0.2027348 0.05472315
vt -0.19368 0.04871882
vt -0.1912001 0.065309
vt -0.2014948 0.06301823
vt -0.08743162 0.1862077
vt -0.08076368 0.1760308
vt -0.07244657 0.176969
vt -0.07520001 0.1874781
vt -0.2121828 0.02413195
vt -0.2032921 0.02357098
vt -0.2012021 0.03151655
vt -0.2137051 0.03515683
vt -0.1872174 0.1341353
vt -0.1942584 0.1299922
vt -0.1929879 0.1223936
vt -0.1875778 0.1198982
vt -0.1752912 0.1496627
vt -0.1827677 0.1463594
vt -0.1748952 0.1419644
vt -0.2194496 0.03499191
vt -0.2150015 0.03470051
vt -0.2105534 0.03440911
vt -0.2119613 0.04545476
vt -0.2177725 0.04667062
vt -0.2044828 0.05470253
vt -0.1993163 0.05575575
vt -0.198856 0.06605165
vt -0.2032788 0.06667051
vt -0.2038808 0.06068652
vt -0.2268581 0.02632817
vt -0.2249342 0.01913299
vt -0.2220487 0.02040548
vt -0.205246 0.0572045
vt -0.202656 0.05769814
vt -0.2019773 0.06367404
vt -0.1879398 0.1265334
vt -0.2027292 0.1181277
vt -0.1942784 0.1133674
vt -0.2094412 0.03957088
vt -0.1989528 0.0500628
vt -0.2038864 0.05185728
vt -0.2090034 0.05407867
vt -0.2163136 0.04549162
vt -0.2048934 0.04207478
vt -0.2214158 -0.02692479
vt -0.2022505 -0.02650464
vt -0.2057992 -0.02123822
vt -0.2182095 -0.01953865
vt -0.1785505 0.1332671
vt -0.1908161 0.1248234
vt -0.1799832 0.1205026
vt -0.2118989 0.002388838
vt -0.223552 0.002865719
vt -0.2160539 -0.002014142
vt -0.1542201 0.1174734
vt -0.1588127 0.1251508
vt -0.1567004 0.1142118
vt -0.05999675 0.1917728
vt -0.06804585 0.1954237
vt -0.06360871 0.1881992
vt -0.06357504 0.1881444
vt -0.2081249 0.09329249
vt -0.1937659 0.08091169
vt -0.1898569 0.08641187
vt -0.1958036 0.09758289
vt -0.2019642 0.09543769
vt -0.217868 0.05221806
vt -0.2098603 0.04241841
vt -0.2084145 0.05151513
vt -0.2171451 0.05676641
vt -0.2213827 0.04228451
vt -0.2123858 0.03750374
vt -0.2123698 0.04309192
vt -0.2213746 0.0450786
vt -0.2243697 0.02853539
vt -0.2152925 0.02691109
vt -0.2252501 0.03840023
vt -0.2251659 0.03745677
vt -0.2014708 0.1093329
vt -0.2078741 0.0938832
vt -0.2017094 0.09601706
vt -0.2239527 0.01954056
vt -0.2276286 0.02633729
vt -0.2294717 0.02476837
vt -0.2276388 0.01640273
vt -0.1681679 0.09303227
vt -0.175012 0.0976462
vt -0.1752192 0.09778586
vt -0.1806163 0.09499148
vt -0.1789623 0.08744351
vt -0.1829308 0.06767325
vt -0.1684029 0.05882964
vt -0.1605051 0.07669009
vt -0.1789819 0.07660347
vt -0.1941008 0.1095308
vt -0.1994438 0.107538
vt -0.1933614 0.105706
vt -0.1898985 0.1060462
vt -0.175219 0.09778596
vt -0.1822703 0.1025395
vt -0.1806162 0.09499158
vt -0.2276286 0.0263373
vt -0.2313045 0.03313403
vt -0.2294717 0.02476837
vt -0.1901946 0.07209479
vt -0.1899812 0.07196488
vt -0.1827581 0.07658549
vt -0.1882202 0.0765599
vt -0.1994416 0.1075421
vt -0.2082848 0.104244
vt -0.1990906 0.105147
vt -0.1936546 0.1056809
vt -0.1933592 0.1057099
vt -0.1899814 0.07196508
vt -0.1829309 0.06767318
vt -0.1789819 0.0766034
vt -0.1824615 0.07658709
vt -0.1827583 0.0765857
vt -0.2129739 0.053882
vt -0.2096544 0.0527829
vt -0.2094663 0.06173777
vt -0.2124753 0.06749108
vt -0.2087298 0.06498282
vt -0.2083731 0.06774817
vt -0.2116849 0.06885564
vt -0.2239978 0.05108872
vt -0.2192837 0.04553784
vt -0.2186421 0.0500816
vt -0.222583 0.05224255
vt -0.2017093 0.09601717
vt -0.1955447 0.09815102
vt -0.1989597 0.104595
vt 0.03400188 0.03539601
vt 0.07075904 0.04811835
vt 0.06528954 0.05230872
vt -0.2238413 0.03297889
vt -0.2255067 0.02630085
vt -0.2230685 0.02725081
vt -0.2209402 0.03417214
vt -0.1801896 0.07504104
vt -0.1708055 0.06087607
vt -0.1690732 0.07527328
vt -0.17693 0.07862689
vt -0.1769892 0.07865214
vt -0.2049807 0.02887945
vt -0.2045072 0.02847758
vt -0.1970708 0.02216653
vt -0.1880684 0.02357714
vt -0.1995095 0.03613812
vt -0.1996851 0.03633088
vt -0.2130785 -0.05655705
vt -0.2136478 -0.05630843
vt -0.2213765 -0.05293294
vt -0.2152783 -0.05958258
vt -0.2152075 -0.05965971
vt 0.05651786 0.09771363
vt 0.05717875 0.1067119
vt 0.05253043 0.09911109
vt 0.03805139 0.1066229
vt 0.0381512 0.1068041
vt 0.04244903 0.1146085
vt 0.03460839 0.1078909
vt 0.1198715 0.001450239
vt 0.1200807 0.001563781
vt 0.129144 0.006483191
vt 0.1202312 0.0113196
vt 0.1143734 0.005544546
vt -0.02779245 0.116075
vt -0.02763378 0.1164663
vt -0.02453601 0.1241042
vt -0.02962211 0.1167347
vt -0.02974477 0.116557
vt 0.1420236 -0.06559666
vt 0.1493788 -0.06048982
vt 0.1405834 -0.06136048
vt 0.1386721 -0.06154968
vt -0.1091993 0.08772326
vt -0.1105943 0.08883099
vt -0.1193192 0.0957592
vt -0.1201166 0.0846829
vt 0.1239105 -0.002934067
vt 0.1240563 -0.002753599
vt 0.1310369 0.005883073
vt 0.1226539 -0.00144613
vt 0.07414389 0.05540927
vt 0.06482936 0.03078896
vt 0.08154169 0.04775735
vt 0.08920549 0.07273509
vt 0.06959467 0.0541561
vt 0.06866472 0.04852436
vt 0.093683 0.06632654
vt 0.1364639 0.03927859
vt 0.1362576 0.03899878
vt 0.119588 0.01638336
vt 0.1416293 0.03222433
vt 0.1417056 0.03227916
vt 0.01033157 0.1147599
vt 0.01044024 0.1150901
vt 0.01220033 0.1204383
vt 0.008566352 0.1161126
vt 0.008287763 0.115781
vt 0.007681115 0.1166362
vt 0.01130453 0.1209707
vt 0.002248512 0.1343169
vt -0.002341778 0.1226051
vt 0.1183505 0.05129044
vt 0.1260975 0.06120115
vt 0.1092081 0.06323407
vt 0.1091694 0.06311551
vt -0.0594648 0.1816338
vt -0.0491324 0.1614207
vt -0.04747233 0.175241
vt -0.1901906 0.06144731
vt -0.1900545 0.0612825
vt -0.181192 0.05054882
vt -0.1802681 0.07066141
vt -0.1804445 0.07077165
vt 0.05910084 -0.03205603
vt 0.05898231 -0.0316484
vt 0.05750234 -0.02655883
vt 0.0551494 -0.03316243
vt 0.0552562 -0.03313253
vt 0.03042751 0.02925672
vt 0.02890427 0.03288858
vt 0.02887981 0.03294689
vt 0.02378975 0.02550543
vt 0.0344688 -0.1035007
vt 0.03352985 -0.1010794
vt 0.0333029 -0.1010943
vt 0.0254083 -0.1042755
vt 0.02508421 -0.1057891
vt -0.007972174 -0.008916793
vt -0.007637454 -0.01175197
vt 0.0072569 -0.004536296
vt 0.008811622 -0.003780371
vt 0.008733066 -0.003804412
vt 0.06132119 -0.1092482
vt 0.06151993 -0.1091164
vt 0.08894591 -0.09092747
vt 0.08003085 -0.08597026
vt 0.05594698 -0.1006122
vt 0.04310801 -0.1060018
vt 0.04318536 -0.1059741
vt 0.07368892 -0.08760546
vt 0.06937744 -0.08478577
vt 0.04067071 -0.1009419
vt 0.0430452 -0.1181062
vt 0.04356463 -0.1176933
vt 0.05504163 -0.108569
vt 0.06651862 -0.09944476
vt 0.07799567 -0.09032048
vt 0.07368415 -0.08750078
vt 0.04318032 -0.105869
vt 0.04168519 -0.1067693
vt 0.04188275 -0.1084161
vt 0.06229355 -0.1327405
vt 0.05589534 -0.1206232
vt 0.04156054 -0.1252314
vt 0.03232567 -0.1264903
vt 0.04298174 -0.1180219
vt 0.04182105 -0.1083315
vt 0.028431 0.01626971
vt 0.02741436 0.01978052
vt 0.02364433 0.01852166
vt 0.02411316 0.01572433
vt 0.09444122 -0.08763514
vt 0.09434774 -0.08531274
vt 0.08768766 -0.08902426
vt 0.1145651 -0.1282045
vt 0.114196 -0.1206068
vt 0.1033617 -0.1257727
vt 0.108906 -0.1269762
vt 0.1327549 -0.06400957
vt 0.1383868 -0.05697117
vt 0.138337 -0.05686535
vt 0.1325594 -0.05650831
vt 0.1595704 -0.05678888
vt 0.1625642 -0.05276707
vt 0.1552985 -0.05535117
vt -0.002108655 -0.08862711
vt -0.007948308 -0.0901876
vt -0.007919527 -0.09023229
vt -0.001186656 -0.09224673
vt 0.037086 -0.0444771
vt 0.03697992 -0.04450632
vt 0.03176814 -0.04594212
vt 0.03152016 -0.04814478
vt 0.03751124 -0.04721884
vt 0.1106737 -0.04297454
vt 0.1106474 -0.04287728
vt 0.1069009 -0.04620919
vt 0.1084315 -0.04961651
vt 0.02992127 0.0332108
vt 0.03143588 0.02957532
vt 0.03664642 0.0311704
vt 0.007909555 -0.04526747
vt 0.001251684 -0.04524914
vt -0.0001156258 -0.04810354
vt 0.004913745 -0.1449157
vt -0.008755727 -0.1557743
vt 0.0006365955 -0.1558189
vt 0.001251973 -0.04524918
vt -0.008140421 -0.04522333
vt -0.008113101 -0.04532285
vt -0.006710058 -0.05043416
vt -0.0001153367 -0.04810359
vt 0.01829369 -0.08646038
vt 0.01176128 -0.08895785
vt 0.01187715 -0.08935107
vt 0.01794393 -0.08796583
vt 0.1084113 0.06472943
vt 0.1144423 0.05612238
vt 0.1557561 0.0850711
vt 0.1497251 0.09367814
vt -0.1084113 0.06472941
vt -0.1497251 0.09367813
vt -0.1557561 0.08507109
vt -0.1144423 0.05612238
vt -0.003757784 -0.00917229
vt -0.0178805 0.004521427
vt -0.0251965 -0.003023773
vt -0.01107379 -0.01671749
vt 0.003757638 -0.009172278
vt 0.01107364 -0.01671748
vt 0.02519636 -0.00302377
vt 0.01788036 0.004521434
vt 0.1042272 0.07077111
vt 0.1451148 0.1003187
vt 0.1335928 0.1162628
vt 0.09270515 0.08671512
vt -0.1042272 0.07077111
vt -0.09270515 0.08671513
vt -0.1335928 0.1162628
vt -0.1451148 0.1003187
vt 0.04693086 0.01657336
vt 0.04916273 0.01583432
vt 0.04923702 0.01703052
vt 0.05114977 0.03094952
vt 0.05274703 0.02922438
vt 0.05338989 0.03023589
vt 0.06062139 0.04179448
vt 0.06120851 0.03951792
vt 0.06225442 0.04010314
vt 0.07258166 0.04687796
vt 0.07202385 0.04459405
vt 0.07322215 0.04461584
vt 0.08401361 0.0458211
vt 0.08244326 0.04407141
vt 0.0835098 0.04352468
vt 0.09242603 0.0395115
vt 0.09021368 0.03871595
vt 0.0908933 0.03772877
vt 0.09621255 0.0291912
vt 0.09389073 0.02956075
vt 0.09401026 0.02836823
vt 0.09438597 0.01624432
vt 0.09255892 0.01772394
vt 0.09206696 0.01663106
vt 0.08646818 0.003151079
vt 0.08568712 0.005368586
vt 0.08469551 0.004695439
vt 0.07356142 -0.005703681
vt 0.07411175 -0.003417958
vt 0.07291353 -0.003443672
vt 0.05962158 -0.006022919
vt 0.06132798 -0.004405639
vt 0.06030904 -0.003774632
vt 0.04976535 0.002625742
vt 0.05206716 0.003104365
vt 0.05153215 0.004176822
vt -0.005866167 0.0217725
vt -0.006118388 0.02060084
vt -0.003989389 0.01960348
vt -0.003515347 0.02180548
vt 0.01036399 0.05966789
vt 0.009652015 0.05870377
vt 0.01118211 0.05691878
vt 0.01252016 0.05873071
vt 0.03865415 0.08447975
vt 0.03759714 0.08391484
vt 0.03821234 0.08164571
vt 0.04019887 0.0827074
vt 0.07241047 0.09133577
vt 0.07121216 0.09131448
vt 0.07072596 0.08901426
vt 0.07297805 0.08905427
vt 0.1014888 0.08306979
vt 0.1004131 0.08359827
vt 0.09892979 0.08177421
vt 0.1009514 0.08078098
vt 0.1196628 0.06832352
vt 0.1189206 0.06926452
vt 0.1167953 0.06825928
vt 0.1181902 0.06649078
vt 0.1277892 0.05118402
vt 0.1275001 0.05234713
vt 0.1251494 0.05230594
vt 0.1256927 0.05011999
vt 0.1278709 0.02739513
vt 0.1281159 0.02856832
vt 0.1259808 0.02955256
vt 0.1255204 0.02734768
vt 0.1154879 -0.01095949
vt 0.116324 -0.01010078
vt 0.11505 -0.008124857
vt 0.1134787 -0.009738711
vt 0.07453851 -0.0543658
vt 0.07573644 -0.05432876
vt 0.07619236 -0.05202235
vt 0.07394099 -0.05209195
vt 0.02037201 -0.05630923
vt 0.02124978 -0.05712528
vt 0.0231958 -0.05580603
vt 0.02154614 -0.05427236
vt -0.00548474 -0.02120227
vt -0.005197148 -0.02236576
vt -0.002846408 -0.02232752
vt -0.003386919 -0.02014089
vt -0.05416556 0.04008657
vt -0.05488863 0.03795334
vt -0.0528186 0.03683872
vt -0.05184442 0.03971282
vt -0.02846804 0.08960825
vt -0.0298177 0.08780494
vt -0.02819605 0.08610269
vt -0.02637765 0.08853228
vt 0.01523962 0.1220285
vt 0.01329154 0.1208978
vt 0.01411701 0.1186965
vt 0.01674165 0.1202199
vt 0.07211234 0.1240935
vt 0.06986034 0.1240491
vt 0.06951505 0.1217235
vt 0.07254917 0.1217834
vt 0.1165015 0.1011014
vt 0.1145158 0.1021646
vt 0.1130767 0.1003054
vt 0.1157521 0.09887303
vt 0.1358605 0.0805811
vt 0.1344642 0.08234853
vt 0.1324026 0.0812183
vt 0.1342839 0.07883705
vt 0.140955 0.07071154
vt 0.1401858 0.07282858
vt 0.1378733 0.07240451
vt 0.1389097 0.06955224
vt 0.1413026 0.06006883
vt 0.1411822 0.06231806
vt 0.1388463 0.06258472
vt 0.1390085 0.05955435
vt 0.1401819 0.02580223
vt 0.1409521 0.02791888
vt 0.1389074 0.02907921
vt 0.1378696 0.02622746
vt 0.07893089 -0.09289847
vt 0.08117791 -0.09274222
vt 0.08140726 -0.09040239
vt 0.07837987 -0.09061292
vt -0.05064575 -0.07807065
vt -0.04978342 -0.08015149
vt -0.04749201 -0.07962529
vt -0.04865382 -0.07682179
vt -0.06477133 -0.01680025
vt -0.06483904 -0.01905168
vt -0.06253356 -0.01951232
vt -0.06244234 -0.01647898
vt -0.09269679 0.06167441
vt -0.09387191 0.05887645
vt -0.09179337 0.05777776
vt -0.09045709 0.06095949
vt -0.06558113 0.110227
vt -0.06727021 0.1077058
vt -0.06544049 0.1062295
vt -0.06351973 0.1090965
vt -0.0142587 0.146809
vt -0.01671281 0.1450239
vt -0.01550357 0.1430077
vt -0.01271283 0.1450377
vt 0.07133552 0.1420184
vt 0.0683018 0.1419409
vt 0.06815355 0.1395945
vt 0.07160338 0.1396826
vt 0.1305788 0.09463852
vt 0.1280625 0.09633478
vt 0.1265809 0.09450928
vt 0.1294424 0.09258036
vt 0.1418056 0.07291602
vt 0.1400685 0.07540438
vt 0.1380292 0.07423453
vt 0.1400046 0.07140488
vt 0.1379227 0.07923968
vt 0.1367173 0.0820247
vt 0.1344855 0.08128546
vt 0.1358563 0.07811846
vt 0.1298811 0.09386209
vt 0.1289987 0.09676566
vt 0.1266976 0.09628383
vt 0.127701 0.092982
vt 0.1161762 0.1064803
vt 0.11537 0.109406
vt 0.1130571 0.1089845
vt 0.1139738 0.1056576
vt -0.04496234 0.1390705
vt -0.04793556 0.1396783
vt -0.04860849 0.1374256
vt -0.04522746 0.1367344
vt -0.1257796 -0.01898368
vt -0.1266015 -0.02190496
vt -0.1244036 -0.02273959
vt -0.1234689 -0.01941765
vt -0.1100709 0.0136339
vt -0.1109371 0.01072541
vt -0.108752 0.009857576
vt -0.1077671 0.01316498
vt -0.1202203 0.07757871
vt -0.1216416 0.07443407
vt -0.1194993 0.07346573
vt -0.1180779 0.07661037
vt -0.1003854 0.1140252
vt -0.1019683 0.1109587
vt -0.09987909 0.1098803
vt -0.09829628 0.1129469
vt -0.05710892 0.1496394
vt -0.05938088 0.1470419
vt -0.05761123 0.1454941
vt -0.05533928 0.1480916
vt 0.069021 0.1445897
vt 0.06557322 0.1444419
vt 0.06567387 0.1420931
vt 0.06912164 0.1422408
vt 0.1413119 0.05606775
vt 0.1389545 0.05858801
vt 0.1372375 0.05698197
vt 0.1395949 0.05446172
vt 0.1352188 0.0469573
vt 0.1336079 0.0500092
vt 0.1315287 0.04891176
vt 0.1331396 0.04585985
vt 0.1216416 0.07443406
vt 0.1202203 0.0775787
vt 0.1180779 0.07661036
vt 0.1194993 0.07346572
vt 0.1019682 0.1109587
vt 0.1003854 0.1140253
vt 0.09829623 0.1129469
vt 0.09987903 0.1098804
vt 0.05938082 0.1470419
vt 0.05710887 0.1496394
vt 0.05533922 0.1480916
vt 0.05761119 0.1454941
vt -0.06557324 0.1444419
vt -0.06902102 0.1445897
vt -0.06912167 0.1422408
vt -0.06567389 0.1420931
vt -0.1389545 0.05858804
vt -0.1413119 0.05606778
vt -0.1395949 0.05446174
vt -0.1372375 0.05698201
vt -0.1336079 0.05000922
vt -0.1352188 0.04695732
vt -0.1331396 0.04585987
vt -0.1315287 0.04891177
vt -0.1363701 0.08210122
vt -0.1377409 0.07893421
vt -0.1355091 0.07819498
vt -0.1343037 0.08098
vt -0.1286625 0.09688096
vt -0.1296659 0.09357914
vt -0.1273648 0.09309731
vt -0.1264824 0.09600088
vt -0.1150369 0.10953
vt -0.1159536 0.1062031
vt -0.1136407 0.1057817
vt -0.1128345 0.1087073
vt 0.04819729 0.1394376
vt 0.04481626 0.1387464
vt 0.04548919 0.1364937
vt 0.04846241 0.1371015
vt 0.1263804 -0.02218348
vt 0.1254457 -0.01886153
vt 0.1232478 -0.01969617
vt 0.1240698 -0.02261744
vt 0.1107202 0.01044366
vt 0.1097353 0.01375107
vt 0.1075503 0.01288323
vt 0.1084164 0.009974747
vt 0.0936868 0.05857297
vt 0.09235051 0.0617547
vt 0.09027197 0.060656
vt 0.09144709 0.05785805
vt 0.06714664 0.1073726
vt 0.06522588 0.1102396
vt 0.06339616 0.1087633
vt 0.06508525 0.106242
vt 0.01671164 0.1446684
vt 0.01392091 0.1466984
vt 0.01271166 0.1446822
vt 0.01516578 0.142897
vt -0.06810112 0.1416474
vt -0.07155095 0.1417356
vt -0.07140271 0.1393892
vt -0.06836899 0.1393117
vt -0.1277288 0.09621212
vt -0.1305903 0.09428319
vt -0.1291088 0.0924577
vt -0.1265924 0.09415396
vt -0.1397131 0.07541006
vt -0.1416885 0.07258041
vt -0.1396491 0.07141057
vt -0.137912 0.07389893
vt -0.139633 0.07304388
vt -0.1406694 0.07019161
vt -0.1383569 0.06976754
vt -0.1375877 0.07188457
vt -0.1407159 0.06268483
vt -0.1408781 0.05965446
vt -0.1385422 0.05992111
vt -0.1384218 0.06217034
vt -0.1406668 0.028439
vt -0.139629 0.02558725
vt -0.1375842 0.02674758
vt -0.1383545 0.02886423
vt -0.08153705 -0.0922702
vt -0.07850966 -0.09248073
vt -0.07873902 -0.0901409
vt -0.08098604 -0.08998464
vt 0.04922169 -0.08034208
vt 0.0503835 -0.07753857
vt 0.04809209 -0.07701237
vt 0.04722977 -0.07909322
vt 0.06440501 -0.01945603
vt 0.06431378 -0.01642269
vt 0.06200831 -0.01688333
vt 0.06207602 -0.01913476
vt 0.05459177 0.03743974
vt 0.0536176 0.04031384
vt 0.05154756 0.03919921
vt 0.05227063 0.03706598
vt 0.02969493 0.08722457
vt 0.02787653 0.08965416
vt 0.02625488 0.08795191
vt 0.02760454 0.0861486
vt -0.01317712 0.1203157
vt -0.01580176 0.1218391
vt -0.01662723 0.1196378
vt -0.01467915 0.1185071
vt -0.06947809 0.1235954
vt -0.07251221 0.1236553
vt -0.07216693 0.1213298
vt -0.06991492 0.1212853
vt -0.1139604 0.101956
vt -0.1166358 0.1005236
vt -0.1151968 0.09866443
vt -0.113211 0.09972761
vt -0.1338717 0.08237894
vt -0.135753 0.07999769
vt -0.1336914 0.07886747
vt -0.1322951 0.0806349
vt -0.1269879 0.05276283
vt -0.1275311 0.05057688
vt -0.1251804 0.05053567
vt -0.1248914 0.05169879
vt -0.1278352 0.02916527
vt -0.1273747 0.02696039
vt -0.1252396 0.02794463
vt -0.1254846 0.02911782
vt -0.1164073 -0.009446361
vt -0.114836 -0.01106021
vt -0.1135619 -0.009084289
vt -0.114398 -0.008225577
vt -0.07625087 -0.0539158
vt -0.07399951 -0.05398541
vt -0.07445543 -0.05167899
vt -0.07565336 -0.05164195
vt -0.02190598 -0.05719344
vt -0.02025631 -0.05565976
vt -0.02220234 -0.05434052
vt -0.0230801 -0.05515657
vt 0.004685418 -0.02278211
vt 0.005225929 -0.02059547
vt 0.00287519 -0.02055724
vt 0.002587592 -0.02172072
vt 0.005841328 0.02000218
vt 0.005367287 0.02220418
vt 0.003238287 0.02120682
vt 0.003490509 0.02003516
vt -0.009658238 0.05804414
vt -0.01099629 0.05985608
vt -0.01252638 0.05807108
vt -0.01181441 0.05710696
vt -0.03731941 0.08331645
vt -0.03930595 0.08437813
vt -0.03992115 0.082109
vt -0.03886414 0.08154409
vt -0.07069233 0.09090833
vt -0.07294442 0.09094833
vt -0.07245822 0.08864811
vt -0.07125991 0.08862682
vt -0.09976511 0.08347446
vt -0.1017867 0.08248123
vt -0.1003034 0.08065716
vt -0.09922776 0.08118565
vt -0.1182826 0.06943251
vt -0.1196776 0.06766401
vt -0.1175523 0.06665878
vt -0.11681 0.06759977
vt -0.09599563 0.02977172
vt -0.09611514 0.0285792
vt -0.09379333 0.02894875
vt -0.09448791 0.0168556
vt -0.09399594 0.01576273
vt -0.0921689 0.01724235
vt -0.08687527 0.00361835
vt -0.08588368 0.002945203
vt -0.08510261 0.005162709
vt -0.07415713 -0.00553294
vt -0.0729589 -0.005558652
vt -0.07350925 -0.00327293
vt -0.06021419 -0.006204101
vt -0.05919526 -0.005573094
vt -0.06090165 -0.003955815
vt -0.05017421 0.002159992
vt -0.04963919 0.003232448
vt -0.051941 0.003711071
vt -0.04705134 0.01596558
vt -0.04712564 0.01716178
vt -0.04935751 0.01642274
vt -0.05096165 0.03035903
vt -0.05160451 0.03137054
vt -0.05320178 0.02964539
vt -0.06017557 0.04136396
vt -0.06122147 0.04194918
vt -0.06180859 0.03967263
vt -0.07198538 0.04670916
vt -0.07318369 0.04673095
vt -0.07262588 0.04444704
vt -0.08340831 0.04595388
vt -0.08447484 0.04540714
vt -0.0829045 0.04365745
vt -0.09195612 0.03991555
vt -0.09263574 0.03892837
vt -0.09042338 0.03813282
vt 0.08713643 0.1217252
vt 0.08959199 0.115893
vt 0.09389918 0.1175697
vt 0.09150191 0.1232437
vt -0.08646264 0.1245597
vt -0.09055359 0.1267111
vt -0.09120382 0.1254538
vt -0.09185407 0.1241965
vt -0.0876973 0.1221813
vt 0.04838118 0.09593851
vt 0.04331823 0.09655564
vt 0.04273381 0.09148569
vt 0.03887863 0.09113837
vt 0.03540659 0.08994503
vt 0.03151658 0.08825318
vt 0.03176657 0.08560143
vt 0.03553165 0.08396963
vt 0.03729939 0.08131762
vt 0.04047579 0.08022132
vt 0.04390246 0.0791985
vt 0.04802063 0.07785554
vt 0.05098172 0.0795049
vt 0.0560548 0.07986744
vt 0.05897423 0.07927376
vt 0.05916766 0.08314447
vt 0.05616289 0.08581255
vt 0.05252799 0.08900458
vt 0.05000379 0.08982297
vt -0.05144751 0.09317759
vt -0.05303144 0.08722533
vt -0.0493292 0.08795862
vt -0.04562696 0.08869191
vt -0.04612448 0.09372083
vt 0.07333934 0.102892
vt 0.07499878 0.1072059
vt 0.0698489 0.1086596
vt 0.06842059 0.1042647
vt 0.08556052 0.1239151
vt 0.08674973 0.1202212
vt 0.09087065 0.1223097
vt 0.09001355 0.1251533
vt 0.09627156 0.0742328
vt 0.09872083 0.07005414
vt 0.10304 0.07167482
vt 0.1017742 0.07361988
vt 0.100466 0.07617194
vt 0.01741373 0.1352775
vt 0.01386133 0.1342016
vt 0.0149127 0.1297054
vt 0.0186233 0.1308164
vt 0.09584486 0.07859962
vt 0.09743729 0.07641961
vt 0.1006816 0.07971085
vt 0.09905845 0.08192082
vt -0.08399905 0.1400354
vt -0.08597644 0.1353843
vt -0.08161628 0.1338502
vt -0.07962252 0.1385515
vt -0.09290435 0.08699056
vt -0.09574942 0.0843875
vt -0.09274662 0.08087436
vt -0.09011809 0.08330315
vt -0.03568776 0.1162032
vt -0.03068551 0.1152888
vt -0.03062988 0.1204013
vt -0.03441101 0.1209602
vt 0.09765364 0.06251418
vt 0.09902868 0.05871887
vt 0.1033025 0.06047869
vt 0.1020173 0.06402794
vt -0.0397107 0.1285476
vt -0.03686797 0.1280917
vt -0.03564849 0.1328016
vt -0.03893214 0.1330343
vt -0.03212848 0.1418634
vt -0.03508624 0.1388982
vt -0.03250081 0.1350795
vt -0.02948851 0.1380866
vt -0.09590138 0.1001877
vt -0.09669776 0.09708317
vt -0.09245344 0.095266
vt -0.09164987 0.09838309
vt -0.09095942 0.08743276
vt -0.09233873 0.08651591
vt -0.09371803 0.08559908
vt -0.09086099 0.08196635
vt -0.08804245 0.08385028
vt -0.08961035 0.09924234
vt -0.09299175 0.09675312
vt -0.08961186 0.09360737
vt -0.08625746 0.09607119
vt -0.03793596 0.1375977
vt -0.04039497 0.1351515
vt -0.03744384 0.1315987
vt -0.03483126 0.1341797
vt -0.09350627 0.08971404
vt -0.09679621 0.08663782
vt -0.09386159 0.0830691
vt -0.09069119 0.08605085
vt -0.04916235 0.08804716
vt -0.04543222 0.08062492
vt -0.04170013 0.0824374
vt -0.0454744 0.08884035
vt -0.04962457 0.09000058
vt -0.05054963 0.08245008
vt -0.04822882 0.08251029
vt -0.04590801 0.08257051
vt -0.04806917 0.08011685
vt -0.04647506 0.08055714
vt -0.04803374 0.08576055
vt -0.05039046 0.08415584
vt -0.04263797 0.07393757
vt -0.04105599 0.07440953
vt -0.03956708 0.07716253
vt -0.03589436 0.07914905
vt -0.03572643 0.08055297
vt -0.04427353 0.07910328
vt -0.0373554 0.08371034
vt -0.03985566 0.08260225
vt -0.04185094 0.08055349
vt -0.04016532 0.07454712
vt -0.03791754 0.07612554
vt -0.04993961 0.08913827
vt -0.05143681 0.08738977
vt -0.05427629 0.08490679
vt -0.05416187 0.08194209
vt -0.05091923 0.08100174
vt -0.04844604 0.08308746
vt -0.03877374 0.08307666
vt -0.03858365 0.08447693
vt -0.0426061 0.08566026
vt -0.04584723 0.08689199
vt -0.04953008 0.08734172
vt -0.04734821 0.08175139
vt 0.04629915 0.130665
vt 0.04842217 0.1280729
vt 0.051954 0.13101
vt 0.04987108 0.1342897
vt -0.04895332 0.07966347
vt -0.04512867 0.07971602
vt -0.04649428 0.08176611
vt -0.05416638 0.09374194
vt -0.05520176 0.09019828
vt -0.05138367 0.08931834
vt -0.05184657 0.0937767
vt -0.04316644 0.08856402
vt -0.03883445 0.08979879
vt -0.0414106 0.09310071
vt -0.04372765 0.09301043
vt -0.04396218 0.08612882
vt -0.04141437 0.08280307
vt -0.03775568 0.08402203
vt -0.04023932 0.08796435
vt -0.04194538 0.0800001
vt -0.04426701 0.08553605
vt -0.04796497 0.08478063
vt -0.04426177 0.07833511
vt -0.0444536 0.0832061
vt -0.04307349 0.08116575
vt -0.0421814 0.08474915
vt 0.1351113 0.005163826
vt 0.1042417 0.07656185
vt 0.09731449 0.07356681
vt 0.128184 0.002168756
vt 0.1377175 -0.001279405
vt 0.1070596 0.07020968
vt 0.1001235 0.06723516
vt 0.1307814 -0.004253909
vt 0.137952 0.01336673
vt 0.09895639 0.08067162
vt 0.09242623 0.07688814
vt 0.1314219 0.009583258
vt 0.1149868 0.07526577
vt 0.04999473 0.118005
vt 0.04584802 0.1116992
vt 0.1108401 0.06896003
vt -0.02275619 0.1328197
vt -0.08984031 0.09344576
vt -0.08602013 0.08693704
vt -0.01893603 0.126311
vt -0.08866262 0.09740353
vt -0.1285501 0.03062327
vt -0.1220708 0.02675327
vt -0.0821834 0.09353352
vt -0.1042416 0.07656223
vt -0.1351112 0.005164188
vt -0.1281839 0.002169119
vt -0.09731438 0.07356717
vt -0.1070594 0.07020955
vt -0.1377172 -0.001279484
vt -0.1307811 -0.004254044
vt -0.1001232 0.06723501
vt -0.09895556 0.08067138
vt -0.1379515 0.01336665
vt -0.1314213 0.009583146
vt -0.09242546 0.07688788
vt -0.04999404 0.1180044
vt -0.1149861 0.07526512
vt -0.1108394 0.06895941
vt -0.04584734 0.1116986
vt 0.08984013 0.09344512
vt 0.022756 0.1328192
vt 0.01893581 0.1263105
vt 0.08601998 0.08693638
vt 0.1285499 0.0306235
vt 0.08866253 0.09740369
vt 0.08218329 0.09353368
vt 0.1220707 0.02675347
vt -0.08563887 -0.1452003
vt -0.01020615 -0.1641872
vt 0.06461406 -0.142914
vt 0.1187735 -0.08708073
vt 0.1377604 -0.01164808
vt 0.1164873 0.06317212
vt 0.06065396 0.1173316
vt -0.0147787 0.1363185
vt -0.08959888 0.1150454
vt -0.1437584 0.05921209
vt -0.1627453 -0.01622062
vt -0.1414721 -0.0910408
vt 0.1414721 -0.09104081
vt 0.1627452 -0.0162206
vt 0.1437584 0.0592121
vt 0.08959887 0.1150454
vt 0.01477867 0.1363185
vt -0.06065397 0.1173316
vt -0.1164873 0.06317212
vt -0.1377604 -0.01164808
vt -0.1187736 -0.08708076
vt -0.06461407 -0.142914
vt 0.01020609 -0.1641872
vt 0.08563885 -0.1452003
vt -0.06998506 0.1633029
vt -0.06904463 0.1629308
vt -0.06540658 0.1710424
vt -0.06633266 0.1714489
vt 0.07005753 0.1632728
vt 0.06634052 0.1713016
vt 0.06541444 0.1708951
vt 0.06911708 0.1629007
vt -0.07673516 0.1060921
vt -0.07984449 0.1054195
vt -0.07914264 0.0790949
vt -0.07605077 0.07984369
vt 0.105931 0.09084314
vt 0.1054446 0.08995625
vt 0.1082354 0.08842553
vt 0.1087218 0.08931242
vt -0.078164 0.1066049
vt -0.0798886 0.1153639
vt -0.082987 0.1146368
vt -0.08127969 0.1059557
vt 0.07818875 0.1066331
vt 0.08130442 0.1059839
vt 0.08297107 0.1146349
vt 0.07987268 0.1153621
vt 0.07796468 0.1526968
vt 0.07702389 0.1523288
vt 0.08773568 0.1280854
vt 0.08860119 0.1286064
vt 0.07988366 0.1054274
vt 0.07677435 0.1061001
vt 0.07598064 0.07968439
vt 0.07907249 0.07893555
vt -0.07668184 0.1527734
vt -0.07762258 0.1531415
vt -0.08842274 0.129208
vt -0.08755721 0.1286871
vt -0.07706138 0.09486152
vt -0.08015542 0.09411604
vt -0.07142158 0.07516116
vt -0.06828272 0.07568695
vt 0.07066074 0.1532292
vt 0.0698268 0.1526573
vt 0.07715477 0.1331171
vt 0.07798942 0.133688
vt 0.08007912 0.09386364
vt 0.07698508 0.09460913
vt 0.06825385 0.07541413
vt 0.07139269 0.07488831
vt -0.07038416 0.1520616
vt -0.07121842 0.152633
vt -0.0785102 0.1328451
vt -0.0776753 0.1322746
vt -0.06297176 0.05662595
vt -0.06609412 0.0560231
vt -0.05897307 0.03720613
vt -0.05569815 0.03594208
vt 0.07611267 0.1280986
vt 0.07528226 0.1275242
vt 0.08493547 0.1097084
vt 0.0856746 0.1103962
vt 0.06679662 0.05566173
vt 0.06367163 0.05625553
vt 0.05644738 0.03554174
vt 0.05979335 0.03664773
vt -0.08191118 0.1263097
vt -0.08275478 0.1268678
vt -0.09300367 0.1074846
vt -0.09216666 0.1069167
vt -0.0565833 0.01886013
vt -0.05985253 0.02014625
vt -0.05976564 0.01879348
vt 0.09905396 0.09504373
vt 0.09830491 0.09436554
vt 0.09893958 0.0933574
vt 0.09978852 0.0939054
vt 0.05996671 0.02198706
vt 0.0566217 0.02087204
vt 0.05980404 0.02080601
vt -0.06065047 0.1356565
vt -0.06383179 0.1355523
vt -0.0637987 0.1345413
vt -0.06061738 0.1346455
vt 0.0599353 0.03814149
vt 0.06007706 0.04013496
vt 0.04242693 0.04082148
vt 0.04255041 0.0388268
vt -0.1162732 0.07344444
vt -0.1169389 0.07422133
vt -0.127928 0.06482624
vt -0.1272113 0.06409618
vt 0.05337384 0.04039694
vt 0.05625775 0.04024136
vt 0.05652446 0.04222326
vt 0.05356404 0.04238763
vt -0.0521938 0.03902398
vt -0.05241026 0.04101199
vt -0.05541739 0.04084589
vt -0.05512485 0.03886766
vt -0.0994186 0.09268123
vt -0.1003833 0.09309947
vt -0.1050184 0.08192206
vt -0.1040787 0.08145022
vt 0.06707739 0.12641
vt 0.07001667 0.1260193
vt 0.07012814 0.1270163
vt 0.06714614 0.1274394
vt -0.05931824 0.0386285
vt -0.05957783 0.04061143
vt -0.07373249 0.03501593
vt -0.07274837 0.03327498
vt 0.1163562 0.07490243
vt 0.1156944 0.07414867
vt 0.1272883 0.06439248
vt 0.1279996 0.06509961
vt 0.06003159 0.04202787
vt 0.0597925 0.04004236
vt 0.0731809 0.03477152
vt 0.07414834 0.0365218
vt -0.1181336 0.05528132
vt -0.1190828 0.05566071
vt -0.1234068 0.04504567
vt -0.1226094 0.04440602
vt -0.06887645 0.0405227
vt -0.06988481 0.04224916
vt -0.07557521 0.03127616
vt -0.07388267 0.03021185
vt 0.1196157 0.05589771
vt 0.1186825 0.05553209
vt 0.123679 0.04390627
vt 0.1244651 0.04452794
vt 0.07113472 0.04281203
vt 0.07014824 0.04107279
vt 0.07541029 0.03055537
vt 0.07708669 0.03164521
vt -0.1186386 0.05087589
vt -0.1194544 0.0514899
vt -0.1267045 0.03503339
vt -0.1259694 0.03432473
vt -0.07395516 0.02482061
vt -0.07564748 0.02588246
vt -0.08168677 0.008539012
vt -0.07982203 0.007821884
vt 0.1195148 0.05196865
vt 0.1187059 0.05137871
vt 0.126036 0.03441318
vt 0.1267677 0.03509655
vt 0.07674472 0.02608838
vt 0.07506727 0.0250033
vt 0.08090188 0.007867529
vt 0.08275579 0.008612053
vt -0.140877 0.03699246
vt -0.1415338 0.03777687
vt -0.1478632 0.02925898
vt -0.1473279 0.02838718
vt -0.08680886 -0.003612674
vt -0.08864863 -0.002836599
vt -0.09513549 -0.01146744
vt -0.09322914 -0.01206153
vt 0.1414789 0.03664235
vt 0.1408183 0.03588756
vt 0.1475058 0.02723069
vt 0.1480489 0.02807393
vt 0.08964608 -0.002574685
vt 0.08781787 -0.003377871
vt 0.09439061 -0.01188969
vt 0.09628761 -0.01126614
vt -0.1258621 0.02344382
vt -0.1265184 0.02422868
vt -0.1304156 0.01649185
vt -0.1296255 0.01584182
vt -0.1043746 0.0001683306
vt -0.1062536 0.0008475625
vt -0.1093958 -0.0077858
vt -0.1074043 -0.007947038
vt 0.1257007 0.02433145
vt 0.1250424 0.02357463
vt 0.1291865 0.01557497
vt 0.1299731 0.01619739
vt 0.1070035 0.001816933
vt 0.1051343 0.001111563
vt 0.1081498 -0.006816343
vt 0.1101388 -0.006628724
vt -0.1019271 0.05345304
vt -0.1027469 0.05406382
vt -0.1085748 0.04337766
vt -0.1076371 0.04297058
vt -0.1098802 -0.01207255
vt -0.1118715 -0.01189464
vt -0.110718 -0.02434669
vt -0.108725 -0.02418961
vt 0.102874 0.05417653
vt 0.1020603 0.05359115
vt 0.1078314 0.04275834
vt 0.1087575 0.04314163
vt 0.1131445 -0.011481
vt 0.1111561 -0.01168898
vt 0.1099983 -0.02356939
vt 0.1119933 -0.02370101
vt -0.1238503 0.03386123
vt -0.1247884 0.0342647
vt -0.1367493 0.01585922
vt -0.1358902 0.01530705
vt -0.09611157 -0.03955067
vt -0.09809157 -0.03981335
vt -0.09792694 -0.0619364
vt -0.09597772 -0.06150059
vt 0.1246292 0.03405098
vt 0.1237028 0.03367094
vt 0.1356598 0.01486101
vt 0.1365109 0.01538852
vt 0.09983727 -0.03883816
vt 0.09785388 -0.03860278
vt 0.09774934 -0.06072063
vt 0.09970501 -0.06112625
vt -0.1490248 -0.007079488
vt -0.1498833 -0.006530575
vt -0.1522137 -0.01215492
vt -0.1513336 -0.01266841
vt -0.1034094 -0.03428125
vt -0.1053638 -0.03468938
vt -0.1072938 -0.03999854
vt -0.1052985 -0.04006835
vt 0.1511001 -0.009500786
vt 0.1502508 -0.01002711
vt 0.1526238 -0.01511396
vt 0.1534918 -0.0146191
vt 0.1066046 -0.03371405
vt 0.1046448 -0.03333249
vt 0.106716 -0.03901332
vt 0.1087103 -0.03891677
vt -0.1127184 0.03348667
vt -0.1136249 0.03396121
vt -0.11501 0.0297577
vt -0.1140935 0.02930297
vt -0.1193302 -0.02943219
vt -0.1213228 -0.02928711
vt -0.1202253 -0.03471728
vt -0.1184652 -0.03377177
vt 0.1131861 0.0345862
vt 0.11229 0.03413533
vt 0.1142085 0.02896027
vt 0.1151141 0.02939175
vt 0.1225026 -0.02918861
vt 0.120512 -0.02935968
vt 0.1196815 -0.03368359
vt 0.1214535 -0.03460645
vt -0.09565403 0.06724172
vt -0.09655251 0.06773104
vt -0.09791601 0.06436358
vt -0.09699945 0.06390899
vt -0.1235011 -0.03319568
vt -0.1252757 -0.03411798
vt -0.123377 -0.03772899
vt -0.1218534 -0.03643357
vt 0.0953224 0.06939884
vt 0.09443509 0.06893095
vt 0.09593607 0.0651776
vt 0.09684025 0.06561199
vt 0.1263647 -0.03422897
vt 0.1245785 -0.03332928
vt 0.1229297 -0.03652286
vt 0.1244693 -0.03779942
vt -0.07433211 0.09737562
vt -0.07520611 0.09790699
vt -0.08307941 0.08424517
vt -0.08226669 0.08362409
vt -0.1192641 -0.04449319
vt -0.1207787 -0.04579774
vt -0.1100582 -0.05764008
vt -0.1086859 -0.05618652
vt 0.07495122 0.09792094
vt 0.07408597 0.09741398
vt 0.08224071 0.0835545
vt 0.08304729 0.0841504
vt 0.1216672 -0.04620746
vt 0.1201376 -0.04492044
vt 0.109561 -0.05676082
vt 0.1109513 -0.05819715
vt -0.069844 0.08497684
vt -0.07062421 0.08563777
vt -0.08278093 0.07413904
vt -0.08199264 0.07348778
vt -0.08835701 -0.08745252
vt -0.08962121 -0.08900034
vt -0.07720602 -0.1001525
vt -0.07590751 -0.0986334
vt 0.07051914 0.08538755
vt 0.0697436 0.08475226
vt 0.08196966 0.0734108
vt 0.08275296 0.07403649
vt 0.0909818 -0.08937097
vt 0.08969854 -0.08783889
vt 0.07736644 -0.09913059
vt 0.07868344 -0.1006338
vt -0.1008296 0.03627297
vt -0.1016587 0.03687235
vt -0.1108367 0.0265712
vt -0.1099302 0.02609695
vt -0.08581348 -0.09889936
vt -0.08717177 -0.1003667
vt -0.08028898 -0.1118901
vt -0.07867704 -0.110707
vt 0.1019654 0.03542846
vt 0.1011431 0.03485411
vt 0.1100564 0.02500906
vt 0.1109529 0.02545905
vt 0.08881228 -0.1005022
vt 0.08743392 -0.09905364
vt 0.08047733 -0.1108
vt 0.08210345 -0.1119635
vt -0.09074356 0.03442519
vt -0.09161788 0.03494961
vt -0.09719983 0.02819906
vt -0.09639619 0.02757166
vt -0.1016608 -0.1003817
vt -0.1033697 -0.1014096
vt -0.09834848 -0.1093329
vt -0.09704389 -0.1078246
vt 0.09028301 0.03594217
vt 0.08941945 0.03543929
vt 0.09572867 0.02833465
vt 0.09652469 0.02893881
vt 0.1051457 -0.1009255
vt 0.1034226 -0.09992174
vt 0.09894551 -0.107594
vt 0.1002733 -0.1090819
vt -0.09918128 0.02629606
vt -0.09998823 0.02691732
vt -0.1087117 0.0194873
vt -0.1079915 0.01876735
vt -0.07448941 -0.1262604
vt -0.07562678 -0.1279005
vt -0.06929738 -0.1368584
vt -0.0677867 -0.135554
vt 0.1009043 0.0251319
vt 0.1001036 0.02453594
vt 0.1083579 0.01712396
vt 0.109077 0.01781623
vt 0.0782197 -0.1275013
vt 0.07705558 -0.1258803
vt 0.0702123 -0.1352324
vt 0.07174575 -0.1365097
vt -0.05302256 0.09067146
vt -0.05356202 0.0915408
vt -0.06215449 0.08653934
vt -0.0615673 0.0857015
vt -0.06225009 -0.1268988
vt -0.06373339 -0.1282396
vt -0.05405802 -0.1331369
vt -0.05332397 -0.1312769
vt 0.05572991 0.09047906
vt 0.05517767 0.08964159
vt 0.06438915 0.08402859
vt 0.06498842 0.08483306
vt 0.06471147 -0.1290895
vt 0.06321263 -0.127766
vt 0.05433927 -0.132122
vt 0.05509377 -0.1339737
vt -0.06419334 0.1014023
vt -0.06479038 0.1022283
vt -0.08332305 0.08687247
vt -0.08284374 0.08597298
vt -0.05644862 0.04311422
vt -0.059381 0.04300367
vt -0.05850631 0.03049103
vt -0.05562406 0.03104219
vt 0.1028075 0.09403645
vt 0.1018742 0.09361741
vt 0.1068166 0.08203374
vt 0.107728 0.08249846
vt 0.06042827 0.04308696
vt 0.05754305 0.04319797
vt 0.05680479 0.03106115
vt 0.05964058 0.03051783
vt -0.1071286 0.07448547
vt -0.1080669 0.07496029
vt -0.1133886 0.06170008
vt -0.112478 0.06117412
vt -0.05613666 0.03318154
vt -0.05902018 0.03263655
vt -0.05989535 0.01901488
vt -0.0569624 0.01891731
vt 0.1109774 0.07536822
vt 0.1100671 0.0749012
vt 0.1150955 0.06214
vt 0.1159734 0.06266545
vt 0.06018995 0.0327879
vt 0.05735282 0.03332464
vt 0.05820614 0.01900415
vt 0.06109197 0.01910157
vt -0.04922557 0.135119
vt -0.04911083 0.1361644
vt -0.05204391 0.1362803
vt -0.05211041 0.1352593
vt 0.06951296 0.1262741
vt 0.06960549 0.1273009
vt 0.05198233 0.1287468
vt 0.05190851 0.1277185
vt -0.0600346 0.03877228
vt -0.05987535 0.03678013
vt -0.04247473 0.0375465
vt -0.04236912 0.03954221
vt -0.06964298 0.1271398
vt -0.06956465 0.1260917
vt -0.0522394 0.1276867
vt -0.05229868 0.128736
vt 0.04557079 0.03113496
vt 0.04542017 0.03312862
vt 0.02232524 0.02618364
vt 0.02303688 0.02431524
vt -0.01430974 0.1421442
vt -0.01477939 0.1430625
vt -0.03623144 0.1318167
vt -0.03567127 0.1309507
vt -0.04578325 0.03195043
vt -0.04592016 0.02995575
vt -0.02328295 0.02310931
vt -0.02258595 0.02498327
vt 0.01536716 0.1428335
vt 0.01487193 0.1419059
vt 0.03575527 0.1310352
vt 0.03634204 0.1319077
vt 0.02793979 0.02857897
vt 0.02718449 0.03042942
vt 0.007613084 0.01420492
vt 0.008896952 0.01267314
vt -0.07585211 0.1139515
vt -0.07666842 0.114581
vt -0.09281649 0.09489702
vt -0.09197743 0.09429826
vt -0.02785698 0.02956704
vt -0.02860178 0.02771235
vt -0.009639802 0.01164826
vt -0.00836516 0.01318769
vt 0.07714329 0.1141349
vt 0.07630125 0.1135065
vt 0.09192177 0.09422888
vt 0.09278716 0.09482471
vt -0.006781614 0.01308634
vt -0.007963337 0.01469746
vt -0.01815057 0.007363915
vt -0.0166542 0.006039895
vt -0.09807819 0.08621545
vt -0.09896021 0.0867471
vt -0.1071444 0.07725362
vt -0.106272 0.07670621
vt 0.007510432 0.01370201
vt 0.006340941 0.01208197
vt 0.01610477 0.004918472
vt 0.01759128 0.006253602
vt 0.09903104 0.08679579
vt 0.09812333 0.08626851
vt 0.1059123 0.07697034
vt 0.1068099 0.0775146
vt -0.01277154 0.01482593
vt -0.01428476 0.0161329
vt -0.02685113 0.003647993
vt -0.02512226 0.002643493
vt -0.1088299 0.07403253
vt -0.1097286 0.07453156
vt -0.1196155 0.05986292
vt -0.1186259 0.05927385
vt 0.0148976 0.01571407
vt 0.01339893 0.01438986
vt 0.02592497 0.00230693
vt 0.02759884 0.003401296
vt 0.1099466 0.07367483
vt 0.1090181 0.07318707
vt 0.1185853 0.05871583
vt 0.1196094 0.05919991
vt -0.01642908 0.0003009127
vt -0.01818475 0.001255057
vt -0.0295232 -0.005497979
vt -0.02861056 -0.007275593
vt -0.105221 0.08176376
vt -0.106076 0.08254018
vt -0.1152681 0.07278244
vt -0.1143783 0.07226036
vt 0.01748206 0.002394907
vt 0.01577629 0.001356487
vt 0.0280714 -0.006297458
vt 0.0289697 -0.004513912
vt 0.1076532 0.07989521
vt 0.1067342 0.07922865
vt 0.1164962 0.06871659
vt 0.1174266 0.06920661
vt -0.03201589 -0.009962754
vt -0.03290628 -0.008173116
vt -0.05883124 -0.01320031
vt -0.05859035 -0.01518465
vt -0.08280314 0.1069863
vt -0.08345594 0.1077851
vt -0.1076585 0.09748898
vt -0.1070938 0.09662559
vt 0.03310314 -0.009331459
vt 0.03223225 -0.0111307
vt 0.05870543 -0.01630964
vt 0.05892662 -0.01432298
vt 0.08364522 0.1076374
vt 0.08296246 0.1068376
vt 0.1077605 0.09595027
vt 0.1083552 0.09681754
vt -0.06123477 -0.0111881
vt -0.06145903 -0.009200735
vt -0.09254847 -0.01209102
vt -0.09242048 -0.01408691
vt -0.08744518 0.1146497
vt -0.08784217 0.1156019
vt -0.1182025 0.1092429
vt -0.1180018 0.1082309
vt 0.06162437 -0.01041998
vt 0.06142047 -0.01240954
vt 0.09240004 -0.01527826
vt 0.09251124 -0.01328136
vt 0.0878102 0.1156124
vt 0.08738977 0.1146484
vt 0.1180454 0.1082307
vt 0.1182667 0.1092589
vt -0.09305109 -0.01580032
vt -0.09317501 -0.01380425
vt -0.1399593 -0.0145368
vt -0.1405312 -0.01645321
vt -0.09758159 0.1262459
vt -0.09761006 0.1272771
vt -0.1444124 0.1257162
vt -0.1443456 0.1246868
vt 0.09314648 -0.01512481
vt 0.09303948 -0.01712187
vt 0.1405584 -0.01774145
vt 0.1399695 -0.01583017
vt 0.0969518 0.1276418
vt 0.09691014 0.1265911
vt 0.1443759 0.1252538
vt 0.1444559 0.1263023
vt -0.1465387 0.008588091
vt -0.1456456 0.01037764
vt -0.1465656 0.01084456
vt -0.1474765 0.009064028
vt -0.07734039 -0.1170257
vt -0.07822422 -0.1188198
vt -0.05545995 -0.1300292
vt -0.05596893 -0.128095
vt 0.05933865 0.1047768
vt 0.05875973 0.1039616
vt 0.07882716 0.08820006
vt 0.07928301 0.08908994
vt 0.07875569 -0.1196761
vt 0.07785213 -0.1178919
vt 0.05629746 -0.1289057
vt 0.05581304 -0.1308462
vt 0.05857911 0.1162266
vt 0.05884973 0.1172133
vt 0.04845947 0.1204473
vt 0.04813103 0.1194783
vt -0.003155998 -0.1195024
vt -0.002359346 -0.1213369
vt 0.007844771 -0.1198208
vt 0.00759761 -0.1178362
vt -0.05621564 0.117949
vt -0.05597739 0.1169746
vt -0.04602597 0.1199075
vt -0.04632061 0.1208664
vt 0.002126402 -0.1227238
vt 0.002909461 -0.1208836
vt -0.007898698 -0.1191749
vt -0.008129889 -0.1211614
vt 0.07280248 0.104581
vt 0.07326084 0.1054952
vt 0.06705663 0.1085461
vt 0.06671137 0.1075835
vt 0.01284231 -0.1191605
vt 0.0131151 -0.1211412
vt 0.02034504 -0.1191618
vt 0.01951304 -0.1173437
vt -0.07365501 0.1050802
vt -0.07321965 0.1041771
vt -0.06665169 0.1075336
vt -0.06697555 0.1084824
vt -0.01388031 -0.1223976
vt -0.01362038 -0.1204151
vt -0.02018636 -0.1186821
vt -0.02100911 -0.1205044
vt 0.1125846 0.06934379
vt 0.1131674 0.07018472
vt 0.1076923 0.07320902
vt 0.1072115 0.07230588
vt -0.02178556 -0.1293755
vt -0.02118018 -0.1312816
vt -0.0155244 -0.1291706
vt -0.01591759 -0.1272097
vt -0.1141026 0.0694267
vt -0.1135408 0.06859569
vt -0.108355 0.07145138
vt -0.1088163 0.07234211
vt 0.02056388 -0.1324056
vt 0.02115427 -0.1304948
vt 0.01541073 -0.128337
vt 0.01503074 -0.1303005
vt 0.08490752 0.08196294
vt 0.08526519 0.08291864
vt 0.07762714 0.0877215
vt 0.07707562 0.08686295
vt 0.0269798 -0.1263169
vt 0.02761598 -0.1282086
vt 0.03619346 -0.1243328
vt 0.0352011 -0.1226012
vt -0.08526184 0.08267446
vt -0.0849275 0.08173165
vt -0.07690848 0.0870524
vt -0.07743458 0.0879032
vt -0.02778172 -0.1294939
vt -0.02715437 -0.1275991
vt -0.03562913 -0.1239226
vt -0.03660881 -0.1256615
vt -0.005240373 0.1272877
vt -0.005060916 0.1282827
vt -0.009764805 0.1309027
vt -0.01007729 0.1299411
vt 0.08880556 -0.08987784
vt 0.09008356 -0.09141354
vt 0.0939122 -0.09075078
vt 0.09407397 -0.08875941
vt 0.01425893 0.1286381
vt 0.01438013 0.1276555
vt 0.01804865 0.1292642
vt 0.01780384 0.1302235
vt -0.08859991 -0.09387027
vt -0.08733463 -0.09232473
vt -0.09266306 -0.09088995
vt -0.09248317 -0.09287922
vt 0.08119991 0.1057733
vt 0.08195505 0.1064618
vt 0.07015946 0.1136356
vt 0.06961652 0.1127699
vt 0.01766137 -0.09958325
vt 0.01723842 -0.1015228
vt 0.03143221 -0.09739491
vt 0.03084677 -0.09549813
vt -0.07841606 0.1093965
vt -0.07770329 0.1086931
vt -0.06535444 0.1163199
vt -0.06585257 0.1171887
vt -0.01764419 -0.1027729
vt -0.01808801 -0.1008384
vt -0.03104168 -0.09693053
vt -0.03161108 -0.0988319
vt -0.1693585 -0.04044747
vt -0.170245 -0.03993658
vt -0.1712092 -0.04168881
vt -0.1703402 -0.04218993
vt 0.04759068 0.1149175
vt 0.05034267 0.1137297
vt 0.05457803 0.1241842
vt 0.05171021 0.1250559
vt -0.04757657 0.114999
vt -0.05175027 0.1250494
vt -0.0546181 0.1241777
vt -0.05032859 0.1138113
vt -0.07447606 0.1559979
vt -0.07537872 0.1564361
vt -0.08448593 0.1347464
vt -0.08355272 0.1343777
vt 0.08665323 0.09586249
vt 0.08899409 0.09398623
vt 0.08962183 0.0947694
vt 0.08728097 0.09664567
vt -0.06891839 0.1661183
vt -0.06463256 0.1761883
vt -0.06555347 0.1765853
vt -0.0698135 0.1665705
vt 0.0690885 0.1661055
vt 0.06998367 0.1665575
vt 0.0653606 0.1767803
vt 0.06443961 0.1763835
vt -0.05197535 0.1143861
vt -0.05475519 0.1132587
vt -0.0547251 0.09058267
vt -0.05173847 0.09086321
vt 0.07598999 0.1549901
vt 0.07508725 0.1545521
vt 0.08390332 0.1337419
vt 0.08483644 0.1341108
vt 0.05472235 0.1132155
vt 0.0519425 0.114343
vt 0.05175488 0.0908955
vt 0.05474152 0.09061497
vt -0.08704706 0.1238071
vt -0.0879764 0.1241856
vt -0.09345625 0.1086907
vt -0.09248275 0.1084472
vt -0.05093972 0.09969111
vt -0.05392487 0.09940478
vt -0.05698035 0.08414917
vt -0.05404171 0.08355127
vt 0.08847031 0.1229365
vt 0.08754121 0.1225573
vt 0.09253877 0.1079735
vt 0.0935122 0.1082172
vt 0.05394943 0.09933306
vt 0.05096428 0.09961941
vt 0.05399788 0.08361121
vt 0.05693651 0.08420911
vt -0.09066444 0.1211595
vt -0.09163808 0.1214033
vt -0.09467229 0.1140539
vt -0.09374605 0.1136672
vt -0.05085871 0.07557691
vt -0.05380505 0.07613982
vt -0.0534597 0.06753673
vt -0.05046171 0.06763584
vt 0.09162924 0.1216282
vt 0.09065557 0.1213846
vt 0.09389814 0.1132464
vt 0.09482442 0.1136329
vt 0.05378539 0.0764302
vt 0.05083904 0.07586735
vt 0.05043683 0.06777622
vt 0.05343483 0.06767693
vt -0.09099481 0.1171607
vt -0.09191883 0.1175522
vt -0.1019566 0.09448953
vt -0.1010306 0.09410284
vt -0.05068857 0.06460073
vt -0.05368654 0.06450561
vt -0.05029523 0.03953391
vt -0.04729921 0.03967775
vt 0.09175193 0.1178051
vt 0.09082792 0.1174136
vt 0.1009853 0.09435602
vt 0.1019114 0.0947427
vt 0.05366871 0.06452011
vt 0.05067074 0.06461524
vt 0.04731907 0.03969242
vt 0.0503151 0.03954859
vt -0.1030885 0.08499441
vt -0.104015 0.08538019
vt -0.1148015 0.0598299
vt -0.1138933 0.05940299
vt -0.05080168 0.04154744
vt -0.05379967 0.04144355
vt -0.05552738 0.01472727
vt -0.05265111 0.01387533
vt 0.1040434 0.08518437
vt 0.1031169 0.08479861
vt 0.1136116 0.06012042
vt 0.1145199 0.06054723
vt 0.0537887 0.04144509
vt 0.05079072 0.04154897
vt 0.05267566 0.01383419
vt 0.05555192 0.01468614
vt 0.02045328 0.1376889
vt 0.02098751 0.1385387
vt 0.01844775 0.1401354
vt 0.01791353 0.1392857
vt 0.02280731 0.1176138
vt 0.02593499 0.1177222
vt 0.02912359 0.1264194
vt 0.02623455 0.1272269
vt -0.02285832 0.1176585
vt -0.02618298 0.1272371
vt -0.02907189 0.1264291
vt -0.02591256 0.1176735
vt -0.01881174 0.1285565
vt -0.01884118 0.1295587
vt -0.02189324 0.1296722
vt -0.0219391 0.1286706
vt 0.06322046 0.1114717
vt 0.06574075 0.1098444
vt 0.0662852 0.1106876
vt 0.06376491 0.112315
vt -0.07087784 0.1642037
vt -0.06650914 0.1734272
vt -0.0674376 0.173806
vt -0.07177907 0.1646434
vt 0.06967934 0.1657288
vt 0.07062216 0.1660722
vt 0.06664553 0.1744882
vt 0.06571906 0.1741028
vt -0.07604474 0.07689868
vt -0.07292364 0.07958428
vt -0.08246434 0.09199505
vt -0.08528782 0.08899812
vt 0.07611947 0.07694163
vt 0.08523829 0.08899691
vt 0.08241472 0.09199378
vt 0.07299832 0.07962717
vt -0.07471414 0.1545045
vt -0.07592043 0.1551704
vt -0.09205724 0.1208129
vt -0.09079804 0.1202534
vt -0.1108506 0.06892087
vt -0.1087662 0.07247292
vt -0.1099546 0.07317029
vt -0.112039 0.06961824
vt -0.0674297 0.1582502
vt -0.06027786 0.1716922
vt -0.06150888 0.1723102
vt -0.06860729 0.1589648
vt 0.06722052 0.1586089
vt 0.06839732 0.1593247
vt 0.06092292 0.1729535
vt 0.05969247 0.1723343
vt 0.07472651 0.08031078
vt 0.07161999 0.08301459
vt 0.05081513 0.05110002
vt 0.05401158 0.04850315
vt 0.07561947 0.1556835
vt 0.07441327 0.1550175
vt 0.09060962 0.120666
vt 0.09186874 0.1212257
vt -0.07157279 0.0829501
vt -0.07467936 0.08024634
vt -0.05402745 0.0485395
vt -0.05083094 0.05113631
vt -0.08614706 0.1230606
vt -0.08738741 0.1236578
vt -0.0980643 0.09940653
vt -0.09682334 0.0988106
vt 0.06110482 0.05401527
vt 0.05785301 0.05653818
vt 0.04262465 0.03328023
vt 0.04650353 0.03190415
vt 0.08756125 0.1238729
vt 0.08632024 0.1232772
vt 0.09721424 0.09770134
vt 0.09845565 0.09829625
vt -0.05777629 0.05652107
vt -0.0610281 0.05399816
vt -0.04652714 0.03182276
vt -0.04264826 0.03319885
vt -0.08648117 0.1087232
vt -0.08767594 0.1094095
vt -0.1016899 0.08646975
vt -0.1004405 0.08588868
vt 0.04583792 0.02180979
vt 0.04196274 0.02320281
vt 0.02446945 0.005177295
vt 0.02738141 0.002265607
vt 0.0878209 0.1085861
vt 0.08662967 0.1078938
vt 0.09988733 0.08669792
vt 0.1011335 0.08728561
vt -0.04197251 0.02318738
vt -0.04584756 0.02179402
vt -0.02745348 0.002353588
vt -0.02454173 0.005265511
vt -0.09185813 0.09631223
vt -0.09305538 0.09699427
vt -0.1084892 0.07560017
vt -0.1073008 0.07490278
vt 0.02606566 0.004672962
vt 0.02316635 0.007597926
vt 0.001323265 -0.007479212
vt 0.004336999 -0.01028614
vt 0.0934732 0.09627024
vt 0.09227549 0.09558906
vt 0.107829 0.07406084
vt 0.1090178 0.07475735
vt -0.02328155 0.007705214
vt -0.02618092 0.004780287
vt -0.004429183 -0.0101764
vt -0.001415401 -0.007369501
vt 0.1205568 0.05086186
vt 0.1217839 0.05148882
vt 0.11991 0.05515629
vt 0.118683 0.05452937
vt 0.04927289 0.09083636
vt 0.05124887 0.08858
vt 0.06022831 0.09560815
vt 0.05802744 0.09764576
vt -0.04966447 0.09628462
vt -0.05882664 0.1028299
vt -0.06103534 0.1007997
vt -0.0515192 0.09392668
vt -0.07842414 0.06140966
vt -0.07901345 0.06207464
vt -0.07977676 0.05917516
vt -0.07924492 0.05852592
vt 0.05644493 0.1006889
vt 0.05862978 0.09863327
vt 0.0700103 0.1086733
vt 0.06737306 0.1101031
vt -0.02560962 0.1673388
vt -0.01749338 0.1748929
vt -0.01816276 0.1755873
vt -0.02631028 0.1678203
vt 0.02425211 0.167184
vt 0.0249938 0.167466
vt 0.01646008 0.1755212
vt 0.01579547 0.1748279
vt 0.05093607 0.1643592
vt 0.05178894 0.1648883
vt 0.0433897 0.1775849
vt 0.04256256 0.1770163
vt -0.05860554 0.09862179
vt -0.0564207 0.1006774
vt -0.06738988 0.1101161
vt -0.07002713 0.1086864
vt -0.05115614 0.1645827
vt -0.05030654 0.1640483
vt -0.04231692 0.1760574
vt -0.04314051 0.1766311
vt 0.06733897 0.1054569
vt 0.06997598 0.1040284
vt 0.07650258 0.1105473
vt 0.07372201 0.111671
vt 0.04612755 0.1776785
vt 0.04696882 0.1782257
vt 0.04199182 0.185921
vt 0.04111919 0.1854253
vt -0.06998376 0.1039767
vt -0.06734681 0.1054053
vt -0.07366837 0.1115955
vt -0.0764489 0.1104717
vt -0.04663732 0.1774768
vt -0.04579931 0.1769246
vt -0.04079824 0.1842969
vt -0.04166809 0.1847976
vt 0.1053541 0.07807854
vt 0.107643 0.07613923
vt 0.1082918 0.076905
vt 0.1060029 0.07884432
vt 0.08852154 0.09048624
vt 0.08703508 0.0878812
vt 0.09661249 0.08169259
vt 0.09781869 0.08443864
vt -0.08858377 0.09047784
vt -0.09778515 0.08443065
vt -0.09657901 0.08168457
vt -0.0870974 0.08787276
vt 0.1236921 0.0590766
vt 0.1244437 0.05974155
vt 0.1131885 0.07162239
vt 0.1124672 0.07092468
vt 0.06891294 0.1588797
vt 0.0700819 0.1561168
vt 0.07100628 0.1565079
vt 0.06983732 0.1592708
vt 0.1194258 0.05626428
vt 0.1259908 0.04732481
vt 0.1267852 0.04793772
vt 0.1202667 0.05681161
vt -0.1196808 0.05611862
vt -0.1205205 0.05666776
vt -0.127136 0.04747898
vt -0.126343 0.04686425
vt -0.08706389 0.0905887
vt -0.08556022 0.08799332
vt -0.07204439 0.09423326
vt -0.07210742 0.09723209
vt -0.1240756 0.05930863
vt -0.1233137 0.05865546
vt -0.1131992 0.06951843
vt -0.1139316 0.07020442
vt 0.08552299 0.0879949
vt 0.08702664 0.09059028
vt 0.07212612 0.09724962
vt 0.07206312 0.09425078
vt 0.09294318 0.1095806
vt 0.09318476 0.1105547
vt 0.0664868 0.1164533
vt 0.06634421 0.1154599
vt -0.07570424 0.09926315
vt -0.07568502 0.09626337
vt -0.04837402 0.09859797
vt -0.04846219 0.1015965
vt -0.09337928 0.1105122
vt -0.09313811 0.109538
vt -0.06648359 0.1154846
vt -0.06662577 0.1164781
vt 0.07565276 0.09627181
vt 0.07567208 0.09927158
vt 0.04852924 0.1015818
vt 0.04844096 0.09858326
vt 0.07309682 0.1158743
vt 0.07333382 0.1168483
vt 0.05465011 0.122762
vt 0.05432872 0.1218126
vt -0.04842444 0.09686804
vt -0.04833577 0.09387031
vt -0.02816933 0.09733808
vt -0.02903406 0.09970775
vt -0.07739548 0.1124833
vt -0.07710334 0.1115241
vt -0.05796418 0.1189487
vt -0.05831914 0.1198865
vt 0.04841919 0.0939187
vt 0.04850776 0.09691644
vt 0.02901562 0.09966569
vt 0.02866519 0.09868603
vt 0.02817209 0.0973075
vt 0.04839123 0.1309377
vt 0.04863989 0.13191
vt 0.02088166 0.1389334
vt 0.02074693 0.1379389
vt -0.02677127 0.09187506
vt -0.02587947 0.08951548
vt 0.002197981 0.09272009
vt 0.001610225 0.09566094
vt -0.04529867 0.1325557
vt -0.0451015 0.1315718
vt -0.01761901 0.1377313
vt -0.01772147 0.1387295
vt 0.02573622 0.0886642
vt 0.02624623 0.09003621
vt -0.001699608 0.09457491
vt -0.002247964 0.09184381
vt -0.01881402 0.138617
vt -0.0191105 0.1395755
vt -0.03257122 0.1371274
vt -0.0322803 0.1361672
vt 0.002482682 0.09621546
vt 0.003085151 0.09327775
vt 0.0167735 0.09191956
vt 0.01609473 0.09484059
vt 0.01962815 0.1394123
vt 0.01933531 0.1384527
vt 0.03285411 0.1358786
vt 0.03314125 0.1368399
vt -0.002946899 0.09321918
vt -0.002387668 0.09594751
vt -0.002344732 0.09615695
vt -0.01596799 0.09483679
vt -0.0166465 0.09191568
vt -0.07551701 0.1234446
vt -0.07631574 0.1240518
vt -0.1073765 0.08582513
vt -0.1065065 0.08532538
vt 0.01226578 0.1007164
vt 0.01288752 0.09778251
vt 0.05135202 0.06934466
vt 0.05239521 0.07215638
vt 0.0781699 0.122736
vt 0.07736518 0.1221367
vt 0.1069234 0.08469088
vt 0.1077988 0.08518118
vt -0.0128425 0.09774153
vt -0.01222042 0.1006753
vt -0.05228021 0.07223885
vt -0.05123731 0.069427
vt -0.1058486 0.08335136
vt -0.1066888 0.08390009
vt -0.121823 0.06886108
vt -0.1209741 0.06832592
vt 0.05695032 0.06870136
vt 0.05595996 0.06587245
vt 0.07416277 0.055991
vt 0.07571782 0.05855331
vt 0.1069392 0.08344512
vt 0.1060983 0.08289746
vt 0.1209397 0.06847226
vt 0.1217893 0.06900638
vt -0.05579224 0.06597567
vt -0.05678239 0.06880469
vt -0.07551869 0.0586321
vt -0.07396387 0.05606962
vt -0.1209179 0.07271919
vt -0.1217573 0.07326943
vt -0.1577606 0.03469709
vt -0.1569563 0.03409673
vt 0.06719838 0.05397882
vt 0.06554428 0.05147624
vt 0.1105126 0.02433924
vt 0.1123639 0.02669974
vt 0.121671 0.07336732
vt 0.1208318 0.07281683
vt 0.1567622 0.03442485
vt 0.1575663 0.03502545
vt -0.06539166 0.05158902
vt -0.06704593 0.05409152
vt -0.1122539 0.02676564
vt -0.1104025 0.02440525
vt -0.08581313 0.1485771
vt -0.08669268 0.1490606
vt -0.08813788 0.1464316
vt -0.08725832 0.1459481
vt 0.02685188 0.09377152
vt 0.02721137 0.09474835
vt -0.001067131 0.09842955
vt -0.001108513 0.09821995
vt 0.0200226 0.0842621
vt 0.02293402 0.08354147
vt 0.02627971 0.09444247
vt 0.02330895 0.09485503
vt -0.02001487 0.08432744
vt -0.02332712 0.09482803
vt -0.02629789 0.09441548
vt -0.02292629 0.08360683
vt -0.0733839 0.1359034
vt -0.0742196 0.1364586
vt -0.0787778 0.1278496
vt -0.077895 0.1273728
vt 0.0493788 0.1203469
vt 0.05221242 0.1193617
vt 0.05254203 0.1203097
vt 0.04970841 0.1212949
vt -0.0821519 0.135639
vt -0.07738652 0.1456542
vt -0.07830251 0.1460637
vt -0.08303216 0.1361205
vt 0.08218333 0.1358092
vt 0.08306373 0.1362904
vt 0.07808388 0.146459
vt 0.0771677 0.1460499
vt -0.02317896 0.09162005
vt -0.02610172 0.09094371
vt -0.01847185 0.08134757
vt -0.01709446 0.08401267
vt 0.07367128 0.1375946
vt 0.07283495 0.1370403
vt 0.0785019 0.1262723
vt 0.07938533 0.1267479
vt 0.0261101 0.09089495
vt 0.02318724 0.0915709
vt 0.01711801 0.08406846
vt 0.01849576 0.08140353
vt -0.03866517 0.1260134
vt -0.03921503 0.1268529
vt -0.04868184 0.1219872
vt -0.04836471 0.1210351
vt -0.006896056 0.0807742
vt -0.008152304 0.07805104
vt 0.002935966 0.07552315
vt 0.003495167 0.0784695
vt 0.03975595 0.1270048
vt 0.03919653 0.1261717
vt 0.04940499 0.1205975
vt 0.0497332 0.1215458
vt 0.00817779 0.07803271
vt 0.006922457 0.08075629
vt -0.003729725 0.07843477
vt -0.003171398 0.07548825
vt -0.08261867 0.1086463
vt -0.08337004 0.109308
vt -0.09642159 0.09150659
vt -0.09556856 0.09098246
vt 0.00751453 0.07458437
vt 0.007003532 0.07163182
vt 0.02355986 0.05922527
vt 0.02537268 0.06161115
vt 0.08456931 0.1081572
vt 0.08381105 0.1075036
vt 0.09601907 0.09100951
vt 0.09687643 0.09152632
vt -0.007113057 0.07166612
vt -0.007624191 0.07461867
vt -0.02525959 0.06163066
vt -0.02344663 0.05924486
vt -0.09355784 0.09958702
vt -0.09438183 0.1001601
vt -0.1035308 0.08570273
vt -0.1026816 0.08516775
vt 0.0112475 0.0662377
vt 0.009290615 0.06396382
vt 0.02298905 0.05252145
vt 0.02432594 0.05520709
vt 0.09423806 0.1002127
vt 0.09341563 0.09963737
vt 0.1029862 0.08462576
vt 0.103834 0.08516301
vt -0.009319833 0.06394058
vt -0.01127674 0.06621446
vt -0.02431701 0.05520952
vt -0.02298011 0.05252388
vt -0.02829174 0.1336164
vt -0.02833192 0.1346184
vt -0.03994545 0.1352179
vt -0.03991612 0.1342156
vt 0.03458049 0.04781769
vt 0.03335376 0.04508042
vt 0.04643489 0.04517213
vt 0.04620434 0.04816285
vt 0.03242816 0.1331874
vt 0.03233895 0.1321886
vt 0.04543222 0.132344
vt 0.04550871 0.1333439
vt -0.03323058 0.04514392
vt -0.03445757 0.04788109
vt -0.04609447 0.04814021
vt -0.04632475 0.04514946
vt -0.02068396 0.1364705
vt -0.02054898 0.1374598
vt -0.03583693 0.1420938
vt -0.03597568 0.141105
vt 0.05307719 0.05243447
vt 0.0534021 0.04945362
vt 0.0671695 0.05091168
vt 0.06895892 0.05415697
vt 0.02439017 0.1386247
vt 0.02449302 0.1376286
vt 0.03796549 0.1410325
vt 0.03781141 0.142022
vt -0.05326916 0.04972366
vt -0.05294399 0.05270426
vt -0.06880616 0.0546296
vt -0.06707249 0.0513226
vt -0.115833 0.06396632
vt -0.1167468 0.0643795
vt -0.1319727 0.03862957
vt -0.1311082 0.03812129
vt 0.05767706 0.05831037
vt 0.05575491 0.05514271
vt 0.07767347 0.03675555
vt 0.08010256 0.03851209
vt 0.1172521 0.06439769
vt 0.1163848 0.06389369
vt 0.1315957 0.03963634
vt 0.1324517 0.04015937
vt -0.0558132 0.05530519
vt -0.05768082 0.05853776
vt -0.08013679 0.03861259
vt -0.07770818 0.03685557
vt -0.1073717 0.1096298
vt -0.1076604 0.110591
vt -0.141286 0.1018007
vt -0.1410228 0.1008322
vt 0.08026557 0.03129371
vt 0.07783761 0.0295318
vt 0.114054 0.02435393
vt 0.1147866 0.02726298
vt 0.1102919 0.105791
vt 0.1099523 0.1048465
vt 0.1448189 0.09367847
vt 0.145133 0.09463171
vt -0.07780284 0.02956327
vt -0.08023079 0.03132519
vt -0.1147764 0.02727614
vt -0.1140437 0.0243671
vt -0.09888518 0.1069597
vt -0.09979649 0.1073803
vt -0.1010536 0.1046564
vt -0.1001423 0.1042358
vt -0.09916499 0.06040963
vt -0.09684605 0.06231178
vt -0.1035809 0.0715133
vt -0.1056884 0.06937931
vt 0.0992205 0.06044488
vt 0.1056542 0.06938027
vt 0.1035466 0.07151421
vt 0.09690154 0.06234701
vt -0.08210324 0.1454927
vt -0.08299639 0.1459496
vt -0.09578749 0.1177977
vt -0.09485789 0.1174204
vt -0.1268184 0.04012075
vt -0.1253345 0.04272811
vt -0.1262069 0.04322454
vt -0.1276907 0.04061719
vt -0.07209657 0.1563096
vt -0.06715925 0.1662413
vt -0.06806804 0.1666665
vt -0.0729684 0.1568063
vt 0.07187232 0.1566844
vt 0.07274364 0.1571819
vt 0.06757606 0.1672563
vt 0.06666762 0.1668303
vt 0.1002426 0.06071005
vt 0.09791716 0.06260335
vt 0.0835094 0.03346527
vt 0.08647525 0.03302264
vt 0.08289178 0.1464218
vt 0.08199843 0.1459653
vt 0.09523051 0.1163705
vt 0.09616023 0.1167475
vt -0.09785932 0.06258278
vt -0.1001848 0.06068951
vt -0.0865107 0.03305361
vt -0.08354484 0.03349621
vt -0.08359849 0.1264926
vt -0.08450986 0.1269126
vt -0.1047997 0.0838499
vt -0.1039144 0.0833775
vt 0.09269221 0.03568038
vt 0.08971699 0.0360598
vt 0.06531157 -0.003074378
vt 0.06772767 -0.004851561
vt 0.08476681 0.1262147
vt 0.08385609 0.1257934
vt 0.103482 0.08399244
vt 0.1043667 0.084466
vt -0.08969703 0.03607688
vt -0.09267225 0.03569747
vt -0.06771463 -0.004907527
vt -0.06529852 -0.003130349
vt -0.09848479 0.08665864
vt -0.09935667 0.08715554
vt -0.112009 0.06429626
vt -0.1111319 0.06380869
vt 0.0691788 -0.01106219
vt 0.06675428 -0.009296076
vt 0.05229056 -0.03155325
vt 0.05493652 -0.03296617
vt 0.09933716 0.08730074
vt 0.09846524 0.08680388
vt 0.1112222 0.06353853
vt 0.1120993 0.06402607
vt -0.06673186 -0.009298065
vt -0.0691564 -0.01106417
vt -0.05494971 -0.03297849
vt -0.05230373 -0.03156559
vt 0.1360418 0.04469869
vt 0.1367426 0.04541723
vt 0.1345949 0.04751187
vt 0.1338941 0.04679333
vt -0.1005982 0.04124796
vt -0.09773344 0.04213607
vt -0.1005044 0.05319712
vt -0.1032608 0.05201463
vt 0.1006381 0.04130211
vt 0.1032305 0.05200317
vt 0.1004742 0.05318563
vt 0.09777327 0.04219019
vt -0.1143808 0.1042092
vt -0.1152785 0.1046571
vt -0.1277859 0.0763781
vt -0.1268526 0.07601018
vt -0.1530672 0.05210506
vt -0.1508563 0.05413284
vt -0.1515348 0.05487253
vt -0.1537457 0.05284475
vt -0.1067672 0.1188989
vt -0.1022324 0.1290206
vt -0.1031575 0.129409
vt -0.1076582 0.1193601
vt 0.1066084 0.1193623
vt 0.1074992 0.1198239
vt 0.1027465 0.1301006
vt 0.1018214 0.129712
vt 0.1017788 0.04209706
vt 0.09891129 0.04297417
vt 0.09654947 0.01055455
vt 0.09946339 0.01126249
vt 0.1151559 0.1050861
vt 0.1142581 0.1046383
vt 0.1272027 0.07491665
vt 0.128136 0.07528459
vt -0.09886599 0.04293335
vt -0.1017335 0.04205625
vt -0.09948488 0.01130456
vt -0.09657095 0.0105966
vt -0.1199366 0.08641675
vt -0.1208682 0.08679026
vt -0.137324 0.04166537
vt -0.1364527 0.04116726
vt 0.1026703 0.02221035
vt 0.09976237 0.02147345
vt 0.09120341 -0.02421853
vt 0.09408631 -0.02504812
vt 0.1210548 0.08614573
vt 0.1201234 0.08577184
vt 0.136075 0.04196108
vt 0.1369462 0.04245959
vt -0.09976029 0.02139814
vt -0.1026682 0.02213507
vt -0.09404793 -0.02525676
vt -0.09116504 -0.02442717
vt -0.1316293 0.04398799
vt -0.1324956 0.04449352
vt -0.1429668 0.01889994
vt -0.1420715 0.01844778
vt 0.1005502 -0.0284696
vt 0.09765626 -0.02768862
vt 0.09242705 -0.0543086
vt 0.09513804 -0.05558734
vt 0.1326587 0.04439472
vt 0.1317922 0.04388953
vt 0.1418025 0.0187396
vt 0.1426979 0.01919162
vt -0.09759372 -0.02777823
vt -0.1004877 -0.02855911
vt -0.09515951 -0.05563194
vt -0.09244843 -0.05435336
vt 0.1729281 0.02567326
vt 0.1735767 0.02643919
vt 0.1712874 0.02837802
vt 0.1706388 0.0276121
vt 0.07853887 0.0189982
vt 0.07788052 0.02192495
vt 0.06493635 0.01917463
vt 0.06595933 0.01635455
vt -0.07846078 0.01896495
vt -0.06595188 0.01635773
vt -0.06492908 0.01917787
vt -0.07780261 0.02189174
vt 0.1160888 0.05169972
vt 0.1170134 0.05209026
vt 0.1158461 0.05485383
vt 0.1149215 0.0544633
vt 0.06778884 0.01504858
vt 0.06674753 0.01786195
vt 0.04444142 0.01131684
vt 0.04487146 0.008347934
vt -0.01696123 0.1542228
vt -0.005309015 0.1487951
vt -0.004895183 0.1497094
vt -0.01647884 0.1551029
vt 0.01629195 0.1543019
vt 0.01580596 0.15518
vt 0.003924398 0.1495301
vt 0.004341929 0.1486174
vt -0.01023132 0.1484052
vt -0.01073668 0.1492723
vt -0.03057826 0.1370282
vt -0.03001464 0.1361977
vt -0.06677674 0.01786406
vt -0.06781809 0.01505071
vt -0.04482852 0.008351663
vt -0.04439842 0.01132055
vt 0.01032336 0.1493665
vt 0.009819241 0.1484986
vt 0.03018439 0.136034
vt 0.03074683 0.1368653
vt 0.04943014 0.0110605
vt 0.04895124 0.01402154
vt 0.02375875 -0.00156491
vt 0.02514608 -0.004224311
vt -0.06910001 0.1203859
vt -0.06987508 0.1210232
vt -0.08871154 0.09823507
vt -0.08797524 0.0975533
vt -0.04894736 0.01404184
vt -0.04942635 0.01108082
vt -0.02521505 -0.004209528
vt -0.02382766 -0.00155017
vt 0.07149115 0.1196254
vt 0.07071219 0.1189928
vt 0.0887728 0.09669576
vt 0.08951348 0.09737276
vt 0.02017288 -0.005038938
vt 0.01882818 -0.002357214
vt 0.006378827 7.303838E-05
vt 0.005937883 -0.002894358
vt 0.06897841 0.112629
vt 0.06939448 0.1135423
vt 0.05764819 0.1185721
vt 0.05731897 0.1176239
vt -0.01887488 -0.002344355
vt -0.02021979 -0.005025969
vt -0.00589069 -0.00287556
vt -0.006331409 9.185953E-05
vt -0.06129513 0.1183687
vt -0.06095665 0.1174238
vt -0.0473034 0.1219871
vt -0.04755205 0.1229594
vt 0.00422764 -0.002846497
vt 0.004685564 0.0001183402
vt -0.01127047 -0.00967625
vt -0.008810477 -0.01139332
vt -0.09795091 0.08672824
vt -0.09875983 0.0873196
vt -0.1107756 0.07287359
vt -0.1099284 0.07233848
vt -0.004649783 0.000155402
vt -0.004192325 -0.002809495
vt 0.008841099 -0.01149255
vt 0.01130136 -0.009775868
vt 0.1018226 0.0836491
vt 0.1010028 0.08307292
vt 0.1107184 0.07088096
vt 0.1115773 0.07139719
vt -0.00218482 -0.008726792
vt -0.004677617 -0.007060275
vt -0.05626169 -0.01832098
vt -0.05428215 -0.02057326
vt -0.06373281 0.1148956
vt -0.06421958 0.1157672
vt -0.1113014 0.09230806
vt -0.1109948 0.09135799
vt 0.004680257 -0.007129539
vt 0.002187346 -0.00879588
vt 0.05413573 -0.02040217
vt 0.05611543 -0.01815005
vt 0.0642653 0.1155189
vt 0.0637636 0.1146557
vt 0.1112774 0.09022398
vt 0.1115986 0.09116931
vt -0.05438355 -0.02231667
vt -0.05636234 -0.02006273
vt -0.1060847 -0.04028475
vt -0.1056035 -0.04324521
vt -0.1288588 0.0641504
vt -0.1293578 0.06502045
vt -0.1713247 0.03112755
vt -0.170614 0.03041981
vt 0.05626756 -0.01993613
vt 0.05428897 -0.02219024
vt 0.1057291 -0.04328521
vt 0.10621 -0.04032473
vt 0.1286875 0.06536247
vt 0.128187 0.06449331
vt 0.1710812 0.02954218
vt 0.1717932 0.03024859
vt -0.1081141 -0.03914178
vt -0.1085748 -0.03617743
vt -0.1370977 -0.03689078
vt -0.1367047 -0.03986489
vt -0.1172892 0.1231591
vt -0.117468 0.1241467
vt -0.1456973 0.1224129
vt -0.1457674 0.1214117
vt 0.1086825 -0.03618952
vt 0.1082218 -0.03915385
vt 0.1365636 -0.03985536
vt 0.1369565 -0.03688129
vt 0.1171812 0.1241081
vt 0.1170016 0.1231206
vt 0.1455439 0.1213093
vt 0.1454746 0.1223105
vt -0.110291 0.02264491
vt -0.1091562 0.02542202
vt -0.1100853 0.02580167
vt -0.1112201 0.02302456
vt -0.001828685 0.02910629
vt 0.0007838027 0.03057957
vt -0.00426145 0.04080556
vt -0.006705749 0.03906744
vt 0.001878154 0.02914867
vt 0.006672782 0.03906054
vt 0.00422845 0.04079862
vt -0.0007343561 0.03062192
vt -0.1018727 0.0860934
vt -0.1027152 0.08663874
vt -0.1236511 0.0475919
vt -0.1227773 0.04709836
vt -0.09472043 0.09061713
vt -0.0928953 0.09299807
vt -0.09369189 0.0936087
vt -0.09551702 0.09122775
vt -0.1050851 0.08302709
vt -0.1001616 0.09296554
vt -0.101071 0.09338951
vt -0.1059576 0.08352251
vt 0.1050336 0.08324677
vt 0.1059058 0.08374281
vt 0.1007552 0.09382597
vt 0.09984609 0.09340151
vt 0.00337061 0.03270642
vt 0.0007508285 0.03416698
vt -0.02615523 -0.0008218366
vt -0.0236217 -0.002427365
vt 0.1029827 0.08630079
vt 0.1021403 0.08575529
vt 0.1228678 0.04685552
vt 0.1237415 0.04734921
vt -0.0006975759 0.03411306
vt -0.003317377 0.03265254
vt 0.02361404 -0.002451746
vt 0.0261476 -0.000846267
vt 0.08852342 0.09694143
vt 0.08928578 0.09759428
vt 0.0873344 0.09987291
vt 0.08657204 0.09922004
vt -0.1722352 0.06767558
vt -0.1639956 0.05611108
vt -0.1626009 0.05719525
vt -0.1069811 0.1492718
vt -0.1079478 0.1351133
vt -0.1061814 0.1350947
vt 0.01285018 0.165528
vt 0.003153133 0.1551359
vt 0.004531058 0.1540305
vt 0.0785699 0.1142844
vt 0.06594944 0.1076458
vt 0.06690641 0.106161
vt 0.1122554 0.04983816
vt 0.09871234 0.04519163
vt 0.09944085 0.04358234
vt 0.1355933 -0.007112544
vt 0.1217532 -0.01098593
vt 0.1223837 -0.01263606
vt 0.1600668 -0.02997579
vt 0.1465423 -0.03494275
vt 0.1472844 -0.03654582
vt 0.1031188 0.1501905
vt 0.102697 0.135781
vt 0.1044623 0.1358456
vt -0.1082901 0.150914
vt -0.0954541 0.1444009
vt -0.09473291 0.1460135
vt -0.1403457 0.1101172
vt -0.1271095 0.1045796
vt -0.126486 0.1062325
vt -0.1575272 0.07068229
vt -0.1446969 0.06439035
vt -0.1439654 0.06599828
vt -0.1708166 0.04624059
vt -0.1591637 0.03806337
vt -0.1581947 0.03954034
vt 0.1060809 -0.002104748
vt 0.1076168 -0.002977434
vt 0.1093833 -0.002965256
vt 0.110907 -0.002071479
vt 0.1117797 -0.0005355914
vt 0.1117675 0.001230871
vt 0.1108737 0.002754581
vt 0.1093378 0.003627265
vt 0.1075714 0.00361509
vt 0.1060477 0.002721315
vt 0.105175 0.001185427
vt 0.1051871 -0.0005810352
vt -0.1785827 0.06233237
vt -0.1699229 0.05107902
vt -0.1685691 0.0522138
vt -0.1155891 0.1480259
vt -0.1160099 0.1338407
vt -0.1142441 0.1338901
vt 0.01105348 0.1694042
vt 0.001450526 0.1589252
vt 0.002838363 0.1578323
vt 0.08034314 0.1166308
vt 0.06769313 0.1100487
vt 0.06864344 0.1085596
vt 0.1148417 0.04981821
vt 0.1012519 0.04531031
vt 0.1019639 0.04369365
vt 0.1381089 -0.009845311
vt 0.1242035 -0.01347737
vt 0.1248052 -0.01513823
vt 0.1620373 -0.03753547
vt 0.1483256 -0.04195947
vt 0.1490033 -0.04359084
vt 0.126356 0.1368166
vt 0.1239124 0.1226095
vt 0.1256693 0.1224253
vt -0.1132837 0.1524111
vt -0.1003221 0.1461518
vt -0.09963275 0.1477782
vt -0.1452549 0.1101362
vt -0.1319159 0.1048511
vt -0.1313239 0.1065154
vt -0.1621917 0.06918488
vt -0.1492394 0.06314803
vt -0.1485398 0.06477013
vt -0.1756204 0.04278021
vt -0.1637671 0.03489638
vt -0.1628352 0.03639709
vt 0.1088536 -0.004590247
vt 0.1103673 -0.005500736
vt 0.1121336 -0.005532347
vt 0.113679 -0.004676613
vt 0.1145895 -0.003162827
vt 0.1146211 -0.001396605
vt 0.1137653 0.0001487921
vt 0.1122515 0.00105928
vt 0.1104853 0.001090892
vt 0.1089399 0.0002351579
vt 0.1080294 -0.001278628
vt 0.1079978 -0.00304485
vt -0.1316847 0.1264963
vt -0.1295346 0.1124604
vt -0.1278011 0.1128005
vt -0.02114389 0.1730183
vt -0.02905682 0.1612376
vt -0.02753607 0.1603388
vt 0.05605637 0.1397146
vt 0.04402127 0.1321526
vt 0.04507015 0.1307312
vt 0.09465537 0.08109242
vt 0.08136125 0.07593362
vt 0.08214296 0.0743495
vt 0.1193986 0.02048314
vt 0.1056758 0.01639772
vt 0.1063375 0.01475982
vt 0.142593 -0.02007384
vt 0.1289467 -0.02458294
vt 0.1296528 -0.02620216
vt 0.1604405 0.05555655
vt 0.1516835 0.04411557
vt 0.1531691 0.04315978
vt -0.07722207 0.1649181
vt -0.06513107 0.1570683
vt -0.06426872 0.15861
vt -0.1227516 0.1306229
vt -0.1095405 0.1249089
vt -0.1089196 0.1265627
vt -0.1421632 0.09441715
vt -0.1291826 0.08830418
vt -0.1284873 0.08992808
vt -0.15685 0.06326773
vt -0.1447818 0.05561494
vt -0.1438794 0.05713359
vt -0.1652212 0.06328515
vt -0.1556906 0.0527104
vt -0.154416 0.05393344
vt 0.1064526 0.01411389
vt 0.1082039 0.01388294
vt 0.1098361 0.01455859
vt 0.1109118 0.01595983
vt 0.1111427 0.01771117
vt 0.1104671 0.01934335
vt 0.1090658 0.02041903
vt 0.1073145 0.02064998
vt 0.1056823 0.01997432
vt 0.1046066 0.01857309
vt 0.1043757 0.01682175
vt 0.1050513 0.01518957
vt -0.1192283 0.1390671
vt -0.1187009 0.1248772
vt -0.1169399 0.1250164
vt 0.0001191374 0.1715831
vt -0.009093905 0.1607887
vt -0.007686388 0.1597213
vt 0.06905203 0.1285464
vt 0.05651677 0.1218461
vt 0.0574635 0.1203547
vt 0.1027748 0.06672741
vt 0.08924453 0.06222438
vt 0.0899479 0.06060395
vt 0.124956 0.006035028
vt 0.1110787 0.002510049
vt 0.1116734 0.0008466422
vt 0.1471687 -0.03108019
vt 0.1333833 -0.03514421
vt 0.1340365 -0.03678549
vt 0.1431373 0.09952775
vt 0.1378274 0.08613424
vt 0.1395171 0.0856192
vt -0.1014464 0.1528437
vt -0.08846977 0.1465651
vt -0.08780669 0.1482024
vt -0.1329713 0.1191536
vt -0.1195387 0.1139817
vt -0.1189855 0.1156594
vt -0.1491757 0.08263379
vt -0.1360874 0.07675513
vt -0.1354213 0.07839124
vt -0.1623998 0.05406658
vt -0.1503272 0.04642073
vt -0.1494257 0.0479399
vt -0.168162 0.06304269
vt -0.1590067 0.05214147
vt -0.1576901 0.05331923
vt 0.1074571 0.01203457
vt 0.1092214 0.0119467
vt 0.1107933 0.01275276
vt 0.1117515 0.01423678
vt 0.1118394 0.01600109
vt 0.1110333 0.01757297
vt 0.1095493 0.01853122
vt 0.107785 0.01861908
vt 0.1062131 0.01781302
vt 0.1052549 0.01632901
vt 0.105167 0.01456469
vt 0.1059731 0.01299282
vt -0.1528433 0.03511057
vt -0.1417949 0.02794616
vt -0.1409617 0.02935662
vt -0.1438326 0.06366338
vt -0.1356394 0.05336436
vt -0.1344184 0.05445641
vt -0.07289836 0.1321071
vt -0.07307643 0.1189273
vt -0.07144134 0.1190275
vt 0.04076939 0.1316852
vt 0.03186835 0.1219053
vt 0.03317233 0.1209137
vt 0.0952473 0.08181754
vt 0.08345729 0.07571062
vt 0.08434476 0.07433366
vt 0.1196706 0.03267537
vt 0.107003 0.02853241
vt 0.1076533 0.02702883
vt 0.1345582 -0.004232815
vt 0.1216047 -0.007507472
vt 0.1221343 -0.009057672
vt 0.147548 -0.01400563
vt 0.1347447 -0.01785133
vt 0.1353181 -0.01938585
vt 0.09599523 0.1235093
vt 0.09226213 0.1106938
vt 0.09385549 0.1103133
vt -0.1192153 0.1027576
vt -0.1071883 0.09706655
vt -0.1065407 0.09857127
vt -0.1395511 0.06738751
vt -0.1271856 0.06262232
vt -0.1266411 0.06416736
vt -0.1483988 0.04292569
vt -0.1363794 0.03746536
vt -0.1357488 0.03897727
vt 0.06105072 -0.02029223
vt 0.06181455 -0.02174142
vt 0.06320065 -0.02261454
vt 0.06483759 -0.02267764
vt 0.06628679 -0.02191381
vt 0.06715991 -0.02052772
vt 0.067223 -0.01889077
vt 0.06645918 -0.01744158
vt 0.06507309 -0.01656846
vt 0.06343614 -0.01650536
vt 0.06198695 -0.01726918
vt 0.06111382 -0.01865528
vt -0.1567019 0.03270737
vt -0.1447028 0.02511448
vt -0.1438213 0.02664533
vt -0.1503758 0.0623905
vt -0.1417618 0.05111229
vt -0.1404221 0.05226367
vt -0.07256389 0.1397226
vt -0.07410385 0.1255926
vt -0.07233836 0.1255329
vt 0.04226862 0.1359878
vt 0.03176751 0.1263403
vt 0.03307262 0.1251498
vt 0.09314302 0.08398043
vt 0.08006313 0.07815633
vt 0.08093089 0.07661765
vt 0.1165557 0.03022147
vt 0.1027024 0.02639532
vt 0.1033273 0.02474304
vt 0.1316082 -0.01356094
vt 0.1174937 -0.0164525
vt 0.117988 -0.01814841
vt 0.1465838 -0.03083187
vt 0.1325773 -0.03424177
vt 0.1331071 -0.03592694
vt 0.05339927 0.1518333
vt 0.05502792 0.1375319
vt 0.05677118 0.1378176
vt -0.12461 0.1040327
vt -0.1111311 0.09911524
vt -0.110585 0.1007952
vt -0.140992 0.07215193
vt -0.1274644 0.06754633
vt -0.1269438 0.06923439
vt -0.1502434 0.04462384
vt -0.1371468 0.03904399
vt -0.1365055 0.04068997
vt 0.07438125 -0.01193146
vt 0.07529478 -0.01344341
vt 0.0768419 -0.01429604
vt 0.07860805 -0.01426088
vt 0.08012 -0.01334735
vt 0.08097263 -0.01180024
vt 0.08093747 -0.01003409
vt 0.08002394 -0.008522131
vt 0.07847683 -0.007669503
vt 0.07671068 -0.007704665
vt 0.07519872 -0.008618191
vt 0.07434609 -0.01016531
vt -0.1363236 0.1204981
vt -0.1335842 0.1065652
vt -0.1318666 0.106978
vt -0.01716547 0.1661827
vt -0.02454674 0.1540619
vt -0.02298752 0.1532316
vt 0.0676659 0.1251879
vt 0.0558342 0.1173115
vt 0.05692016 0.1159182
vt 0.1090276 0.06256698
vt 0.09582379 0.0571812
vt 0.09663253 0.0556107
vt 0.1344795 0.005115091
vt 0.1208104 0.0008539114
vt 0.121493 -0.0007753615
vt 0.156829 -0.02601029
vt 0.1432175 -0.03062354
vt 0.143936 -0.03223732
vt 0.1703631 0.05277227
vt 0.1607904 0.04200457
vt 0.1622018 0.04094237
vt -0.0838706 0.1633559
vt -0.07221887 0.1548678
vt -0.07127492 0.1563609
vt -0.1361379 0.1147655
vt -0.1230113 0.1088602
vt -0.1223663 0.1105048
vt -0.155854 0.07390552
vt -0.1429047 0.06772651
vt -0.1422011 0.06934683
vt -0.169319 0.04530651
vt -0.1572376 0.03767457
vt -0.1563379 0.03919477
vt -0.1746764 0.05226515
vt -0.164994 0.04182932
vt -0.1637372 0.04307066
vt 0.1022936 -0.01405591
vt 0.1040365 -0.01434353
vt 0.1056897 -0.01372116
vt 0.1068103 -0.01235555
vt 0.1070979 -0.01061261
vt 0.1064755 -0.008959378
vt 0.1051099 -0.007838824
vt 0.103367 -0.0075512
vt 0.1017137 -0.008173575
vt 0.1005932 -0.009539188
vt 0.1003056 -0.01128211
vt 0.1009279 -0.01293535
vt -0.1563108 0.03200133
vt -0.1445164 0.02409422
vt -0.1435948 0.02560125
vt -0.1512378 0.05175475
vt -0.1418437 0.04111756
vt -0.1405892 0.04236129
vt -0.1017298 0.1129999
vt -0.09904962 0.09904118
vt -0.09734453 0.09950288
vt 0.009655409 0.136835
vt 0.00262109 0.1244308
vt 0.004228526 0.1236982
vt 0.08347996 0.09204511
vt 0.07185481 0.0836869
vt 0.07301687 0.08235642
vt 0.1177957 0.04008517
vt 0.1046835 0.03420104
vt 0.1055519 0.03266273
vt 0.1373753 0.001969996
vt 0.123786 -0.002816704
vt 0.1245067 -0.004429495
vt 0.1518725 -0.00729677
vt 0.1384414 -0.01253277
vt 0.1391899 -0.01413286
vt 0.1423864 0.07253776
vt 0.133064 0.06157073
vt 0.1344644 0.06049395
vt -0.08637862 0.1342418
vt -0.07568125 0.1246799
vt -0.07455155 0.126038
vt -0.1350331 0.07926828
vt -0.1222774 0.07282628
vt -0.1215272 0.07442553
vt -0.149625 0.04588834
vt -0.1369738 0.03936108
vt -0.1362133 0.04095548
vt 0.05981106 -0.03560995
vt 0.0603837 -0.03728106
vt 0.06171517 -0.03844197
vt 0.06344872 -0.03878161
vt 0.06511983 -0.03820898
vt 0.06628074 -0.03687751
vt 0.06662039 -0.03514396
vt 0.06604775 -0.03347284
vt 0.06471627 -0.03231193
vt 0.06298273 -0.0319723
vt 0.06131161 -0.03254493
vt 0.06015071 -0.0338764
vt 0.1639325 0.07194983
vt 0.1622382 0.07540597
vt 0.1597986 0.07421001
vt 0.1614928 0.07075389
vt 0.1527256 0.09311716
vt 0.15075 0.09642054
vt 0.1484182 0.09502599
vt 0.1503938 0.09172262
vt 0.1089801 0.1421644
vt 0.1060564 0.1446678
vt 0.1042892 0.142604
vt 0.1072129 0.1401005
vt -0.04769744 0.1730188
vt -0.05147951 0.1723038
vt -0.05097483 0.1696341
vt -0.04719276 0.170349
vt -0.1465165 0.1037351
vt -0.1490005 0.1007949
vt -0.146925 0.09904142
vt -0.144441 0.1019817
vt -0.1629014 0.07472544
vt -0.1647231 0.07133482
vt -0.1623297 0.07004883
vt -0.1605079 0.07343946
vt -0.1622382 0.07540596
vt -0.1639325 0.07194984
vt -0.1614928 0.07075389
vt -0.1597986 0.07421002
vt -0.15075 0.09642054
vt -0.1527256 0.09311716
vt -0.1503938 0.09172261
vt -0.1484182 0.09502599
vt -0.1060564 0.1446678
vt -0.1089801 0.1421643
vt -0.1072129 0.1401005
vt -0.1042892 0.142604
vt 0.05147948 0.1723038
vt 0.04769742 0.1730188
vt 0.04719273 0.170349
vt 0.0509748 0.1696341
vt 0.1490005 0.1007948
vt 0.1465165 0.1037351
vt 0.144441 0.1019817
vt 0.146925 0.09904141
vt 0.1647232 0.07133482
vt 0.1629014 0.07472543
vt 0.1605079 0.07343946
vt 0.1623297 0.07004884
vt 0.01034282 -0.01189141
vt 0.0134844 -0.01411531
vt 0.01731703 -0.01447047
vt 0.02081377 -0.01286174
vt 0.02303767 -0.009720167
vt 0.02339283 -0.005887535
vt 0.0217841 -0.002390794
vt 0.01864253 -0.0001668953
vt 0.0148099 0.0001882715
vt 0.01131316 -0.001420463
vt 0.009089258 -0.004562037
vt 0.008734093 -0.00839467
vt -0.008734114 -0.008394696
vt -0.00908928 -0.004562064
vt -0.01131318 -0.00142049
vt -0.01480992 0.0001882431
vt -0.01864255 -0.0001669222
vt -0.02178412 -0.002390821
vt -0.02339286 -0.00588756
vt -0.02303769 -0.009720193
vt -0.02081379 -0.01286177
vt -0.01731705 -0.0144705
vt -0.01348442 -0.01411533
vt -0.01034285 -0.01189143
vt 0.171886 0.07602354
vt 0.1703299 0.07919782
vt 0.162026 0.07512714
vt 0.1635821 0.07195287
vt 0.1603131 0.09783765
vt 0.1584987 0.1008716
vt 0.1505617 0.09612501
vt 0.1523762 0.09309102
vt 0.1146721 0.1490531
vt 0.1119868 0.1513524
vt 0.1059719 0.1443277
vt 0.1086572 0.1420284
vt -0.04951112 0.1817689
vt -0.05298476 0.1811122
vt -0.05126697 0.1720252
vt -0.04779333 0.1726818
vt -0.1534429 0.1093812
vt -0.1557243 0.1066808
vt -0.1486599 0.1007126
vt -0.1463785 0.103413
vt -0.1708462 0.07881605
vt -0.1725194 0.07570194
vt -0.1643729 0.0713248
vt -0.1626997 0.07443891
vt -0.1703299 0.07919781
vt -0.171886 0.07602354
vt -0.1635821 0.07195286
vt -0.162026 0.07512714
vt -0.1584987 0.1008716
vt -0.1603131 0.09783765
vt -0.1523762 0.09309102
vt -0.1505617 0.09612501
vt -0.1119869 0.1513523
vt -0.1146721 0.1490531
vt -0.1086572 0.1420284
vt -0.1059719 0.1443277
vt 0.05298486 0.1811122
vt 0.04951122 0.1817689
vt 0.04779342 0.1726818
vt 0.05126707 0.1720252
vt 0.1557243 0.1066807
vt 0.1534429 0.1093812
vt 0.1463785 0.103413
vt 0.1486599 0.1007126
vt 0.1725195 0.07570194
vt 0.1708462 0.07881604
vt 0.1626997 0.07443891
vt 0.1643729 0.07132479
vt 0.01080942 -0.01150406
vt 0.01369479 -0.0135466
vt 0.01721487 -0.0138728
vt 0.02042645 -0.01239526
vt 0.02246899 -0.00950988
vt 0.02279519 -0.005989802
vt 0.02131764 -0.002778223
vt 0.01843227 -0.0007356862
vt 0.01491219 -0.0004094868
vt 0.01170061 -0.001887028
vt 0.009658076 -0.004772405
vt 0.009331876 -0.008292483
vt -0.009331836 -0.008292494
vt -0.009658037 -0.004772416
vt -0.01170057 -0.001887039
vt -0.01491215 -0.0004094993
vt -0.01843223 -0.0007356998
vt -0.0213176 -0.002778237
vt -0.02279515 -0.005989815
vt -0.02246895 -0.009509893
vt -0.02042641 -0.01239527
vt -0.01721483 -0.01387281
vt -0.01369475 -0.01354661
vt -0.01080938 -0.01150407
vt 0.1695464 0.0742746
vt 0.1675144 0.07841964
vt 0.1645885 0.07698529
vt 0.1666204 0.07284026
vt 0.1581269 0.09590042
vt 0.1557575 0.09986226
vt 0.1529609 0.09818973
vt 0.1553303 0.09422789
vt 0.1132156 0.1465211
vt 0.1097091 0.1495235
vt 0.1075897 0.1470483
vt 0.1110962 0.1440459
vt -0.04844666 0.1790487
vt -0.05298261 0.1781912
vt -0.05237734 0.1749893
vt -0.04784139 0.1758467
vt -0.1509012 0.1079417
vt -0.1538803 0.1044154
vt -0.1513911 0.1023124
vt -0.148412 0.1058388
vt -0.1680616 0.07793356
vt -0.1702466 0.07386708
vt -0.1673761 0.07232475
vt -0.1651911 0.07639123
vt -0.1675144 0.07841965
vt -0.1695463 0.07427461
vt -0.1666204 0.07284027
vt -0.1645884 0.07698531
vt -0.1557575 0.09986223
vt -0.1581269 0.09590039
vt -0.1553302 0.09422787
vt -0.1529609 0.09818971
vt -0.1097091 0.1495235
vt -0.1132156 0.1465211
vt -0.1110962 0.1440459
vt -0.1075897 0.1470483
vt 0.05298272 0.1781912
vt 0.04844677 0.1790486
vt 0.04784149 0.1758467
vt 0.05237744 0.1749893
vt 0.1538803 0.1044154
vt 0.1509011 0.1079417
vt 0.1484119 0.1058388
vt 0.151391 0.1023124
vt 0.1702466 0.0738671
vt 0.1680616 0.07793356
vt 0.1651911 0.07639123
vt 0.1673761 0.07232477
vt 0.009202582 -0.01283838
vt 0.01297037 -0.01550557
vt 0.01756696 -0.01593153
vt 0.0217607 -0.01400213
vt 0.02442789 -0.01023434
vt 0.02485385 -0.005637753
vt 0.02292444 -0.001444007
vt 0.01915666 0.001223179
vt 0.01456007 0.001649136
vt 0.01036632 -0.0002802681
vt 0.007699137 -0.004048052
vt 0.00727318 -0.008644643
vt -0.007273205 -0.008644665
vt -0.007699163 -0.004048075
vt -0.01036635 -0.000280289
vt -0.01456009 0.001649115
vt -0.01915668 0.001223157
vt -0.02292447 -0.001444029
vt -0.02485387 -0.005637774
vt -0.02442791 -0.01023437
vt -0.02176073 -0.01400215
vt -0.01756698 -0.01593155
vt -0.0129704 -0.01550559
vt -0.009202608 -0.01283841
vt 0.1745138 0.07611649
vt 0.172013 0.08121808
vt 0.1696761 0.08007251
vt 0.1721769 0.07497093
vt 0.1629241 0.09814869
vt 0.160008 0.1030248
vt 0.1577744 0.101689
vt 0.1606905 0.09681289
vt 0.1170485 0.1501785
vt 0.1127329 0.1538738
vt 0.1110402 0.1518969
vt 0.1153558 0.1482016
vt -0.04890239 0.184327
vt -0.0544851 0.1832716
vt -0.05400168 0.1807143
vt -0.04841898 0.1817697
vt -0.154584 0.1117502
vt -0.1582506 0.1074101
vt -0.1562625 0.1057306
vt -0.1525959 0.1100707
vt -0.1724528 0.08089759
vt -0.175142 0.0758927
vt -0.1728494 0.07466088
vt -0.1701603 0.07966578
vt -0.172013 0.08121808
vt -0.1745138 0.07611649
vt -0.1721769 0.07497093
vt -0.1696761 0.08007251
vt -0.160008 0.1030248
vt -0.1629241 0.09814866
vt -0.1606905 0.09681287
vt -0.1577744 0.101689
vt -0.1127328 0.1538738
vt -0.1170485 0.1501785
vt -0.1153558 0.1482016
vt -0.1110401 0.151897
vt 0.05448506 0.1832716
vt 0.04890236 0.1843269
vt 0.04841894 0.1817697
vt 0.05400165 0.1807143
vt 0.1582505 0.1074102
vt 0.1545839 0.1117503
vt 0.1525958 0.1100707
vt 0.1562624 0.1057307
vt 0.175142 0.07589273
vt 0.1724528 0.08089761
vt 0.1701603 0.0796658
vt 0.1728494 0.07466091
vt 0.007619238 -0.01415312
vt 0.01225652 -0.01743581
vt 0.01791385 -0.01796006
vt 0.02307539 -0.01558542
vt 0.02635808 -0.01094814
vt 0.02688233 -0.005290799
vt 0.02450768 -0.000129268
vt 0.01987041 0.003153424
vt 0.01421307 0.00367768
vt 0.009051538 0.001303029
vt 0.005768845 -0.003334245
vt 0.00524459 -0.008991587
vt -0.005244635 -0.00899158
vt -0.005768889 -0.003334238
vt -0.00905158 0.001303038
vt -0.01421311 0.003677688
vt -0.01987045 0.003153434
vt -0.02450773 -0.0001292572
vt -0.02688238 -0.005290789
vt -0.02635812 -0.01094813
vt -0.02307543 -0.01558541
vt -0.0179139 -0.01796006
vt -0.01225656 -0.0174358
vt -0.007619284 -0.01415311
vt 0.1765502 0.07813518
vt 0.174856 0.08159132
vt 0.1724163 0.08039536
vt 0.1741106 0.07693924
vt 0.1647858 0.1003295
vt 0.1628102 0.1036329
vt 0.1604784 0.1022383
vt 0.162454 0.09893496
vt 0.1181199 0.1528381
vt 0.1151962 0.1553416
vt 0.1134291 0.1532778
vt 0.1163528 0.1507743
vt -0.05030753 0.1868265
vt -0.0540896 0.1861116
vt -0.05358491 0.1834418
vt -0.04980284 0.1841568
vt -0.1572508 0.1128038
vt -0.1597348 0.1098636
vt -0.1576593 0.1081101
vt -0.1551753 0.1110504
vt -0.17528 0.08137655
vt -0.1771017 0.07798592
vt -0.1747083 0.07669993
vt -0.1728865 0.08009055
vt -0.174856 0.0815913
vt -0.1765502 0.07813518
vt -0.1741106 0.07693923
vt -0.1724163 0.08039536
vt -0.1628102 0.1036329
vt -0.1647858 0.1003295
vt -0.1624539 0.09893496
vt -0.1604784 0.1022383
vt -0.1151962 0.1553416
vt -0.1181199 0.1528382
vt -0.1163528 0.1507743
vt -0.113429 0.1532778
vt 0.05408956 0.1861116
vt 0.05030749 0.1868265
vt 0.04980281 0.1841568
vt 0.05358488 0.1834418
vt 0.1597348 0.1098635
vt 0.1572508 0.1128038
vt 0.1551753 0.1110504
vt 0.1576593 0.1081101
vt 0.1771017 0.07798593
vt 0.1752799 0.08137655
vt 0.1728865 0.08009056
vt 0.1747083 0.07669994
vt 0.01034256 -0.0118913
vt 0.01348414 -0.01411521
vt 0.01731677 -0.01447037
vt 0.0208135 -0.01286164
vt 0.0230374 -0.009720067
vt 0.02339257 -0.005887435
vt 0.02178384 -0.002390694
vt 0.01864227 -0.0001667944
vt 0.01480964 0.0001883738
vt 0.0113129 -0.00142036
vt 0.009088995 -0.004561933
vt 0.008733829 -0.008394565
vt -0.008733851 -0.008394593
vt -0.009089017 -0.004561962
vt -0.01131292 -0.001420388
vt -0.01480966 0.0001883442
vt -0.01864229 -0.000166823
vt -0.02178386 -0.002390722
vt -0.02339259 -0.005887463
vt -0.02303743 -0.009720096
vt -0.02081353 -0.01286167
vt -0.01731679 -0.0144704
vt -0.01348416 -0.01411523
vt -0.01034258 -0.01189133
vt 0.09222461 0.1049293
vt 0.09555839 0.09656953
vt 0.1104202 0.1024962
vt 0.1070864 0.110856
vt -0.09564828 0.09714697
vt -0.1104619 0.103193
vt -0.1138297 0.09437875
vt -0.09896772 0.08845262
vt 0.04445772 0.05905544
vt 0.03633272 0.06011342
vt 0.03739 0.05086719
vt 0.04334362 0.05012485
vt -0.04432581 0.05916912
vt -0.04321197 0.0502385
vt -0.03725832 0.05098068
vt -0.0363031 0.06036798
vt 0.07496679 0.1064853
vt 0.08007132 0.121649
vt 0.07242821 0.1243659
vt 0.06724624 0.1092285
vt -0.07258447 0.1080939
vt -0.06684385 0.109839
vt -0.07149743 0.1251474
vt -0.07723806 0.1234023
vt -0.1376822 -0.01406274
vt -0.1343596 -0.007110698
vt -0.147537 -0.0008128476
vt -0.1508596 -0.007764897
vt 0.1376822 -0.01406272
vt 0.1508596 -0.007764896
vt 0.147537 -0.0008128526
vt 0.1343596 -0.007110679
vt 0.0298691 -0.06593256
vt 0.05548153 -0.05714295
vt 0.05298047 -0.04985495
vt 0.02736802 -0.05864456
vt -0.02986912 -0.06593255
vt -0.02736804 -0.05864455
vt -0.0305696 -0.05754588
vt -0.03307068 -0.06483389
vt 0.06335427 0.09997482
vt 0.07187288 0.1118382
vt 0.06912345 0.1138125
vt 0.06637401 0.1157868
vt 0.06087513 0.1197353
vt 0.05537625 0.1236838
vt 0.0526268 0.125658
vt 0.04987737 0.1276323
vt 0.04135878 0.1157689
vt -0.06335397 0.09997486
vt -0.04135843 0.1157688
vt -0.04987701 0.1276323
vt -0.05262645 0.1256581
vt -0.05537589 0.1236838
vt -0.06087479 0.1197353
vt -0.06637367 0.1157868
vt -0.06912311 0.1138125
vt -0.07187255 0.1118383
vt -0.08498043 -0.03772682
vt -0.08988765 -0.0331971
vt -0.09984096 -0.04045418
vt -0.09094121 -0.04406912
vt 0.1059831 -0.01274441
vt 0.1045414 -0.01421513
vt 0.1065985 -0.02113781
vt 0.1145513 -0.02124933
vt -0.009927578 -0.09230623
vt -0.01636866 -0.09095521
vt -0.0187697 -0.09924401
vt -0.0123857 -0.1032949
vt -0.01986494 -0.03678087
vt -0.01736384 -0.02949285
vt -0.02056539 -0.02839415
vt -0.02306649 -0.03568218
vt 0.04674798 -0.1081556
vt 0.04817848 -0.1166843
vt 0.05681578 -0.1183634
vt 0.05352182 -0.1075811
vt -0.1219013 -0.01551086
vt -0.1285084 -0.02128416
vt -0.1216816 -0.02576519
vt -0.1150744 -0.01999187
vt -0.0454768 -0.02799128
vt -0.04797789 -0.03527932
vt -0.04477634 -0.03637802
vt -0.04227526 -0.02908998
vt 0.1375693 0.02004337
vt 0.1342467 0.02699543
vt 0.1210693 0.02069758
vt 0.1243919 0.01374552
vt 0.04547722 -0.02799093
vt 0.04297614 -0.02070291
vt 0.0173637 -0.02949253
vt 0.01986478 -0.03678054
vt -0.1243919 0.0137455
vt -0.1210693 0.02069755
vt -0.1342467 0.0269954
vt -0.1375693 0.02004335
vt 0.04890911 -0.1062745
vt 0.05049705 -0.1149037
vt 0.05821184 -0.1153073
vt 0.0566239 -0.1066781
vt -0.1299279 -0.02700131
vt -0.1364188 -0.03068274
vt -0.1297286 -0.03725604
vt -0.12311 -0.03149598
vt -0.05047941 -0.04256691
vt -0.05298049 -0.04985494
vt -0.04977895 -0.05095366
vt -0.04727786 -0.04366563
vt 0.1442145 0.00613922
vt 0.1408919 0.01309128
vt 0.1277145 0.006793438
vt 0.131037 -0.0001586201
vt 0.05047937 -0.04256694
vt 0.0479783 -0.03527892
vt 0.02236585 -0.04406854
vt 0.02486693 -0.05135655
vt -0.131037 -0.0001586482
vt -0.1277145 0.006793417
vt -0.1408919 0.01309127
vt -0.1442145 0.006139204
vt -0.02486695 -0.05135654
vt -0.02236586 -0.04406852
vt -0.02556742 -0.04296983
vt -0.02806851 -0.05025785
vt -0.01486261 -0.02220444
vt -0.01236152 -0.01491641
vt -0.01556307 -0.01381771
vt -0.01806416 -0.02110574
vt -0.1177467 0.02764961
vt -0.1144242 0.03460167
vt -0.1276016 0.04089952
vt -0.1309241 0.03394745
vt 0.04047496 -0.01341513
vt 0.03797388 -0.006127107
vt 0.01236143 -0.01491672
vt 0.01486252 -0.02220474
vt 0.1309241 0.03394748
vt 0.1276016 0.04089954
vt 0.1144241 0.03460169
vt 0.1177467 0.02764964
vt -0.04047479 -0.01341561
vt -0.04297588 -0.02070365
vt -0.03977432 -0.02180235
vt -0.03727324 -0.01451431
vt -0.1141539 -0.003764897
vt -0.120761 -0.009538187
vt -0.1139341 -0.01401922
vt -0.107327 -0.008245928
vt 0.05029805 -0.07843797
vt 0.05188598 -0.08706719
vt 0.05960077 -0.08747079
vt 0.05801284 -0.07884158
vt -0.02736821 -0.05864494
vt -0.02486712 -0.05135693
vt -0.02806868 -0.05025824
vt -0.03056977 -0.05754627
vt 0.02656953 0.0304198
vt 0.02421075 0.02215131
vt 0.03038321 0.01987215
vt 0.03412902 0.03044129
vt -0.04214196 0.04315726
vt -0.04363362 0.03071152
vt -0.03720127 0.02888789
vt -0.03492367 0.03726353
vt -0.05298066 -0.04985532
vt -0.05548174 -0.05714332
vt -0.0522802 -0.05824205
vt -0.04977911 -0.05095404
vt 0.147537 -0.0008128586
vt 0.1442145 0.006139215
vt 0.131037 -0.0001586268
vt 0.1343596 -0.007110687
vt 0.05298061 -0.04985529
vt 0.05047952 -0.04256727
vt 0.02486708 -0.0513569
vt 0.02736817 -0.05864491
vt -0.1343596 -0.007110699
vt -0.131037 -0.0001586453
vt -0.1442145 0.006139208
vt -0.147537 -0.0008128498
vt -0.02236602 -0.04406891
vt -0.01986493 -0.03678088
vt -0.02306649 -0.03568219
vt -0.02556758 -0.04297022
vt 0.06957208 0.0169305
vt 0.06740279 0.00849217
vt 0.0750893 0.008284161
vt 0.07844102 0.0175708
vt -0.08486029 0.04436073
vt -0.08676242 0.03582559
vt -0.07955047 0.03199498
vt -0.07764833 0.0405301
vt -0.04797833 -0.0352789
vt -0.05047942 -0.04256691
vt -0.04727787 -0.04366563
vt -0.04477679 -0.03637761
vt 0.1408919 0.01309126
vt 0.1375693 0.02004333
vt 0.1243919 0.01374548
vt 0.1277145 0.006793418
vt 0.04797845 -0.03527926
vt 0.04547734 -0.02799123
vt 0.01986491 -0.03678085
vt 0.022366 -0.04406888
vt -0.1277145 0.006793411
vt -0.1243919 0.01374548
vt -0.1375693 0.02004333
vt -0.1408919 0.01309126
vt -0.01736369 -0.02949246
vt -0.0148626 -0.02220444
vt -0.01806416 -0.02110575
vt -0.02056524 -0.02839376
vt 0.04379869 0.0383519
vt 0.04147971 0.02996048
vt 0.0482937 0.0288149
vt 0.0514778 0.03815402
vt -0.07823582 0.05676584
vt -0.08013795 0.0482307
vt -0.07292598 0.04440006
vt -0.07102384 0.05293519
vt -0.04297517 -0.0207033
vt -0.04547622 -0.02799133
vt -0.04227468 -0.02909003
vt -0.03977362 -0.021802
vt 0.1342467 0.0269954
vt 0.1309242 0.03394746
vt 0.1177467 0.02764962
vt 0.1210693 0.02069755
vt 0.04297613 -0.02070304
vt 0.04047504 -0.01341502
vt 0.0148626 -0.02220463
vt 0.01736368 -0.02949266
vt -0.1210693 0.02069753
vt -0.1177467 0.0276496
vt -0.1309241 0.03394744
vt -0.1342467 0.02699537
vt -0.01236168 -0.01491681
vt -0.009860598 -0.00762879
vt -0.01306214 -0.006530082
vt -0.01556323 -0.0138181
vt 0.05742574 0.03618864
vt 0.05517179 0.02773958
vt 0.06289375 0.02751107
vt 0.06514769 0.03596012
vt -0.07219346 0.06622323
vt -0.07217609 0.05838346
vt -0.06497208 0.0545416
vt -0.06305344 0.06307138
vt -0.03797397 -0.006126801
vt -0.04047506 -0.01341482
vt -0.0372735 -0.01451352
vt -0.03477242 -0.007225496
vt 0.1276016 0.04089953
vt 0.124279 0.0478516
vt 0.1111016 0.04155375
vt 0.1144242 0.03460168
vt 0.03797387 -0.00612706
vt 0.03547277 0.001160962
vt 0.009860346 -0.007628637
vt 0.01236142 -0.01491667
vt -0.1144242 0.03460165
vt -0.1111016 0.04155371
vt -0.124279 0.04785155
vt -0.1276016 0.04089949
vt -0.1099379 0.02439968
vt -0.1170936 0.02962692
vt -0.1160478 0.01861208
vt -0.1137275 0.01814208
vt -0.1347392 0.005345241
vt -0.1393802 0.008192575
vt -0.1465663 0.003250007
vt -0.1386134 -0.001246017
vt -0.1252172 0.02883246
vt -0.1346328 0.03466749
vt -0.1338521 0.0248788
vt -0.1291223 0.02231186
vt -0.1300174 0.01412526
vt -0.1328706 0.01636722
vt -0.143539 0.01290418
vt -0.1338529 0.007709963
vt -0.1071981 0.04310156
vt -0.1147789 0.04803071
vt -0.1144649 0.03826768
vt -0.1110839 0.03664742
vt -0.1192426 0.0317103
vt -0.1238836 0.03455764
vt -0.1310697 0.02961507
vt -0.1231167 0.02511905
vt -0.1075988 0.05172494
vt -0.115407 0.05646782
vt -0.1162547 0.04781738
vt -0.1115062 0.04515338
vt -0.1087751 0.02710346
vt -0.1102416 0.02896699
vt -0.1205823 0.02489922
vt -0.1126689 0.02090868
vt 0.1349981 -0.03172586
vt 0.1422869 -0.02750979
vt 0.1368525 -0.02263004
vt 0.1323166 -0.02466616
vt 0.114489 -0.01608084
vt 0.1194566 -0.01491146
vt 0.1209378 -0.006352513
vt 0.1125207 -0.00869982
vt 0.1191752 -0.02600268
vt 0.1275803 -0.0236125
vt 0.1217918 -0.01709617
vt 0.1169457 -0.01869622
vt 0.1105525 -0.00131871
vt 0.11552 -0.0001493339
vt 0.1170013 0.008409618
vt 0.1085841 0.006062307
vt 0.1147165 -0.01138979
vt 0.1231216 -0.008999595
vt 0.1173331 -0.002483272
vt 0.112487 -0.004083344
vt 0.1142596 0.02606107
vt 0.1190592 0.02721643
vt 0.1200241 0.03482366
vt 0.1119475 0.03322592
vt -0.03227133 6.253904E-05
vt -0.03547288 0.001161232
vt -0.03797398 -0.00612679
vt -0.03477242 -0.007225485
vt 0.09610496 -0.01728657
vt 0.09816749 -0.01788503
vt 0.1019783 -0.006185358
vt 0.0948578 -0.01014723
vt -0.162674 0.1047542
vt -0.1609984 0.1068764
vt -0.1716904 0.1141997
vt 0.1436544 0.1265276
vt 0.1512679 0.1373513
vt 0.1416787 0.1283735
vt -0.01794753 -0.006818531
vt -0.01638526 -0.009025458
vt -0.01417833 -0.007463186
vt -0.01574061 -0.005256258
vt -0.1522636 0.1110893
vt -0.1632818 0.1180974
vt -0.1538011 0.1088651
vt 0.1673771 0.09731738
vt 0.1686778 0.09494683
vt 0.1789709 0.1031082
vt 0.08621012 0.1007254
vt 0.0893846 0.09940496
vt 0.09466641 0.1121029
vt 0.09149193 0.1134233
vt -0.08621008 0.1007255
vt -0.09149189 0.1134234
vt -0.09466636 0.1121029
vt -0.08938456 0.09940501
vt 0.05267644 0.06484286
vt 0.05180164 0.05976037
vt 0.05518997 0.05917717
vt 0.05606477 0.06425966
vt -0.0526765 0.06484292
vt -0.05606483 0.06425972
vt -0.05519003 0.05917722
vt -0.0518017 0.05976041
vt -0.08867837 0.1155224
vt -0.101386 0.1207807
vt -0.1033579 0.1160154
vt -0.09065025 0.110757
vt 0.08867838 0.1155224
vt 0.09065025 0.110757
vt 0.1033579 0.1160154
vt 0.101386 0.1207807
vt 0.04851373 0.1308049
vt 0.05251329 0.1308639
vt 0.05224802 0.1488597
vt 0.04824845 0.1488007
vt -0.04851364 0.130805
vt -0.04824835 0.1488008
vt -0.05224792 0.1488597
vt -0.05251321 0.1308639
vt 0.05017663 0.04077547
vt 0.05021501 0.03477558
vt 0.05421492 0.03480117
vt 0.05417655 0.04080104
vt -0.05017674 0.04077552
vt -0.05417666 0.04080111
vt -0.05421503 0.03480122
vt -0.05021511 0.03477564
vt -0.1032271 0.08888394
vt -0.1197378 0.09604739
vt -0.1221259 0.09054312
vt -0.1056152 0.08337967
vt 0.1032271 0.08888394
vt 0.1056152 0.08337968
vt 0.1221259 0.09054313
vt 0.1197378 0.09604739
vt -0.03779969 0.1330242
vt -0.03306451 0.1358221
vt -0.04425595 0.1547628
vt -0.04899113 0.1519649
vt 0.03779975 0.1330242
vt 0.04899119 0.1519649
vt 0.04425601 0.1547628
vt 0.03306457 0.1358221
vt 0.03318375 0.01157754
vt 0.03564227 0.00370237
vt 0.04089238 0.005341385
vt 0.03843385 0.01321655
vt -0.03318385 0.01157764
vt -0.03843395 0.01321665
vt -0.04089248 0.005341487
vt -0.03564237 0.003702471
vt -0.1177195 0.06351274
vt -0.1371713 0.0737902
vt -0.1410254 0.06649576
vt -0.1215736 0.0562183
vt 0.1177195 0.06351274
vt 0.1215736 0.0562183
vt 0.1410254 0.06649576
vt 0.1371714 0.07379021
vt 0.009361413 0.1390847
vt 0.01462598 0.1406767
vt 0.008258197 0.1617349
vt 0.002993628 0.160143
vt -0.009361338 0.1390847
vt -0.002993541 0.160143
vt -0.008258111 0.161735
vt -0.01462591 0.1406767
vt 0.04628063 0.02628883
vt 0.04731763 0.01810426
vt 0.052774 0.01879559
vt 0.051737 0.02698016
vt -0.04628073 0.02628892
vt -0.05173711 0.02698025
vt -0.05277411 0.01879568
vt -0.04731774 0.01810435
vt -0.1124585 0.06909023
vt -0.1327493 0.07759212
vt -0.1359375 0.06998305
vt -0.1156467 0.06148116
vt 0.1124585 0.06909022
vt 0.1156467 0.06148117
vt 0.1359375 0.06998306
vt 0.1327493 0.07759212
vt 0.007539269 0.1429466
vt 0.01263766 0.1450097
vt 0.004385191 0.1654033
vt -0.0007131946 0.1633402
vt -0.007539204 0.1429466
vt 0.0007132672 0.1633402
vt -0.004385118 0.1654033
vt -0.01263759 0.1450097
vt 0.05680238 0.02647067
vt 0.05827222 0.01835266
vt 0.06368423 0.01933255
vt 0.06221439 0.02745056
vt -0.05680249 0.02647077
vt -0.0622145 0.02745066
vt -0.06368434 0.01933265
vt -0.05827234 0.01835275
vt -0.1118669 0.06750184
vt -0.1319484 0.07648698
vt -0.1353179 0.06895641
vt -0.1152364 0.05997127
vt 0.1118669 0.06750184
vt 0.1152364 0.05997127
vt 0.1353179 0.06895642
vt 0.1319484 0.07648699
vt -0.09107715 0.09972732
vt -0.08881415 0.1047402
vt -0.1088656 0.1137921
vt -0.1111286 0.1087793
vt 0.09107716 0.09972731
vt 0.1111286 0.1087793
vt 0.1088656 0.1137921
vt 0.08881418 0.1047402
vt 0.05914201 0.0353415
vt 0.06689561 0.03252292
vt 0.06877466 0.03769198
vt 0.06102106 0.04051056
vt -0.05914201 0.03534162
vt -0.06102105 0.04051068
vt -0.06877466 0.03769211
vt -0.0668956 0.03252305
vt -0.1116862 0.06932576
vt -0.1254842 0.0864609
vt -0.1319099 0.08128662
vt -0.1181119 0.06415148
vt 0.1116862 0.06932575
vt 0.1181119 0.06415149
vt 0.1319099 0.08128663
vt 0.1254842 0.0864609
vt 0.01914493 0.1400044
vt 0.02424332 0.1420675
vt 0.01599085 0.1624611
vt 0.01089247 0.160398
vt -0.01914487 0.1400044
vt -0.01089239 0.160398
vt -0.01599077 0.1624611
vt -0.02424325 0.1420676
vt 0.06616079 0.0289735
vt 0.06763063 0.02085549
vt 0.07304264 0.02183538
vt 0.0715728 0.02995339
vt -0.06616089 0.0289736
vt -0.07157289 0.02995349
vt -0.07304274 0.02183548
vt -0.06763073 0.02085559
vt -0.1050787 0.06533603
vt -0.1251602 0.07432117
vt -0.1285297 0.06679061
vt -0.1084482 0.05780546
vt 0.1050787 0.06533603
vt 0.1084482 0.05780547
vt 0.1285297 0.06679061
vt 0.1251602 0.07432118
vt 0.04508874 0.1311925
vt 0.04908698 0.1310737
vt 0.04988867 0.1580589
vt 0.04589043 0.1581777
vt -0.0450886 0.1311926
vt -0.04589026 0.1581777
vt -0.0498885 0.158059
vt -0.04908684 0.1310738
vt 0.04158718 0.02977113
vt 0.04150451 0.02377169
vt 0.04550413 0.02371658
vt 0.0455868 0.02971601
vt -0.04158708 0.0297711
vt -0.04558671 0.02971598
vt -0.04550403 0.02371654
vt -0.04150441 0.02377166
vt -0.107406 0.08326942
vt -0.1318965 0.09462984
vt -0.1344213 0.08918692
vt -0.1099309 0.07782651
vt 0.107406 0.08326942
vt 0.1099309 0.07782651
vt 0.1344213 0.08918692
vt 0.1318965 0.09462984
vt -0.04493725 0.1275606
vt -0.04020206 0.1303585
vt -0.05139349 0.1492992
vt -0.05612867 0.1465014
vt 0.04493729 0.1275606
vt 0.05612872 0.1465013
vt 0.05139355 0.1492992
vt 0.04020211 0.1303585
vt 0.02467099 0.008898364
vt 0.02712952 0.001023197
vt 0.03237962 0.002662209
vt 0.0299211 0.01053738
vt -0.02467109 0.008898463
vt -0.0299212 0.01053748
vt -0.03237972 0.002662311
vt -0.02712962 0.001023296
vt -0.1167805 0.06299327
vt -0.1362323 0.07327072
vt -0.1400864 0.06597628
vt -0.1206346 0.05569882
vt 0.1167805 0.06299327
vt 0.1206346 0.05569883
vt 0.1400864 0.06597629
vt 0.1362323 0.07327073
vt 0.07712092 0.1078812
vt 0.08162712 0.1037547
vt 0.107142 0.1316176
vt 0.1026358 0.1357441
vt -0.08013523 0.1057741
vt -0.1037909 0.1293278
vt -0.1081814 0.1250784
vt -0.0845257 0.1015247
vt 0.01959172 -0.002833477
vt 0.01644363 0.003102687
vt 0.01104561 0.0002399876
vt 0.0141937 -0.005696175
vt -0.09770202 -0.05934249
vt -0.09383115 -0.06407007
vt -0.08786722 -0.0599845
vt -0.09173808 -0.05525691
vt 0.1195672 0.05613606
vt 0.1520896 0.07535885
vt 0.145381 0.07802876
vt 0.1161502 0.06191062
vt -0.1194518 0.05644429
vt -0.1160348 0.06221884
vt -0.1452657 0.07833699
vt -0.1519743 0.07566705
vt 0.05421569 0.1249954
vt 0.05820816 0.1247499
vt 0.05894507 0.1367384
vt 0.0549526 0.1369838
vt -0.05421571 0.1249953
vt -0.05495261 0.1369838
vt -0.05894508 0.1367383
vt -0.05820817 0.1247499
vt 0.04757977 0.0445024
vt 0.04742876 0.0385043
vt 0.0514275 0.03840363
vt 0.0515785 0.04440174
vt -0.04757983 0.04450239
vt -0.05157856 0.04440172
vt -0.05142756 0.03840362
vt -0.04742883 0.03850429
vt -0.1012149 0.09082291
vt -0.1123299 0.09537517
vt -0.1146039 0.08982281
vt -0.103489 0.08527054
vt 0.1012149 0.09082291
vt 0.103489 0.08527054
vt 0.1146039 0.08982281
vt 0.1123299 0.09537517
vt 0.06897646 0.1212117
vt 0.07290638 0.1204663
vt 0.07812346 0.1479699
vt 0.07419354 0.1487153
vt -0.06897642 0.1212118
vt -0.07419348 0.1487153
vt -0.07812341 0.1479699
vt -0.07290634 0.1204663
vt 0.0478599 0.02752953
vt 0.04731809 0.02155403
vt 0.05130176 0.02119283
vt 0.05184355 0.02716832
vt -0.04785999 0.02752962
vt -0.05184365 0.02716842
vt -0.05130185 0.02119293
vt -0.04731819 0.02155412
vt -0.1053545 0.08553787
vt -0.1306114 0.09761067
vt -0.133199 0.0921973
vt -0.1079421 0.0801245
vt 0.1053545 0.08553786
vt 0.1079421 0.0801245
vt 0.133199 0.0921973
vt 0.1306114 0.09761066
vt 0.04094211 0.07856633
vt 0.04507976 0.07943658
vt 0.04325753 0.08810045
vt 0.03911988 0.08723021
vt -0.09380336 0.114336
vt -0.09033548 0.122482
vt -0.09302296 0.123752
vt -0.09649082 0.115606
vt 0.01099437 0.1422779
vt 0.01192181 0.1440499
vt 0.00817572 0.1460105
vt 0.007248284 0.1442386
vt -0.01099445 0.1422779
vt -0.007248361 0.1442385
vt -0.008175803 0.1460105
vt -0.01192188 0.1440498
vt -0.09617026 0.1124236
vt -0.09286912 0.1206385
vt -0.09472488 0.1213843
vt -0.09802604 0.1131693
vt 0.09617028 0.1124236
vt 0.09802605 0.1131693
vt 0.09472489 0.1213843
vt 0.09286912 0.1206385
vt 0.04254527 0.08370852
vt 0.03974051 0.08322182
vt 0.04089818 0.0744444
vt 0.04370294 0.0749311
vt -0.002259301 0.1501073
vt -0.004934847 0.1510794
vt -0.006103296 0.1483463
vt 0.005889592 0.14788
vt 0.004721137 0.1506131
vt 0.002045591 0.149641
vt 0.1063666 0.08869693
vt 0.1079941 0.08753445
vt 0.1132252 0.09485806
vt 0.1115978 0.09602053
vt -0.1063666 0.08869696
vt -0.1115977 0.09602056
vt -0.1132252 0.0948581
vt -0.1079941 0.08753449
vt 0.06255855 0.07110151
vt 0.06188588 0.06921802
vt 0.06376936 0.06854536
vt 0.06444203 0.07042883
vt -0.06255856 0.0711015
vt -0.06444205 0.07042883
vt -0.06376937 0.06854536
vt -0.06188589 0.06921802
vt -0.08049846 0.1386362
vt -0.08854832 0.1426611
vt -0.08944274 0.1408723
vt -0.08139289 0.1368474
vt 0.08049844 0.1386362
vt 0.08139287 0.1368473
vt 0.08944272 0.1408723
vt 0.0885483 0.1426611
vt 0.1049716 0.08846442
vt 0.1065991 0.08730195
vt 0.1118302 0.09462555
vt 0.1102028 0.09578802
vt -0.1049716 0.08846445
vt -0.1102028 0.09578806
vt -0.1118302 0.09462558
vt -0.1065991 0.08730198
vt 0.05858979 0.06296217
vt 0.05791711 0.06107869
vt 0.0598006 0.06040602
vt 0.06047327 0.0622895
vt -0.0585898 0.06296217
vt -0.06047327 0.0622895
vt -0.05980061 0.06040601
vt -0.05791713 0.06107869
vt -0.08362895 0.1301391
vt -0.0916788 0.1341641
vt -0.09257323 0.1323752
vt -0.08452337 0.1283503
vt 0.08362893 0.1301391
vt 0.08452336 0.1283503
vt 0.09257321 0.1323752
vt 0.09167878 0.1341641
vt 0.111249 0.08520949
vt 0.1128765 0.08404701
vt 0.1181076 0.09137062
vt 0.1164801 0.0925331
vt -0.111249 0.08520953
vt -0.1164801 0.09253313
vt -0.1181076 0.09137066
vt -0.1128764 0.08404706
vt 0.068209 0.0690835
vt 0.06753632 0.06720001
vt 0.06941981 0.06652734
vt 0.07009248 0.06841082
vt -0.06820901 0.06908349
vt -0.07009249 0.06841082
vt -0.06941982 0.06652734
vt -0.06753634 0.06720001
vt -0.08049846 0.1386362
vt -0.0885483 0.1426611
vt -0.08944273 0.1408723
vt -0.08139288 0.1368473
vt 0.08049843 0.1386362
vt 0.08139286 0.1368473
vt 0.08944272 0.1408723
vt 0.08854829 0.1426611
vt 0.1104353 0.08579074
vt 0.1120627 0.08462827
vt 0.1172939 0.09195186
vt 0.1156664 0.09311434
vt -0.1104352 0.08579078
vt -0.1156664 0.09311438
vt -0.1172939 0.09195191
vt -0.1120627 0.0846283
vt 0.06424023 0.06094415
vt 0.06356756 0.05906067
vt 0.06545104 0.058388
vt 0.06612371 0.06027148
vt -0.06424024 0.06094415
vt -0.06612372 0.06027148
vt -0.06545105 0.05838799
vt -0.06356756 0.05906067
vt -0.08452339 0.1305864
vt -0.09257323 0.1346113
vt -0.09346766 0.1328224
vt -0.08541781 0.1287975
vt 0.08452336 0.1305864
vt 0.08541779 0.1287975
vt 0.09346764 0.1328224
vt 0.09257321 0.1346113
vt 0.1208152 0.07111686
vt 0.1171436 0.078366
vt 0.1098963 0.07469535
vt 0.113568 0.0674462
vt 0.1038404 0.0971515
vt 0.1027014 0.09891886
vt 0.0958728 0.09451813
vt 0.0970118 0.09275076
vt 0.04551912 0.1363482
vt 0.04373065 0.1374538
vt 0.03945911 0.1305437
vt 0.04124757 0.1294381
vt -0.1013566 0.1010142
vt -0.1128169 0.09357613
vt -0.1083942 0.08676179
vt -0.0969339 0.09419992
vt -0.1331956 0.05328404
vt -0.1343886 0.05155267
vt -0.1276991 0.04694331
vt -0.1265061 0.04867468
vt -0.1307012 0.05127648
vt -0.1316294 0.04938984
vt -0.1243399 0.04580374
vt -0.1234118 0.04769039
vt -0.1163371 0.07995823
vt -0.1200088 0.07270908
vt -0.1127616 0.06903843
vt -0.1090899 0.07628758
vt -0.1032201 0.098114
vt -0.1043591 0.09634665
vt -0.09753051 0.09194592
vt -0.09639152 0.09371328
vt -0.03914266 0.1402899
vt -0.04093112 0.1391844
vt -0.03665957 0.1322743
vt -0.0348711 0.1333798
vt 0.1127496 0.09361985
vt 0.1012893 0.101058
vt 0.09686656 0.09424363
vt 0.1083269 0.08680551
vt 0.1294996 0.05864804
vt 0.1283066 0.06037941
vt 0.1216171 0.05577003
vt 0.1228101 0.05403866
vt 0.1306597 0.05136076
vt 0.1297316 0.05324739
vt 0.1224422 0.0496613
vt 0.1233703 0.04777465
vt 0.0283288 -0.003500797
vt 0.02986441 -0.004937042
vt 0.0428738 -0.009110726
vt 0.04488542 -0.00849897
vt 0.04632166 -0.006963366
vt 0.04932312 0.000587954
vt 0.04871137 0.00259958
vt 0.04717577 0.004035823
vt 0.03416637 0.008209504
vt 0.03215474 0.007597752
vt 0.0307185 0.006062145
vt 0.02771704 -0.001489173
vt -0.02771709 -0.001489138
vt -0.03071854 0.006062178
vt -0.03215479 0.007597788
vt -0.03416641 0.00820954
vt -0.0471758 0.004035861
vt -0.0487114 0.002599616
vt -0.04932316 0.0005879903
vt -0.04632171 -0.006963328
vt -0.04488546 -0.008498935
vt -0.04287384 -0.009110691
vt -0.02986445 -0.004937007
vt -0.02832884 -0.003500764
vt 0.1355111 0.05187798
vt 0.133973 0.06030694
vt 0.1292886 0.0600835
vt 0.1311031 0.05060612
vt 0.1339138 0.04937058
vt 0.1349325 0.05169967
vt 0.1290961 0.05157568
vt 0.1292328 0.0490827
vt 0.1327368 -0.01146135
vt 0.132562 -0.008998535
vt 0.1279376 -0.007976873
vt 0.1270273 -0.01028229
vt -0.1315425 -0.009046081
vt -0.132806 -0.01512551
vt -0.1340695 -0.02120495
vt -0.1302636 -0.02399768
vt -0.1268937 -0.008129424
vt -0.1007561 -0.02124931
vt -0.102728 -0.02446713
vt -0.09602256 -0.0248313
vt -0.09616716 -0.02235354
vt -0.09297875 0.02170225
vt -0.09166433 0.01934876
vt -0.08661375 0.01923628
vt -0.08626079 0.0217003
vt -0.08100945 0.08125558
vt -0.08419037 0.07493034
vt -0.08021604 0.07251392
vt -0.0759604 0.08117098
vt -0.04515424 0.1085716
vt -0.04753399 0.1082425
vt -0.0430832 0.1039195
vt -0.04143066 0.1057807
vt 0.004714133 0.1321575
vt 0.004107461 0.1302838
vt 0.00592065 0.1261189
vt 0.008238442 0.1270471
vt 0.09782473 0.1124613
vt 0.09135298 0.1150658
vt 0.08488121 0.1176703
vt 0.08246495 0.1141697
vt 0.09744503 0.1079504
vt 0.1259908 0.07576174
vt 0.1259407 0.07802505
vt 0.120892 0.07523812
vt 0.1224884 0.07332098
vt 0.1342461 0.06207149
vt 0.1324181 0.06305537
vt 0.1279811 0.06189026
vt 0.1290243 0.05962296
vt 0.05745944 -0.06688382
vt 0.06678065 -0.06231344
vt 0.05616946 -0.06525578
vt 0.1214017 0.07093889
vt 0.1180888 0.08000194
vt 0.1143903 0.07864995
vt 0.1177032 0.06958689
vt 0.04479105 0.01056945
vt 0.05157038 0.008913107
vt 0.04691074 0.01713212
vt -0.02462575 -0.01204655
vt -0.02668465 -0.003278462
vt -0.02916403 -0.003476571
vt 0.04860751 0.01676179
vt 0.05070028 0.0233331
vt 0.04468223 0.024868
vt 0.07779707 0.06440622
vt 0.07167822 0.07192953
vt 0.06971331 0.07031645
vt 0.04543515 0.01751735
vt 0.03757801 0.02372569
vt 0.03457438 0.01570119
vt 0.03801202 0.01222573
vt 0.04479135 0.01056939
vt 0.04691105 0.01713206
vt 9.278706E-05 0.08366252
vt 0.001125595 0.08164543
vt 0.01010691 0.08639945
vt -0.01782143 -0.05515035
vt -0.01542735 -0.05486924
vt -0.02109788 -0.04657589
vt 0.1211788 0.05992036
vt 0.1225058 0.06137576
vt 0.1159193 0.06776907
vt 0.05697818 0.01080899
vt 0.05980533 0.01730461
vt 0.04929838 0.01728627
vt 0.05671868 0.02179812
vt 0.05070061 0.02333303
vt 0.04860784 0.01676172
vt 0.05964803 0.1047519
vt 0.05852057 0.1072082
vt 0.04914107 0.1047331
vt 0.09452597 -0.0196339
vt 0.09255026 -0.01640697
vt 0.08529355 -0.0226111
vt 0.1080273 0.09628168
vt 0.106984 0.09855007
vt 0.1034064 0.09690445
vt 0.1044498 0.09463608
vt 0.05940037 0.1329742
vt 0.05755189 0.1346526
vt 0.05490475 0.1317372
vt 0.05675324 0.1300587
vt -0.1140479 0.08508104
vt -0.1265104 0.07469298
vt -0.1239889 0.07166817
vt -0.1115265 0.08205624
vt -0.1364063 0.0372643
vt -0.1375459 0.03504272
vt -0.134042 0.03324547
vt -0.1329024 0.03546704
vt -0.130322 0.0465287
vt -0.1311684 0.04417972
vt -0.1274636 0.04284484
vt -0.1266173 0.04519383
vt -0.1173618 0.08199278
vt -0.1206748 0.07292973
vt -0.1169762 0.07157774
vt -0.1136633 0.08064078
vt -0.1074597 0.09751721
vt -0.1085031 0.09524883
vt -0.1049255 0.09360323
vt -0.1038822 0.0958716
vt -0.05280989 0.1389588
vt -0.05465838 0.1372803
vt -0.05201126 0.1343649
vt -0.05016276 0.1360433
vt 0.1264372 0.0747539
vt 0.1139747 0.08514196
vt 0.1114533 0.08211716
vt 0.1239158 0.07172911
vt 0.1328754 0.04414671
vt 0.1317358 0.0463683
vt 0.128232 0.04457105
vt 0.1293716 0.04234945
vt 0.1302835 0.04663339
vt 0.1294371 0.04898237
vt 0.1257324 0.04764749
vt 0.1265788 0.04529852
vt -0.03470141 0.013672
vt -0.03807689 0.02271193
vt -0.03974383 0.02457082
vt -0.04211687 0.02534719
vt -0.05766603 0.02071587
vt -0.0595249 0.01904893
vt -0.06030128 0.01667588
vt -0.05692581 0.007635946
vt -0.05525888 0.005777064
vt -0.05288583 0.005000688
vt -0.03733667 0.009632004
vt -0.03547779 0.01129895
vt 0.02358571 0.1323128
vt 0.02952516 0.1314626
vt 0.03037541 0.137402
vt 0.02443596 0.1382523
vt -0.02358571 0.1323128
vt -0.02443596 0.1382523
vt -0.03037541 0.137402
vt -0.02952516 0.1314626
vt 0.01082929 0.09266393
vt 0.01042738 0.0866774
vt 0.01641391 0.0862755
vt 0.01681582 0.09226201
vt -0.05949478 0.1063547
vt -0.06373648 0.1041369
vt -0.0606297 0.100463
vt -0.08204541 0.141397
vt -0.08747768 0.1439447
vt -0.09002531 0.1385124
vt -0.08459303 0.1359648
vt 0.08204541 0.141397
vt 0.08459304 0.1359648
vt 0.09002531 0.1385124
vt 0.08747769 0.1439447
vt -0.004504565 -0.001062935
vt -0.01046347 -0.001763999
vt -0.00723564 -0.004993843
vt 0.03981758 0.110918
vt 0.04167198 0.1052118
vt 0.04402896 0.1091531
vt -0.01717607 0.1528994
vt -0.01977727 0.1491149
vt -0.01378856 0.1494827
vt -0.01322015 0.08685853
vt -0.009988395 0.0872024
vt -0.01032152 0.09033312
vt -0.01355328 0.08998923
vt 0.03234658 0.1327937
vt 0.03359726 0.1386619
vt 0.03041865 0.1393394
vt 0.02882935 0.1396781
vt 0.02724004 0.1400168
vt 0.02565074 0.1403556
vt 0.02406144 0.1406943
vt 0.02088283 0.1413717
vt 0.01963214 0.1355035
vt -0.01322015 0.08685861
vt -0.01269794 0.08195089
vt 0.0002290839 0.08332639
vt -0.000280793 0.08811823
vt -0.003512548 0.08777435
vt -0.005140757 0.0877183
vt -0.00675664 0.08754636
vt -0.008372517 0.08737443
vt -0.009988391 0.08720248
vt 0.01322016 0.08685873
vt 0.009988395 0.08720262
vt 0.009466195 0.0822949
vt 0.01269795 0.08195101
vt -0.08302744 0.1395521
vt -0.0883956 0.1422322
vt -0.09060015 0.1378165
vt -0.08523198 0.1351364
vt 0.08307949 0.1394478
vt 0.08523198 0.1351364
vt 0.09060015 0.1378165
vt 0.08844766 0.1421279
vt -0.02598951 0.1341486
vt -0.0244002 0.1344873
vt -0.02565088 0.1403555
vt -0.0272402 0.1400168
vt -0.009988346 0.08720239
vt -0.008372473 0.08737433
vt -0.008705598 0.09050504
vt -0.01032147 0.0903331
vt -0.005140874 0.08771821
vt -0.003512665 0.08777426
vt -0.003621405 0.09093338
vt -0.005249614 0.09087733
vt -0.02757835 0.13381
vt -0.02598904 0.1341487
vt -0.0272397 0.1400169
vt -0.02882901 0.1396782
vt 0.006756654 0.08754648
vt 0.005140769 0.08771842
vt 0.004618567 0.08281071
vt 0.006234443 0.08263877
vt 0.003512533 0.0877744
vt 0.0002807748 0.08811828
vt -0.0002291006 0.08332644
vt 0.003002656 0.08298258
vt 0.005140814 0.08771838
vt 0.003512611 0.08777443
vt 0.003002736 0.0829826
vt 0.004618614 0.08281066
vt 0.009988366 0.08720262
vt 0.008372499 0.08737455
vt 0.007850285 0.08246683
vt 0.009466163 0.0822949
vt 0.008372529 0.08737456
vt 0.006756648 0.0875465
vt 0.006234437 0.08263879
vt 0.007850317 0.08246684
vt 0.08302744 0.1395521
vt 0.08839561 0.1422322
vt 0.08698929 0.145049
vt 0.08162113 0.1423689
vt 0.008372465 0.08737434
vt 0.009988332 0.08720239
vt 0.01032146 0.0903331
vt 0.00870559 0.09050505
vt -0.0883956 0.1422322
vt -0.08302743 0.1395521
vt -0.08162111 0.1423689
vt -0.08698927 0.145049
vt -0.02916808 0.1334712
vt -0.02757878 0.1338099
vt -0.02882947 0.1396781
vt -0.03041877 0.1393394
vt 0.08302743 0.1395521
vt 0.08839559 0.1422322
vt 0.08698927 0.145049
vt 0.0816211 0.1423689
vt 0.009988403 0.0872024
vt 0.01322017 0.08685853
vt 0.01355329 0.08998924
vt 0.01032153 0.09033312
vt -0.0883956 0.1422322
vt -0.08302744 0.1395521
vt -0.08162112 0.1423689
vt -0.08698928 0.145049
vt -0.03234649 0.1327938
vt -0.02916788 0.1334712
vt -0.03041856 0.1393394
vt -0.03359718 0.138662
vt -0.003512535 0.08777426
vt -0.0002807794 0.08811814
vt -0.000613907 0.09124885
vt -0.003845662 0.09090497
vt 0.08327512 0.1394507
vt 0.08864866 0.1421199
vt 0.0872424 0.1449509
vt 0.08186886 0.1422816
vt 0.003512638 0.08777426
vt 0.005140841 0.08771821
vt 0.005249583 0.09087733
vt 0.00362138 0.09093338
vt -0.08864866 0.1421199
vt -0.08327512 0.1394507
vt -0.08186886 0.1422816
vt -0.0872424 0.1449509
vt -0.01155954 0.1361459
vt -0.009934268 0.1362585
vt -0.01034906 0.1422442
vt -0.01197433 0.1421315
vt 0.08307949 0.1394478
vt 0.08844765 0.1421279
vt 0.08704133 0.1449448
vt 0.08167317 0.1422647
vt 0.0002807832 0.08811814
vt 0.003512541 0.08777426
vt 0.003845669 0.09090497
vt 0.0006139107 0.09124885
vt -0.08844766 0.1421279
vt -0.08307949 0.1394478
vt -0.08167318 0.1422647
vt -0.08704133 0.1449447
vt -0.02281083 0.1348261
vt -0.01963222 0.1355035
vt -0.02088291 0.1413717
vt -0.02406152 0.1406943
vt -0.02116558 0.06835211
vt -0.0235976 0.06619623
vt -0.02150913 0.06384026
vt -0.01907711 0.06599613
vt -0.09747518 0.09203349
vt -0.1026374 0.09509151
vt -0.1042938 0.09229531
vt -0.105122 0.09089722
vt -0.1059503 0.08949911
vt -0.1067785 0.08810101
vt -0.1076067 0.08670291
vt -0.1092631 0.08390671
vt -0.1041009 0.08084868
vt -0.02116554 0.06835204
vt -0.02443944 0.07204528
vt -0.03416751 0.06342179
vt -0.03097093 0.05981576
vt -0.02853891 0.06197163
vt -0.02724559 0.06296235
vt -0.02602958 0.0640403
vt -0.02481357 0.06511824
vt -0.02359757 0.06619617
vt 0.02116548 0.06835194
vt 0.0235975 0.06619607
vt 0.02687139 0.06988931
vt 0.02443937 0.07204519
vt 0.08547134 0.1185134
vt 0.09078346 0.1213029
vt 0.08848888 0.1256725
vt 0.08317677 0.122883
vt -0.08541717 0.1186166
vt -0.08317677 0.122883
vt -0.08848889 0.1256725
vt -0.09072928 0.1214061
vt 0.100788 0.08644109
vt 0.1016163 0.08504299
vt 0.1067785 0.08810101
vt 0.1059503 0.08949912
vt -0.02359765 0.0661962
vt -0.02481366 0.06511827
vt -0.02272519 0.06276229
vt -0.02150919 0.06384022
vt -0.02724553 0.06296252
vt -0.02853885 0.06197179
vt -0.02661661 0.05946244
vt -0.02532329 0.06045317
vt 0.09995981 0.08783916
vt 0.100788 0.08644105
vt 0.1059503 0.08949908
vt 0.105122 0.09089718
vt 0.02602951 0.0640402
vt 0.02724553 0.06296226
vt 0.03051941 0.0666555
vt 0.0293034 0.06773344
vt 0.0285389 0.06197158
vt 0.03097092 0.0598157
vt 0.0341675 0.06342173
vt 0.03173548 0.06557761
vt 0.02724551 0.06296233
vt 0.02853882 0.0619716
vt 0.0317354 0.06557764
vt 0.03051939 0.06665558
vt 0.02359753 0.06619604
vt 0.02481353 0.0651181
vt 0.02808743 0.06881135
vt 0.02687142 0.06988928
vt 0.0248135 0.06511812
vt 0.02602951 0.06404019
vt 0.0293034 0.06773342
vt 0.0280874 0.06881137
vt -0.08547135 0.1185134
vt -0.09078347 0.1213029
vt -0.09224722 0.1185155
vt -0.0869351 0.115726
vt 0.02481367 0.06511826
vt 0.02359766 0.06619619
vt 0.0215092 0.06384021
vt 0.02272519 0.06276228
vt 0.09078351 0.1213028
vt 0.08547139 0.1185133
vt 0.08693514 0.1157259
vt 0.09224726 0.1185154
vt 0.09913163 0.08923728
vt 0.09995984 0.08783919
vt 0.1051221 0.09089721
vt 0.1042939 0.0922953
vt -0.08547137 0.1185133
vt -0.09078349 0.1213029
vt -0.09224723 0.1185154
vt -0.08693512 0.1157259
vt 0.02359759 0.06619624
vt 0.02116557 0.06835212
vt 0.0190771 0.06599614
vt 0.02150913 0.06384026
vt 0.09078342 0.1213029
vt 0.0854713 0.1185134
vt 0.08693505 0.115726
vt 0.09224717 0.1185155
vt 0.09747519 0.09203348
vt 0.09913161 0.08923728
vt 0.1042938 0.0922953
vt 0.1026374 0.09509151
vt -0.02853897 0.06197169
vt -0.03097099 0.05981582
vt -0.02888251 0.05745984
vt -0.0264505 0.05961571
vt -0.08767512 0.1176576
vt -0.0930524 0.1203194
vt -0.09445469 0.1174864
vt -0.08907743 0.1148247
vt 0.02853887 0.06197177
vt 0.02724556 0.06296249
vt 0.02532332 0.06045314
vt 0.02661663 0.05946242
vt 0.09305246 0.1203193
vt 0.08767518 0.1176576
vt 0.08907748 0.1148246
vt 0.09445475 0.1174864
vt 0.1007937 0.08496664
vt 0.101678 0.0835983
vt 0.1067174 0.08685471
vt 0.1058332 0.08822306
vt -0.08541716 0.1186166
vt -0.09072928 0.1214061
vt -0.09219302 0.1186186
vt -0.08688091 0.1158291
vt 0.03097098 0.05981582
vt 0.02853896 0.06197169
vt 0.02645049 0.05961572
vt 0.02888251 0.05745984
vt 0.09072925 0.1214061
vt 0.08541714 0.1186166
vt 0.08688088 0.1158292
vt 0.092193 0.1186187
vt 0.1024445 0.08364487
vt 0.1041009 0.08084866
vt 0.1092631 0.08390669
vt 0.1076067 0.08670289
vt -0.06604397 0.05536966
vt -0.06307393 0.0570083
vt -0.06466135 0.05988548
vt -0.06763138 0.05824683
vt 0.1152576 0.07195519
vt 0.1196703 0.07639865
vt 0.1172635 0.07878888
vt 0.11606 0.07998399
vt 0.1148566 0.0811791
vt 0.1136532 0.08237422
vt 0.1124497 0.08356933
vt 0.1100428 0.08595956
vt 0.1056301 0.0815161
vt -0.06604399 0.05536973
vt -0.06355555 0.05085947
vt -0.05167543 0.05741405
vt -0.0541051 0.06181781
vt -0.05707513 0.06017916
vt -0.05861891 0.05946635
vt -0.06010393 0.05864702
vt -0.06158894 0.0578277
vt -0.06307396 0.05700838
vt 0.06604405 0.05536986
vt 0.06307401 0.0570085
vt 0.06058558 0.05249824
vt 0.06355561 0.05085959
vt -0.07658722 0.1345069
vt -0.08206142 0.1375482
vt -0.0845631 0.1330452
vt -0.07908888 0.1300039
vt 0.07664628 0.1344005
vt 0.07908889 0.1300039
vt 0.0845631 0.1330452
vt 0.08212049 0.1374418
vt -0.1104439 0.07673558
vt -0.1092404 0.0779307
vt -0.1136532 0.08237417
vt -0.1148566 0.08117905
vt -0.06307389 0.0570083
vt -0.06158888 0.05782762
vt -0.06317629 0.06070479
vt -0.0646613 0.05988547
vt -0.05861904 0.05946621
vt -0.05707526 0.06017902
vt -0.05845829 0.06317432
vt -0.06000207 0.06246151
vt -0.1116473 0.07554062
vt -0.1104439 0.07673572
vt -0.1148566 0.08117919
vt -0.11606 0.07998408
vt 0.06010398 0.05864715
vt 0.05861895 0.05946647
vt 0.05613054 0.05495621
vt 0.05761555 0.05413689
vt 0.05707514 0.06017922
vt 0.0541051 0.06181787
vt 0.05167544 0.0574141
vt 0.05464547 0.05577546
vt 0.05861899 0.05946642
vt 0.05707522 0.06017923
vt 0.05464555 0.05577547
vt 0.05613057 0.05495616
vt 0.06307399 0.05700852
vt 0.06158898 0.05782784
vt 0.05910055 0.05331758
vt 0.06058557 0.05249826
vt 0.06158901 0.05782785
vt 0.06010399 0.05864716
vt 0.05761556 0.05413691
vt 0.05910058 0.05331758
vt 0.07658724 0.1345069
vt 0.08206145 0.1375482
vt 0.08046558 0.1404206
vt 0.07499137 0.1373793
vt 0.06158886 0.05782763
vt 0.06307387 0.05700831
vt 0.06466128 0.05988548
vt 0.06317627 0.0607048
vt -0.08206137 0.1375482
vt -0.07658716 0.1345069
vt -0.07499129 0.1373794
vt -0.08046551 0.1404207
vt -0.1128508 0.07434537
vt -0.1116473 0.07554049
vt -0.1160601 0.07998395
vt -0.1172635 0.07878883
vt 0.07658713 0.1345069
vt 0.08206134 0.1375482
vt 0.08046547 0.1404207
vt 0.07499126 0.1373794
vt 0.06307395 0.05700831
vt 0.06604399 0.05536967
vt 0.0676314 0.05824684
vt 0.06466136 0.05988548
vt -0.08206134 0.1375482
vt -0.07658713 0.1345069
vt -0.07499127 0.1373794
vt -0.08046547 0.1404207
vt -0.1152576 0.07195522
vt -0.1128507 0.07434545
vt -0.1172635 0.07878892
vt -0.1196704 0.07639868
vt -0.05707509 0.06017907
vt -0.05410506 0.06181772
vt -0.05569247 0.06469489
vt -0.0586625 0.06305625
vt 0.07948853 0.1317178
vt 0.08500844 0.1346753
vt 0.08345033 0.1375834
vt 0.07793041 0.1346258
vt 0.05707523 0.06017904
vt 0.05861899 0.05946622
vt 0.06000203 0.06246153
vt 0.05845826 0.06317434
vt -0.08500839 0.1346754
vt -0.07948847 0.1317178
vt -0.07793035 0.1346259
vt -0.08345026 0.1375834
vt -0.1077801 0.08173014
vt -0.106492 0.08284019
vt -0.1105801 0.087584
vt -0.1118682 0.08647396
vt 0.07664623 0.1344006
vt 0.08212045 0.1374419
vt 0.08052458 0.1403144
vt 0.07505037 0.137273
vt 0.05410507 0.06181772
vt 0.05707511 0.06017907
vt 0.05866252 0.06305625
vt 0.05569249 0.06469489
vt -0.08212047 0.1374418
vt -0.07664627 0.1344005
vt -0.0750504 0.137273
vt -0.08052461 0.1403143
vt -0.108037 0.07912586
vt -0.1056301 0.08151609
vt -0.1100429 0.08595955
vt -0.1124497 0.08356933
vt -0.08809514 0.108858
vt -0.08512742 0.1115405
vt -0.08915074 0.1159916
vt -0.09211846 0.1133092
vt 0.08809517 0.108858
vt 0.09211849 0.1133091
vt 0.08915078 0.1159916
vt 0.08512745 0.1115404
vt -0.03260704 0.07116492
vt -0.02958727 0.06598023
vt -0.0261305 0.0679936
vt -0.02267372 0.07000696
vt -0.01921694 0.07202031
vt -0.01576016 0.07403369
vt -0.01877993 0.07921837
vt -0.0222367 0.07720502
vt -0.02569348 0.07519165
vt -0.02915027 0.07317828
vt 0.03260709 0.07116504
vt 0.02915032 0.0731784
vt 0.02613056 0.06799372
vt 0.02958733 0.06598035
vt -0.07534219 0.1412278
vt -0.08038577 0.1444777
vt -0.08363574 0.1394341
vt -0.07859217 0.1361842
vt 0.07534219 0.1412278
vt 0.07859217 0.1361842
vt 0.08363573 0.1394341
vt 0.08038577 0.1444777
vt -0.02569383 0.07519197
vt -0.02223705 0.07720532
vt -0.02294504 0.07842088
vt -0.02640181 0.07640753
vt 0.02223657 0.07720493
vt 0.01877979 0.0792183
vt 0.01576002 0.07403361
vt 0.0192168 0.07202025
vt -0.02915014 0.07317741
vt -0.02569337 0.07519078
vt -0.02640136 0.07640633
vt -0.02985813 0.07439297
vt -0.02569314 0.07519105
vt -0.02223636 0.07720442
vt -0.02294435 0.07841998
vt -0.02640113 0.07640661
vt -0.0291499 0.07317764
vt -0.02569312 0.07519101
vt -0.02640111 0.07640657
vt -0.02985789 0.0743932
vt -0.07919198 0.1169054
vt -0.07622425 0.1195879
vt -0.08024757 0.124039
vt -0.08321529 0.1213566
vt 0.08618295 0.1186742
vt 0.08321523 0.1213566
vt 0.07919192 0.1169055
vt 0.08215964 0.114223
vt 0.0891507 0.1159916
vt 0.08618297 0.1186741
vt 0.08215965 0.1142229
vt 0.08512738 0.1115405
vt 0.08321533 0.1213566
vt 0.0802476 0.124039
vt 0.07622428 0.1195879
vt 0.07919201 0.1169054
vt 0.08038562 0.1444778
vt 0.08363561 0.1394342
vt 0.08708705 0.1416583
vt 0.08383706 0.1467019
vt 0.08321519 0.1213568
vt 0.08618292 0.1186743
vt 0.08893616 0.1217204
vt 0.08596844 0.1244028
vt -0.08363563 0.1394342
vt -0.08038565 0.1444778
vt -0.08383709 0.1467018
vt -0.08708706 0.1416583
vt -0.08893627 0.1217201
vt -0.08596855 0.1244026
vt -0.08730438 0.1258805
vt -0.0902721 0.123198
vt 0.08038571 0.1444778
vt 0.08363568 0.1394342
vt 0.08708712 0.1416582
vt 0.08383716 0.1467018
vt 0.08618296 0.1186742
vt 0.08915068 0.1159917
vt 0.09190393 0.1190378
vt 0.08893621 0.1217202
vt -0.08363572 0.1394342
vt -0.08038576 0.1444778
vt -0.0838372 0.1467018
vt -0.08708717 0.1416582
vt -0.09190391 0.1190379
vt -0.08893618 0.1217204
vt -0.09027201 0.1231983
vt -0.09323974 0.1205158
vt 0.08038568 0.1444778
vt 0.08383712 0.1467018
vt 0.08307517 0.1478843
vt 0.07962372 0.1456603
vt 0.02223707 0.07720537
vt 0.02569384 0.07519202
vt 0.02640183 0.07640757
vt 0.02294505 0.07842093
vt -0.08383711 0.1467018
vt -0.08038567 0.1444778
vt -0.07962371 0.1456603
vt -0.08307516 0.1478843
vt -0.08618294 0.1186743
vt -0.08321522 0.1213567
vt -0.08596847 0.1244028
vt -0.08893619 0.1217204
vt 0.08038563 0.1444778
vt 0.08383708 0.1467018
vt 0.08307511 0.1478843
vt 0.07962366 0.1456603
vt 0.02569335 0.07519079
vt 0.02915013 0.07317743
vt 0.02985812 0.07439297
vt 0.02640134 0.07640634
vt -0.08383708 0.1467018
vt -0.08038563 0.1444778
vt -0.07962366 0.1456603
vt -0.08307511 0.1478843
vt -0.08915071 0.1159917
vt -0.08618299 0.1186742
vt -0.08893625 0.1217202
vt -0.09190397 0.1190378
vt 0.07534225 0.1412277
vt 0.08038582 0.1444777
vt 0.07962386 0.1456601
vt 0.07458027 0.1424102
vt 0.02569338 0.0751908
vt 0.02915015 0.07317744
vt 0.02985814 0.074393
vt 0.02640137 0.07640636
vt -0.08038576 0.1444777
vt -0.07534217 0.1412278
vt -0.07458021 0.1424102
vt -0.0796238 0.1456602
vt -0.0851274 0.1115405
vt -0.08215968 0.1142229
vt -0.086183 0.1186741
vt -0.08915072 0.1159917
vt 0.07534231 0.1412276
vt 0.08038587 0.1444776
vt 0.07962391 0.1456601
vt 0.07458033 0.1424101
vt 0.02223662 0.07720421
vt 0.0256934 0.07519085
vt 0.02640138 0.0764064
vt 0.02294461 0.07841977
vt -0.08038582 0.1444777
vt -0.07534225 0.1412277
vt -0.07458027 0.1424102
vt -0.07962386 0.1456601
vt -0.08215967 0.114223
vt -0.07919195 0.1169054
vt -0.08321526 0.1213566
vt -0.08618298 0.1186741
vt 0.08383716 0.1467018
vt 0.08708713 0.1416582
vt 0.08876171 0.1427373
vt 0.08551174 0.1477809
vt 0.08893616 0.1217204
vt 0.09190388 0.1190379
vt 0.09323971 0.1205158
vt 0.09027199 0.1231983
vt -0.08708717 0.1416582
vt -0.08383721 0.1467018
vt -0.08551179 0.1477809
vt -0.08876175 0.1427373
vt 0.02915036 0.07317841
vt 0.02569358 0.07519177
vt 0.02267382 0.07000708
vt 0.0261306 0.06799372
vt 0.08383702 0.1467019
vt 0.08708701 0.1416583
vt 0.08876159 0.1427374
vt 0.08551161 0.147781
vt 0.08596854 0.1244026
vt 0.08893625 0.1217201
vt 0.09027208 0.123198
vt 0.08730436 0.1258805
vt -0.08708705 0.1416583
vt -0.08383707 0.1467019
vt -0.08551165 0.147781
vt -0.08876163 0.1427374
vt 0.02569347 0.07519149
vt 0.0222367 0.07720485
vt 0.01921692 0.07202017
vt 0.02267371 0.0700068
vt -0.1139963 0.05928798
vt -0.1078667 0.06636063
vt -0.1149394 0.07249022
vt -0.121069 0.06541757
vt 0.1139963 0.05928798
vt 0.121069 0.06541757
vt 0.1149394 0.07249022
vt 0.1078667 0.06636064
vt -0.07731612 0.07951391
vt -0.07283876 0.07129518
vt -0.06462003 0.07577255
vt -0.06909739 0.08399127
vt 0.02436761 0.1137877
vt 0.01691179 0.1133919
vt 0.01893693 0.1061652
vt -0.06740987 0.1499454
vt -0.07587318 0.1539412
vt -0.07986902 0.1454779
vt -0.07140572 0.1414821
vt 0.06740987 0.1499454
vt 0.07140571 0.1414821
vt 0.07986902 0.1454779
vt 0.07587318 0.1539412
vt 0.03133553 -0.01044479
vt 0.02457588 -0.003971651
vt 0.02389474 -0.01106176
vt 0.1109912 0.0891562
vt 0.1093918 0.07993469
vt 0.1155141 0.08365372
vt 0.09401554 0.133012
vt 0.08755143 0.1299251
vt 0.09593041 0.1257553
vt -0.007059404 0.1325519
vt -0.00109431 0.1331982
vt -0.001740555 0.1391633
vt -0.007705652 0.1385171
vt 0.007059406 0.132552
vt 0.007705651 0.1385171
vt 0.001740557 0.1391633
vt 0.001094309 0.1331982
vt 0.002637938 0.09681094
vt 0.003197419 0.08510972
vt 0.009190572 0.08539627
vt 0.00863109 0.0970975
vt -0.002637939 0.09681095
vt -0.008631092 0.0970975
vt -0.009190572 0.08539627
vt -0.003197421 0.08510972
vt -0.0822636 0.1418679
vt -0.0877528 0.1442905
vt -0.09248273 0.1335732
vt -0.08699356 0.1311506
vt 0.0822636 0.1418679
vt 0.08699355 0.1311506
vt 0.09248273 0.1335732
vt 0.08775278 0.1442905
vt -0.08476566 0.1066237
vt -0.07808198 0.1148691
vt -0.08274299 0.1186473
vt -0.08942667 0.110402
vt 0.08476566 0.1066237
vt 0.08942667 0.110402
vt 0.082743 0.1186473
vt 0.07808198 0.1148691
vt -0.01862432 0.07474659
vt -0.01245261 0.06639674
vt -0.003917116 0.07270565
vt -0.01008882 0.08105551
vt 0.01862432 0.07474659
vt 0.01008882 0.08105551
vt 0.003917114 0.07270565
vt 0.01245261 0.06639674
vt -0.077498 0.1294102
vt -0.08264491 0.1324939
vt -0.08798142 0.1235871
vt -0.08283452 0.1205033
vt 0.07749801 0.1294102
vt 0.08283452 0.1205033
vt 0.08798142 0.1235871
vt 0.08264491 0.1324939
vt 0.04758773 0.1321999
vt 0.05608822 0.1309353
vt 0.05735287 0.1394357
vt 0.04885239 0.1407004
vt -0.04758773 0.1321999
vt -0.04885239 0.1407004
vt -0.05735288 0.1394357
vt -0.05608822 0.1309353
vt 0.03554448 0.1078535
vt 0.03523975 0.1036697
vt 0.04381109 0.1030454
vt 0.04411582 0.1072292
vt -0.02822829 0.002677292
vt -0.03674496 0.001526713
vt -0.03649009 -0.0009560134
vt -0.02797342 0.0001945756
vt -0.07544336 0.1595387
vt -0.08316293 0.1633155
vt -0.08534546 0.1621072
vt -0.08500643 0.1595475
vt -0.07728689 0.1557706
vt 0.07547644 0.1595549
vt 0.07731996 0.1557868
vt 0.08503951 0.1595636
vt 0.08537854 0.1621234
vt 0.08319601 0.1633317
vt -0.03582397 -0.00528902
vt -0.03556909 -0.007771734
vt -0.02705243 -0.006621121
vt -0.02730731 -0.004138385
vt -0.08684997 0.1557794
vt -0.08903253 0.1545711
vt -0.08869351 0.1520114
vt -0.08097397 0.1482346
vt -0.07913043 0.1520026
vt 0.03493514 0.09948602
vt 0.03463042 0.09530228
vt 0.04320175 0.09467799
vt 0.04350648 0.09886172
vt 0.07916352 0.1520188
vt 0.08100704 0.1482508
vt 0.08872659 0.1520276
vt 0.0890656 0.1545873
vt 0.08688308 0.1557956
vt -0.03628435 -0.001882382
vt -0.03602947 -0.004365109
vt -0.0275128 -0.003214489
vt -0.02776768 -0.0007317683
vt -0.08500645 0.1595474
vt -0.08718899 0.1583391
vt -0.08684997 0.1557794
vt -0.07913042 0.1520026
vt -0.07728691 0.1557706
vt 0.03523979 0.10367
vt 0.03493506 0.09948631
vt 0.0435064 0.09886199
vt 0.04381112 0.1030457
vt 0.07731998 0.1557868
vt 0.07916351 0.1520188
vt 0.08688308 0.1557956
vt 0.08722208 0.1583553
vt 0.08503954 0.1595636
vt -0.03536339 -0.008696898
vt -0.0351085 -0.01117963
vt -0.02659183 -0.01002899
vt -0.02684673 -0.007546264
vt -0.08869348 0.1520114
vt -0.09087603 0.1508031
vt -0.090537 0.1482434
vt -0.08281743 0.1444666
vt -0.08097393 0.1482346
vt 0.03463043 0.09530305
vt 0.0343257 0.09111932
vt 0.04289704 0.09049502
vt 0.04320176 0.09467876
vt 0.08100703 0.1482508
vt 0.08285053 0.1444828
vt 0.09057011 0.1482596
vt 0.09090912 0.1508193
vt 0.08872657 0.1520276
vt -0.04706496 0.1621035
vt -0.04681533 0.1595324
vt -0.03823994 0.1600983
vt -0.03848957 0.1626693
vt -0.04729513 0.1655895
vt -0.04704549 0.1630185
vt -0.03847011 0.1635843
vt -0.03871974 0.1661554
vt -0.04752515 0.1690755
vt -0.04727552 0.1665045
vt -0.03870013 0.1670703
vt -0.03894976 0.1696413
vt -0.04683493 0.1586175
vt -0.0465853 0.1560465
vt -0.03800991 0.1566123
vt -0.03825954 0.1591833
vt -0.0944395 0.09269939
vt -0.08807423 0.101193
vt -0.09287556 0.1047912
vt -0.09924082 0.09629762
vt 0.09443949 0.09269939
vt 0.09924082 0.09629762
vt 0.09287556 0.1047912
vt 0.08807423 0.101193
vt -0.03156134 0.0705994
vt -0.02528374 0.06232885
vt -0.01682932 0.06874601
vt -0.02310691 0.07701655
vt 0.03156133 0.0705994
vt 0.02310691 0.07701655
vt 0.01682932 0.06874602
vt 0.02528374 0.06232885
vt -0.07677068 0.130319
vt -0.08198596 0.1332857
vt -0.08711979 0.1242605
vt -0.08190451 0.1212939
vt 0.07677068 0.130319
vt 0.08190452 0.1212939
vt 0.0871198 0.1242605
vt 0.08198597 0.1332857
vt -0.02827773 0.1315217
vt -0.02328827 0.1329647
vt -0.02576798 0.1415386
vt -0.03075745 0.1400956
vt 0.02827781 0.1315217
vt 0.03075753 0.1400956
vt 0.02576807 0.1415386
vt 0.02328835 0.1329647
vt -0.001442218 0.08012713
vt -0.0007570317 0.07509257
vt 0.004389473 0.07579298
vt 0.00370429 0.08082756
vt 0.001442288 0.08012698
vt -0.003704217 0.08082739
vt -0.004389402 0.07579283
vt 0.0007571064 0.07509241
vt -0.08754005 0.1291547
vt -0.09561587 0.1329549
vt -0.09777926 0.1283575
vt -0.08970343 0.1245573
vt 0.08754005 0.1291547
vt 0.08970343 0.1245573
vt 0.09777926 0.1283575
vt 0.09561586 0.1329549
vt -0.01055354 0.1427304
vt -0.004948789 0.1405887
vt -0.002807119 0.1461934
vt -0.008411874 0.1483351
vt 0.01055354 0.1427304
vt 0.008411872 0.1483351
vt 0.002807118 0.1461934
vt 0.004948787 0.1405887
vt -0.05127843 0.06087009
vt -0.05228982 0.05495595
vt -0.04637568 0.05394456
vt -0.04536429 0.0598587
vt -0.01576705 0.05304872
vt -0.01977322 0.05042929
vt -0.01632423 0.04707464
vt -0.09727973 0.09980019
vt -0.1027563 0.1022512
vt -0.1052073 0.09677461
vt -0.09973071 0.09432364
vt 0.09727973 0.0998002
vt 0.09973072 0.09432364
vt 0.1052073 0.09677461
vt 0.1027563 0.1022512
vt 0.06754105 -0.01420549
vt 0.06178398 -0.0158955
vt 0.06550754 -0.01853858
vt 0.09521161 0.09311614
vt 0.09742817 0.08754058
vt 0.09952752 0.09162493
vt 0.03878214 0.1237108
vt 0.03655378 0.1196953
vt 0.0424801 0.1206327
vt -0.07031646 0.1671613
vt -0.06748656 0.1737131
vt -0.07403831 0.176543
vt -0.07686822 0.1699912
vt 0.07031647 0.1671613
vt 0.07686822 0.1699912
vt 0.07403833 0.176543
vt 0.06748657 0.1737131
vt 0.03807841 0.1198004
vt 0.04477448 0.1173313
vt 0.0472436 0.1240274
vt 0.04054753 0.1264965
vt -0.05282845 0.1718858
vt -0.05762566 0.174952
vt -0.05958017 0.1695731
vt -0.08059869 0.1032207
vt -0.0852325 0.1086486
vt -0.09066036 0.1040148
vt -0.08602656 0.09858691
vt 0.08059869 0.1032207
vt 0.08602656 0.09858691
vt 0.09066036 0.1040148
vt 0.0852325 0.1086486
vt -0.08010103 0.1205293
vt -0.08057433 0.1276504
vt -0.08460592 0.1240108
vt -0.01099399 0.02747268
vt -0.01698233 0.0235902
vt -0.01172962 0.02209131
vt 0.007484376 0.1514362
vt 0.002095294 0.1523281
vt 0.00551375 0.1460633
vt 0.02233272 0.1274905
vt 0.02832218 0.1271349
vt 0.02867768 0.1331237
vt 0.0258424 0.1352866
vt 0.02268822 0.1334792
vt -0.02234334 0.1276693
vt -0.02269884 0.1336581
vt -0.02585302 0.1354655
vt -0.0286883 0.1333025
vt -0.0283328 0.1273138
vt 0.01756313 0.1149311
vt 0.0172758 0.1032201
vt 0.023274 0.1030729
vt 0.02356133 0.114784
vt -0.06088999 0.130969
vt -0.06448796 0.1315202
vt -0.06693938 0.120065
vt -0.0633414 0.1195138
vt -0.07438546 0.1573634
vt -0.07990015 0.1597274
vt -0.08451562 0.1489604
vt -0.07900093 0.1465964
vt 0.07438546 0.1573634
vt 0.07900093 0.1465964
vt 0.08451562 0.1489604
vt 0.07990015 0.1597274
vt 0.03150212 0.1270984
vt 0.02799822 0.1264103
vt 0.03094025 0.1150712
vt 0.03444415 0.1157593
vt 0.07880389 0.1121793
vt 0.08589531 0.110145
vt 0.09193713 0.1312065
vt 0.08484571 0.1332407
vt -0.07880393 0.1121792
vt -0.08484576 0.1332407
vt -0.09193718 0.1312064
vt -0.08589536 0.1101449
vt 0.05186924 0.0523703
vt 0.0508282 0.0442199
vt 0.05814619 0.04328518
vt 0.05918723 0.05143557
vt -0.05186924 0.05237039
vt -0.05918723 0.05143568
vt -0.05814619 0.04328527
vt -0.0508282 0.04422
vt -0.09455408 0.1061598
vt -0.1145705 0.1150722
vt -0.1179127 0.107566
vt -0.09789626 0.0986536
vt 0.09455407 0.1061598
vt 0.09789626 0.0986536
vt 0.1179127 0.107566
vt 0.1145705 0.1150722
vt -0.07611189 0.1116189
vt -0.07130422 0.1166343
vt -0.09136619 0.135865
vt -0.09617385 0.1308495
vt -0.08319302 0.1184708
vt -0.08112736 0.1164265
vt 0.07609642 0.1116325
vt 0.0811116 0.1164404
vt 0.0830354 0.1185315
vt 0.09615718 0.1308644
vt 0.09134921 0.1358796
vt 0.07128845 0.1166476
vt 0.01499115 0.0311488
vt 0.01991736 0.02196525
vt 0.02603972 0.02524938
vt 0.02111351 0.03443293
vt -0.0967475 0.09706182
vt -0.1042682 0.09622929
vt -0.1029534 0.08868971
vt -0.07622336 0.1115491
vt -0.08124438 0.1163509
vt -0.08679634 0.1105456
vt -0.08177531 0.1057437
vt 0.1083175 0.07845268
vt 0.1130742 0.06918024
vt 0.1378007 0.08186493
vt 0.1330439 0.09113737
vt -0.1171049 0.08257733
vt -0.1330854 0.09072328
vt -0.1378302 0.08144493
vt -0.1217866 0.07326696
vt -0.07799589 0.1191026
vt -0.07999858 0.121208
vt -0.08578572 0.115468
vt -0.08372629 0.1134736
vt -0.01522056 0.03244258
vt -0.02026872 0.02332551
vt -0.01276988 0.01941868
vt -0.007990097 0.02867927
vt 0.07949962 0.1211847
vt 0.07764207 0.119035
vt 0.08337786 0.1134115
vt 0.08550582 0.1152333
vt 0.01991743 0.02196534
vt 0.01499123 0.03114889
vt 0.007912504 0.02735175
vt 0.01283871 0.0181682
vt -0.1153248 0.07818573
vt -0.1178493 0.07954251
vt -0.1222985 0.07011904
vt -0.1198332 0.06879048
vt -0.01499123 0.03114889
vt -0.01991743 0.02196534
vt -0.01283871 0.01816821
vt -0.007912503 0.02735176
vt 0.0812444 0.1163509
vt 0.07622337 0.1115491
vt 0.08177533 0.1057437
vt 0.08679636 0.1105456
vt 0.01991753 0.02196532
vt 0.01499132 0.03114887
vt 0.0079126 0.02735173
vt 0.01283881 0.01816818
vt -0.1083174 0.07845268
vt -0.1144991 0.08162384
vt -0.1192558 0.07235139
vt -0.1130742 0.06918023
vt -0.08054641 -0.03351273
vt -0.08512871 -0.02829053
vt -0.0879724 -0.03496487
vt 0.1029638 0.02815905
vt 0.1037449 0.01776699
vt 0.1084478 0.02340934
vt 0.02019658 0.1143745
vt 0.01447268 0.1097712
vt 0.02072378 0.1067393
vt 0.01530801 0.1318489
vt 0.02127743 0.1312439
vt 0.02188231 0.1372127
vt 0.01913969 0.1394919
vt 0.01591289 0.1378176
vt -0.01532607 0.1320272
vt -0.01593096 0.1379959
vt -0.01915775 0.1396702
vt -0.02190038 0.1373909
vt -0.0212955 0.1314222
vt 0.007012715 0.1110573
vt 0.006478003 0.09935488
vt 0.01247175 0.099081
vt 0.01300646 0.1107834
vt -0.05309885 0.1253611
vt -0.05669532 0.125922
vt -0.0591778 0.1144734
vt -0.05558133 0.1139125
vt -0.07483193 0.1576479
vt -0.08026996 0.1601832
vt -0.08522002 0.1495659
vt -0.07978199 0.1470305
vt 0.07483193 0.1576479
vt 0.07978199 0.1470305
vt 0.08522001 0.1495659
vt 0.08026995 0.1601832
vt 0.04046169 0.1279286
vt 0.0369846 0.1271158
vt 0.04032981 0.115889
vt 0.04380689 0.1167018
vt 0.003417257 0.1304196
vt 0.009409646 0.1301174
vt 0.009711741 0.1361091
vt 0.006857298 0.1382467
vt 0.003719353 0.1364113
vt -0.003426276 0.1305985
vt -0.003728372 0.1365902
vt -0.006866316 0.1384256
vt -0.00972076 0.1362881
vt -0.009418664 0.1302964
vt -0.0007116195 0.1141537
vt -0.0009623157 0.1024418
vt 0.005036309 0.1023134
vt 0.005287007 0.1140253
vt -0.04640846 0.1272474
vt -0.05000169 0.1278286
vt -0.05254884 0.1163943
vt -0.04895559 0.1158131
vt -0.07504921 0.1576789
vt -0.08054131 0.1600948
vt -0.08525828 0.1493718
vt -0.07976618 0.1469559
vt 0.07504921 0.1576789
vt 0.07976617 0.1469559
vt 0.08525828 0.1493718
vt 0.08054131 0.1600948
vt 0.04671839 0.1300678
vt 0.04321687 0.1293677
vt 0.04619778 0.1180388
vt 0.0496993 0.1187388
vt -0.1073725 0.07389361
vt -0.1007387 0.08114093
vt -0.1079852 0.087774
vt -0.1136612 0.08640199
vt -0.114619 0.08052667
vt 0.1075889 0.07409173
vt 0.1148354 0.0807248
vt 0.1138776 0.0866001
vt 0.1082016 0.08797212
vt 0.1009551 0.08133905
vt -0.06436749 0.08394583
vt -0.05923183 0.07415886
vt -0.05053183 0.07872413
vt -0.0556675 0.0885111
vt 0.009921723 0.1209968
vt 0.004861577 0.1241467
vt -0.001576225 0.1151626
vt 0.003483909 0.1120126
vt -0.07050688 0.1526269
vt -0.07931926 0.1569712
vt -0.08431764 0.1471134
vt -0.07550524 0.1427691
vt 0.07050688 0.1526269
vt 0.07550524 0.1427691
vt 0.08431763 0.1471134
vt 0.07931927 0.1569712
vt 0.1062478 0.08868255
vt 0.1005392 0.0899483
vt 0.09886605 0.07902308
vt 0.1045746 0.07775734
vt -0.09267738 0.08494546
vt -0.08732805 0.09318657
vt -0.09556819 0.0985353
vt -0.1009407 0.096247
vt -0.1009175 0.09029418
vt 0.09292347 0.0851052
vt 0.1011636 0.09045393
vt 0.1011868 0.09640675
vt 0.09581427 0.09869505
vt 0.08757412 0.09334633
vt -0.04470215 0.1027007
vt -0.03848652 0.09356148
vt -0.03036231 0.09908678
vt -0.03657795 0.108226
vt -0.00109796 0.1434739
vt -0.005931388 0.1469617
vt -0.01296718 0.1384378
vt -0.008133747 0.13495
vt -0.06830978 0.1535058
vt -0.07725426 0.1575713
vt -0.08194058 0.1475614
vt -0.07299609 0.1434959
vt 0.06830978 0.1535058
vt 0.07299609 0.1434959
vt 0.08194057 0.1475614
vt 0.07725425 0.1575713
vt 0.08603765 0.08836897
vt 0.08056766 0.09043527
vt 0.07735473 0.07985996
vt 0.08282471 0.07779367
vt -0.09967651 0.07529208
vt -0.09385797 0.08320891
vt -0.1017739 0.08902678
vt -0.1072701 0.0870541
vt -0.1075924 0.08110996
vt 0.09991291 0.07546587
vt 0.1078288 0.08128373
vt 0.1075065 0.08722787
vt 0.1020103 0.08920056
vt 0.09409436 0.08338268
vt -0.05732291 0.09277161
vt -0.05137254 0.08345748
vt -0.04309287 0.08874699
vt -0.04904325 0.09806111
vt 0.008714182 0.1328975
vt 0.003840891 0.1363294
vt -0.003096228 0.127725
vt 0.001777053 0.1242931
vt -0.0660487 0.1545055
vt -0.07489824 0.1587737
vt -0.07981141 0.1488731
vt -0.07096188 0.1446049
vt 0.0660487 0.1545055
vt 0.07096186 0.1446049
vt 0.0798114 0.1488731
vt 0.07489823 0.1587737
vt 0.09750189 0.08723022
vt 0.09194214 0.08904116
vt 0.08922205 0.07832851
vt 0.09478179 0.07651757
vt -0.1140042 0.0592993
vt -0.1078715 0.06636921
vt -0.1149414 0.07250196
vt -0.1210741 0.06543206
vt 0.1140042 0.0592993
vt 0.1210741 0.06543206
vt 0.1149414 0.07250196
vt 0.1078715 0.06636921
vt -0.08179052 0.08773685
vt -0.07731722 0.07951592
vt -0.06909628 0.08398924
vt -0.0735696 0.09221017
vt 0.02977839 0.1213862
vt 0.02232272 0.1209874
vt 0.02435078 0.1137616
vt -0.06343573 0.1583909
vt -0.07189946 0.1623859
vt -0.07589442 0.1539221
vt -0.06743069 0.1499272
vt 0.06343573 0.1583909
vt 0.06743069 0.1499272
vt 0.07589442 0.1539221
vt 0.07189946 0.1623859
vt 0.03675066 -0.004845482
vt 0.02998682 0.001623274
vt 0.02931027 -0.005467276
vt 0.1125879 0.09840719
vt 0.1109925 0.08918498
vt 0.1171132 0.09290669
vt 0.09747655 0.1400162
vt 0.0910138 0.1369265
vt 0.09939463 0.1327604
vt -0.1152062 0.06685805
vt -0.1086626 0.07354946
vt -0.115354 0.08009311
vt -0.1218976 0.0734017
vt 0.1152062 0.06685805
vt 0.1218976 0.0734017
vt 0.115354 0.0800931
vt 0.1086626 0.07354946
vt -0.08454284 0.09124523
vt -0.08021365 0.08294749
vt -0.07191591 0.08727668
vt -0.07624511 0.09557442
vt 0.03228495 0.1243709
vt 0.02482894 0.1239787
vt 0.02685052 0.1167511
vt -0.06046959 0.1655723
vt -0.06880637 0.1698259
vt -0.07305988 0.1614891
vt -0.06472311 0.1572356
vt 0.06046959 0.1655723
vt 0.06472311 0.1572356
vt 0.07305989 0.1614891
vt 0.06880637 0.1698259
vt 0.03943446 -0.00608144
vt 0.03265767 0.0003737478
vt 0.03199535 -0.006718146
vt 0.1137937 0.1059569
vt 0.1125628 0.09667899
vt 0.1185321 0.1006389
vt 0.09899973 0.1460728
vt 0.09261265 0.1428295
vt 0.1010906 0.1388649
vt -0.09454712 0.06242419
vt -0.09066488 0.06514728
vt -0.09640367 0.07332893
vt -0.1002859 0.07060585
vt 0.1317439 0.04984242
vt 0.1364795 0.05352669
vt 0.1335677 0.05726945
vt 0.1319383 0.05936378
vt 0.1303089 0.06145811
vt 0.1273881 0.06521249
vt 0.1226524 0.06152822
vt -0.09454709 0.06242412
vt -0.09110306 0.05751407
vt -0.07898181 0.06601623
vt -0.08242583 0.07092627
vt -0.08632011 0.06819472
vt -0.08849248 0.06667097
vt -0.09066486 0.06514721
vt 0.09454717 0.0624241
vt 0.09066493 0.0651472
vt 0.08917432 0.06302206
vt 0.08768369 0.06089693
vt 0.08722091 0.06023716
vt 0.09110314 0.05751406
vt -0.06765307 0.1569894
vt -0.07291989 0.1598635
vt -0.0757928 0.1545989
vt -0.07052598 0.1517248
vt 0.06765316 0.1569894
vt 0.07052608 0.1517247
vt 0.07579291 0.1545989
vt 0.07291999 0.1598635
vt -0.08858806 0.06660464
vt -0.08632044 0.06819521
vt -0.0920592 0.07637689
vt -0.09423158 0.07485313
vt 0.08631997 0.06819481
vt 0.08242569 0.07092635
vt 0.07898167 0.06601632
vt 0.08287594 0.06328477
vt 0.08333872 0.06394455
vt 0.08482935 0.06606968
vt -0.09066485 0.06514706
vt -0.08858772 0.06660402
vt -0.09423126 0.07485249
vt -0.09640363 0.07332873
vt 0.08333866 0.06394382
vt 0.08287587 0.06328404
vt 0.08504824 0.06176028
vt 0.08551103 0.06242005
vt 0.08551102 0.06242007
vt 0.08504824 0.0617603
vt 0.08722062 0.06023653
vt 0.0876834 0.06089631
vt -0.08849259 0.06667101
vt -0.08632021 0.06819477
vt -0.092059 0.07637642
vt -0.09423138 0.07485266
vt -0.09066499 0.06514728
vt -0.08849261 0.06667104
vt -0.09423143 0.07485268
vt -0.09640381 0.07332892
vt -0.08632013 0.06819487
vt -0.08242585 0.07092641
vt -0.08816469 0.07910804
vt -0.09205897 0.0763765
vt 0.07416318 0.1575849
vt 0.07540663 0.1553063
vt 0.07638963 0.1558428
vt 0.07514618 0.1581213
vt 0.06426997 0.1600375
vt 0.06562008 0.1578182
vt 0.06832017 0.1593742
vt 0.06697857 0.1615957
vt 0.1297567 0.05860984
vt 0.1313467 0.05648554
vt 0.1337376 0.05848515
vt 0.130653 0.05928089
vt -0.06562008 0.1578182
vt -0.06426997 0.1600375
vt -0.06697857 0.1615957
vt -0.06832017 0.1593742
vt -0.1313734 0.05635279
vt -0.1297137 0.05857024
vt -0.1306101 0.05924128
vt -0.1336946 0.05844551
vt 0.1316264 0.07784095
vt 0.1311025 0.07529858
vt 0.1342088 0.07459202
vt 0.1347327 0.07713442
vt 0.131656 0.05670031
vt 0.133266 0.05459115
vt 0.1341561 0.05527046
vt 0.1340277 0.05872262
vt -0.07540772 0.1553061
vt -0.07416429 0.1575847
vt -0.07514729 0.1581211
vt -0.07639072 0.1558425
vt -0.1332565 0.0545925
vt -0.1317164 0.05660868
vt -0.1340169 0.05872421
vt -0.1341464 0.0552721
vt 0.02700264 0.113409
vt 0.02527931 0.1114678
vt 0.02790557 0.1092235
vt 0.02962887 0.1111647
vt 0.1317163 0.05660812
vt 0.1332563 0.05459192
vt 0.1341462 0.05527152
vt 0.1340167 0.05872362
vt -0.07416356 0.1575848
vt -0.07292014 0.1598634
vt -0.07390314 0.1603998
vt -0.07514656 0.1581212
vt 0.03150525 0.1153524
vt 0.0289501 0.1175343
vt 0.02715573 0.1156553
vt 0.02978204 0.1134114
vt 0.07291967 0.1598635
vt 0.07416309 0.1575849
vt 0.0751461 0.1581213
vt 0.07390267 0.1603999
vt 0.1297137 0.05857018
vt 0.1313734 0.05635273
vt 0.1336946 0.05844545
vt 0.1306101 0.05924122
vt -0.06427052 0.1600372
vt -0.06292893 0.1622587
vt -0.06562902 0.1638147
vt -0.06697913 0.1615954
vt 0.1349898 0.07699607
vt 0.1318029 0.07775901
vt 0.1312485 0.07522336
vt 0.1343458 0.07447903
vt 0.07291985 0.1598634
vt 0.07390285 0.1603998
vt 0.06911572 0.1691723
vt 0.06813272 0.1686358
vt 0.1319062 0.0797809
vt 0.1350956 0.0790283
vt 0.1371071 0.08881804
vt 0.1340072 0.08955114
vt -0.07010549 0.1616715
vt -0.06737545 0.1601676
vt -0.06237651 0.1688219
vt -0.06510656 0.1703259
vt -0.1310962 0.05642288
vt -0.1295062 0.05854718
vt -0.1304026 0.05921823
vt -0.1334871 0.05842248
vt 0.06765319 0.1569893
vt 0.07292002 0.1598634
vt 0.06813287 0.1686359
vt 0.06286605 0.1657618
vt 0.08632023 0.06819475
vt 0.08858785 0.06660418
vt 0.0942314 0.07485264
vt 0.09205902 0.0763764
vt -0.07441243 0.1593342
vt -0.06912477 0.1564969
vt -0.06439904 0.1653024
vt -0.06968538 0.1681398
vt -0.1272027 0.05567957
vt -0.1255733 0.0577739
vt -0.1303089 0.06145816
vt -0.1319383 0.05936383
vt 0.06292893 0.1622587
vt 0.06427051 0.1600372
vt 0.06697912 0.1615954
vt 0.06562902 0.1638147
vt 0.06737543 0.1601676
vt 0.07010546 0.1616716
vt 0.06510653 0.1703259
vt 0.06237643 0.1688219
vt 0.02751661 0.115821
vt 0.03007164 0.1136388
vt 0.03670815 0.1211107
vt 0.03408267 0.1233557
vt -0.07390282 0.1603998
vt -0.07291982 0.1598634
vt -0.06813265 0.1686358
vt -0.06911565 0.1691722
vt -0.1331418 0.05437363
vt -0.1315318 0.0564828
vt -0.1339036 0.05850513
vt -0.1340319 0.05505295
vt 0.06912453 0.156497
vt 0.0744122 0.1593344
vt 0.06968515 0.16814
vt 0.06439881 0.1653025
vt 0.08858783 0.06660425
vt 0.09066497 0.0651473
vt 0.09640379 0.07332893
vt 0.0942314 0.07485269
vt -0.07291979 0.1598636
vt -0.06765296 0.1569895
vt -0.06286581 0.165762
vt -0.06813262 0.1686361
vt -0.1288321 0.05358515
vt -0.1272027 0.05567948
vt -0.1319383 0.05936375
vt -0.1335677 0.05726942
vt 0.06765323 0.1569893
vt 0.07292006 0.1598634
vt 0.06813291 0.1686359
vt 0.06286608 0.1657617
vt 0.09066488 0.06514729
vt 0.09454711 0.06242419
vt 0.1002859 0.07060585
vt 0.09640367 0.07332894
vt -0.07292011 0.1598634
vt -0.06765328 0.1569892
vt -0.06286614 0.1657617
vt -0.06813296 0.1686358
vt -0.1317439 0.04984238
vt -0.1288321 0.05358513
vt -0.1335677 0.05726941
vt -0.1364795 0.05352665
vt 0.06765297 0.1569895
vt 0.0729198 0.1598636
vt 0.06813264 0.1686361
vt 0.06286581 0.165762
vt 0.08242585 0.07092641
vt 0.08632013 0.06819487
vt 0.09205897 0.0763765
vt 0.08816469 0.07910804
vt -0.07291971 0.1598637
vt -0.06765289 0.1569895
vt -0.06286573 0.165762
vt -0.06813255 0.1686361
vt -0.1255733 0.05777381
vt -0.1226524 0.06152819
vt -0.127388 0.06521245
vt -0.1303089 0.06145807
vt 0.01678657 0.1291865
vt 0.0206356 0.1280979
vt 0.02498989 0.1434941
vt 0.02114086 0.1445826
vt -0.0167865 0.1291865
vt -0.02114078 0.1445826
vt -0.02498981 0.1434941
vt -0.02063553 0.128098
vt -0.01511336 0.0336533
vt -0.01618253 0.02471703
vt -0.01221086 0.02424184
vt -0.01114168 0.03317811
vt 0.01511329 0.03365333
vt 0.01114161 0.03317813
vt 0.01221079 0.02424186
vt 0.01618246 0.02471705
vt -0.1063751 0.07933427
vt -0.1211107 0.08556814
vt -0.1246173 0.07727934
vt -0.1098816 0.07104547
vt 0.1063751 0.07933427
vt 0.1098816 0.07104547
vt 0.1246173 0.07727934
vt 0.1211107 0.08556814
vt 0.002516001 0.1315242
vt 0.006451759 0.1308102
vt 0.009307697 0.1465533
vt 0.005371932 0.1472673
vt -0.002515934 0.1315242
vt -0.005371863 0.1472673
vt -0.009307625 0.1465533
vt -0.006451696 0.1308102
vt -0.01905904 0.0236878
vt -0.01982302 0.01472028
vt -0.01583746 0.01438074
vt -0.01507348 0.02334826
vt 0.01905897 0.02368782
vt 0.01507341 0.02334828
vt 0.01583738 0.01438076
vt 0.01982294 0.0147203
vt -0.1081993 0.07510091
vt -0.1226818 0.08190221
vt -0.1265075 0.07375582
vt -0.112025 0.06695451
vt 0.1081993 0.07510091
vt 0.112025 0.06695451
vt 0.1265075 0.07375582
vt 0.1226818 0.08190221
vt -0.007463241 0.1317594
vt -0.003500321 0.131216
vt -0.001326822 0.1470677
vt -0.005289744 0.1476111
vt 0.00746331 0.1317594
vt 0.005289819 0.1476111
vt 0.001326896 0.1470677
vt 0.003500388 0.131216
vt -0.02418087 0.01705825
vt -0.02479751 0.008079396
vt -0.02080691 0.007805333
vt -0.02019027 0.01678419
vt 0.0241808 0.01705827
vt 0.0201902 0.01678421
vt 0.02080683 0.007805353
vt 0.02479744 0.008079415
vt -0.1089301 0.07174058
vt -0.123236 0.07890598
vt -0.1272665 0.07085893
vt -0.1129607 0.06369354
vt 0.1089301 0.07174058
vt 0.1129607 0.06369355
vt 0.1272665 0.07085893
vt 0.123236 0.07890598
vt -0.1326318 0.1101501
vt -0.1273723 0.1026455
vt -0.1264668 0.1033382
vt -0.07855807 0.1635729
vt -0.07936414 0.1544496
vt -0.07822461 0.1544149
vt 0.01457535 0.1839803
vt 0.008209445 0.1773756
vt 0.009087079 0.176648
vt 0.06405179 0.1591521
vt 0.05586479 0.1549486
vt 0.05647288 0.1539842
vt 0.08924483 0.1138111
vt 0.08048327 0.1108748
vt 0.08094601 0.1098329
vt 0.1066875 0.0581486
vt 0.09774049 0.05570241
vt 0.09814103 0.05463503
vt 0.1250287 0.01507665
vt 0.116289 0.01190197
vt 0.1167643 0.0108657
vt 0.06925447 0.13587
vt 0.06964695 0.1265747
vt 0.07078036 0.1266976
vt -0.08760753 0.1532797
vt -0.07926351 0.1491966
vt -0.07881319 0.1502439
vt -0.1107521 0.1482704
vt -0.102191 0.1447416
vt -0.1017943 0.1458103
vt -0.123333 0.1301909
vt -0.1150438 0.126148
vt -0.114574 0.1271867
vt -0.1329285 0.1076709
vt -0.1254125 0.1023871
vt -0.1247862 0.1033398
vt 0.08056697 0.06814678
vt 0.08156539 0.06759642
vt 0.08270523 0.06761902
vt 0.08368106 0.06820851
vt 0.08423141 0.06920694
vt 0.08420881 0.07034678
vt 0.08361933 0.07132261
vt 0.0826209 0.07187296
vt 0.08148106 0.07185037
vt 0.08050523 0.07126087
vt 0.07995488 0.07026245
vt 0.07997748 0.06912261
vt -0.1299217 0.1119805
vt -0.1244368 0.1046391
vt -0.1235528 0.1053589
vt -0.08452914 0.158725
vt -0.08460332 0.1495664
vt -0.08346467 0.1496229
vt 0.006378211 0.1841921
vt 0.0004720891 0.1771732
vt 0.001396783 0.1765064
vt 0.05905632 0.1635708
vt 0.05105045 0.1590317
vt 0.05169796 0.1580934
vt 0.08580419 0.1216398
vt 0.07713345 0.1184452
vt 0.07762685 0.1174175
vt 0.1038288 0.06835021
vt 0.09494461 0.06568496
vt 0.09537125 0.06462773
vt 0.1216459 0.02466301
vt 0.112953 0.02136218
vt 0.1134433 0.0203329
vt 0.09591226 0.1131321
vt 0.09382156 0.1040665
vt 0.09494691 0.1038839
vt -0.07816005 0.1547017
vt -0.07009277 0.1500959
vt -0.06957672 0.1511125
vt -0.1058011 0.1507936
vt -0.09732216 0.1470718
vt -0.09690131 0.1481313
vt -0.1192439 0.1352198
vt -0.1109928 0.1310998
vt -0.1105133 0.1321341
vt -0.1289959 0.1135422
vt -0.1214643 0.1082806
vt -0.1208409 0.1092351
vt 0.07730339 0.06872036
vt 0.07827108 0.0681176
vt 0.07941051 0.06807946
vt 0.08041635 0.06861612
vt 0.08101911 0.06958381
vt 0.08105727 0.07072324
vt 0.08052059 0.07172908
vt 0.0795529 0.07233185
vt 0.07841347 0.07237
vt 0.07740764 0.07183333
vt 0.07680488 0.07086564
vt 0.07676671 0.06972621
vt -0.124926 0.1252733
vt -0.1210838 0.1169536
vt -0.1200696 0.1174743
vt -0.0525299 0.1802351
vt -0.05545997 0.1715575
vt -0.05436059 0.1712557
vt 0.02761108 0.1865852
vt 0.0204986 0.1807922
vt 0.02128257 0.1799644
vt 0.06748699 0.1566054
vt 0.05910025 0.152816
vt 0.05965941 0.1518225
vt 0.08997259 0.1060661
vt 0.08116164 0.1032815
vt 0.08160632 0.1022317
vt 0.107724 0.04757234
vt 0.09881312 0.0449977
vt 0.09922898 0.04393619
vt 0.1293622 0.01836384
vt 0.121135 0.014031
vt 0.1217467 0.01306893
vt -0.01483435 0.1613993
vt -0.008998503 0.1541537
vt -0.008159592 0.1549257
vt -0.09115084 0.1612034
vt -0.08268755 0.1573736
vt -0.08226899 0.1584341
vt -0.1102068 0.1544851
vt -0.1017165 0.1507891
vt -0.1012989 0.1518499
vt -0.122728 0.1324224
vt -0.1146278 0.1280133
vt -0.114112 0.12903
vt -0.1322298 0.1105849
vt -0.1251952 0.1046753
vt -0.1244895 0.1055706
vt 0.08413646 0.07775872
vt 0.08521038 0.07737602
vt 0.08633175 0.07758156
vt 0.08720013 0.07832025
vt 0.08758284 0.07939417
vt 0.0873773 0.08051554
vt 0.08663861 0.08138392
vt 0.0855647 0.08176662
vt 0.08444332 0.08156108
vt 0.08357494 0.08082239
vt 0.08319224 0.07974849
vt 0.08339778 0.0786271
vt 0.0810253 0.1554842
vt 0.08229616 0.15279
vt 0.08633707 0.1546961
vt 0.08506621 0.1573903
vt -0.08102532 0.1554841
vt -0.08506621 0.1573902
vt -0.08633707 0.154696
vt -0.08229617 0.1527899
vt 0.06827862 0.1006272
vt 0.06382681 0.1010063
vt 0.06357409 0.09803811
vt 0.06332134 0.09506997
vt 0.06306861 0.09210185
vt 0.06281588 0.0891337
vt 0.06726768 0.08875464
vt 0.06752041 0.09172277
vt 0.06777315 0.0946909
vt 0.06802588 0.09765904
vt -0.06827872 0.1006272
vt -0.06802598 0.09765907
vt -0.06357418 0.09803814
vt -0.06382692 0.1010063
vt 0.08335038 0.1268252
vt 0.08414408 0.1312221
vt 0.07974724 0.1320158
vt 0.07895354 0.1276189
vt -0.08335038 0.1268252
vt -0.07895354 0.1276189
vt -0.07974724 0.1320158
vt -0.08414408 0.1312221
vt 0.06777351 0.09469125
vt 0.06752077 0.09172311
vt 0.0685645 0.09163424
vt 0.06881723 0.09460237
vt -0.06752031 0.09172259
vt -0.06726757 0.08875446
vt -0.06281577 0.08913352
vt -0.0630685 0.09210166
vt 0.06802534 0.09765922
vt 0.0677726 0.09469108
vt 0.06881632 0.09460221
vt 0.06906907 0.09757034
vt 0.06777266 0.09469067
vt 0.06751992 0.09172253
vt 0.06856365 0.09163366
vt 0.06881639 0.0946018
vt 0.06802537 0.0976588
vt 0.06777263 0.09469066
vt 0.06881636 0.09460179
vt 0.0690691 0.09756993
vt 0.0848379 0.1474016
vt 0.08610875 0.1447074
vt 0.09014966 0.1466135
vt 0.0888788 0.1493077
vt -0.08760793 0.152002
vt -0.0888788 0.1493078
vt -0.08483788 0.1474017
vt -0.08356702 0.1500959
vt -0.08633702 0.1546962
vt -0.08760788 0.152002
vt -0.08356698 0.1500959
vt -0.08229613 0.15279
vt -0.08887883 0.1493077
vt -0.09014969 0.1466135
vt -0.08610878 0.1447074
vt -0.08483793 0.1474016
vt -0.08414393 0.131222
vt -0.07974709 0.1320157
vt -0.08029023 0.1350245
vt -0.08468708 0.1342308
vt -0.08887888 0.1493078
vt -0.08760801 0.1520019
vt -0.09037331 0.1533063
vt -0.09164418 0.1506121
vt 0.07974733 0.1320154
vt 0.08414418 0.1312217
vt 0.08468733 0.1342306
vt 0.08029049 0.1350243
vt 0.09037318 0.1533063
vt 0.09164403 0.1506121
vt 0.0929857 0.151245
vt 0.09171486 0.1539392
vt -0.08414415 0.1312219
vt -0.0797473 0.1320156
vt -0.08029045 0.1350245
vt -0.08468729 0.1342308
vt -0.08760795 0.1520019
vt -0.0863371 0.1546961
vt -0.08910239 0.1560005
vt -0.09037326 0.1533063
vt 0.07974756 0.1320154
vt 0.0841444 0.1312217
vt 0.08468756 0.1342305
vt 0.08029072 0.1350242
vt 0.08910251 0.1560005
vt 0.09037334 0.1533063
vt 0.09171502 0.1539392
vt 0.09044418 0.1566334
vt -0.08414429 0.1312216
vt -0.08468746 0.1342305
vt -0.0857183 0.1340444
vt -0.08517514 0.1310356
vt -0.06752082 0.09172313
vt -0.06777355 0.09469126
vt -0.06881728 0.09460239
vt -0.06856455 0.09163425
vt 0.08468746 0.1342305
vt 0.08414431 0.1312216
vt 0.08517515 0.1310355
vt 0.08571831 0.1340444
vt 0.08760803 0.1520019
vt 0.08887888 0.1493078
vt 0.09164418 0.1506121
vt 0.09037334 0.1533063
vt -0.08414371 0.1312223
vt -0.08468684 0.1342312
vt -0.08571769 0.1340451
vt -0.08517455 0.1310362
vt -0.0677726 0.09469107
vt -0.06802534 0.09765919
vt -0.06906907 0.09757032
vt -0.06881633 0.09460218
vt 0.08468683 0.1342312
vt 0.0841437 0.1312223
vt 0.08517455 0.1310362
vt 0.08571768 0.1340451
vt 0.0863371 0.1546961
vt 0.08760796 0.1520019
vt 0.09037326 0.1533063
vt 0.0891024 0.1560005
vt -0.08335049 0.1268252
vt -0.0841442 0.131222
vt -0.08517505 0.1310359
vt -0.08438135 0.1266391
vt -0.06777262 0.09469109
vt -0.06802536 0.09765922
vt -0.06906909 0.09757034
vt -0.06881635 0.09460221
vt 0.08414426 0.1312218
vt 0.08335055 0.126825
vt 0.0843814 0.1266389
vt 0.08517511 0.1310357
vt 0.08229615 0.15279
vt 0.08356701 0.1500958
vt 0.08760791 0.1520019
vt 0.08633706 0.1546961
vt -0.08335041 0.1268254
vt -0.0841441 0.1312223
vt -0.08517495 0.1310362
vt -0.08438125 0.1266393
vt -0.06751992 0.09172295
vt -0.06777266 0.09469109
vt -0.06881638 0.09460221
vt -0.06856365 0.09163408
vt 0.0841442 0.131222
vt 0.08335049 0.1268252
vt 0.08438135 0.1266391
vt 0.08517505 0.1310359
vt 0.08356702 0.1500958
vt 0.08483788 0.1474016
vt 0.08887878 0.1493077
vt 0.08760793 0.1520019
vt -0.08468729 0.1342308
vt -0.08029044 0.1350245
vt -0.08055396 0.1364843
vt -0.08495081 0.1356906
vt -0.09037332 0.1533064
vt -0.08910245 0.1560005
vt -0.09044413 0.1566334
vt -0.09171499 0.1539392
vt 0.08029071 0.1350242
vt 0.08468755 0.1342305
vt 0.08495109 0.1356904
vt 0.08055424 0.1364841
vt -0.06802599 0.09765913
vt -0.06777327 0.094691
vt -0.06332146 0.09507007
vt -0.0635742 0.09803821
vt -0.08468708 0.1342308
vt -0.08029024 0.1350245
vt -0.08055376 0.1364843
vt -0.0849506 0.1356906
vt -0.09164405 0.1506121
vt -0.09037319 0.1533063
vt -0.09171487 0.1539392
vt -0.09298573 0.151245
vt 0.08029051 0.1350242
vt 0.08468734 0.1342305
vt 0.08495087 0.1356904
vt 0.08055403 0.1364841
vt -0.06777306 0.09469093
vt -0.06752033 0.0917228
vt -0.06306852 0.09210186
vt -0.06332126 0.09507002
vt 0.1072366 0.08948509
vt 0.1139343 0.08576879
vt 0.1178254 0.09343039
vt 0.1112617 0.0970772
vt -0.1043554 0.09655913
vt -0.1077079 0.1044713
vt -0.1110028 0.1023244
vt -0.1077997 0.09435053
vt 0.07542843 0.1133292
vt 0.0747724 0.1091868
vt 0.08140258 0.1078831
vt 0.08293208 0.1117883
vt -0.05270157 0.005193172
vt -0.05964877 0.002341347
vt -0.05847249 0.0001406149
vt -0.05195508 0.002812097
vt -0.07550527 0.1620366
vt -0.08345391 0.1653039
vt -0.08555333 0.1639564
vt -0.08504871 0.1614241
vt -0.07710009 0.1581568
vt 0.06631739 0.1740371
vt 0.06787853 0.1701436
vt 0.07585518 0.1733418
vt 0.07638173 0.1758697
vt 0.07429408 0.1772354
vt -0.0487426 -0.003023576
vt -0.04745189 -0.005158961
vt -0.04262264 -0.003114209
vt -0.04349777 -0.0007775605
vt -0.08664358 0.1575442
vt -0.08874301 0.1561966
vt -0.08823839 0.1536644
vt -0.08028976 0.1503971
vt -0.07869495 0.1542769
vt 0.06868933 0.1056812
vt 0.06793816 0.1015557
vt 0.0728174 0.1006164
vt 0.07442557 0.1044891
vt 0.06943968 0.1662501
vt 0.0710008 0.1623566
vt 0.07897744 0.1655548
vt 0.079504 0.1680826
vt 0.07741632 0.1694483
vt -0.05472573 -0.000517785
vt -0.053499 -0.002690689
vt -0.04782955 -0.0003307049
vt -0.04863245 0.002031866
vt -0.08504875 0.161424
vt -0.08714817 0.1600765
vt -0.08664356 0.1575442
vt -0.07869492 0.1542769
vt -0.07710014 0.1581568
vt 0.07251435 0.1094024
vt 0.07181708 0.105267
vt 0.07756773 0.104145
vt 0.0791318 0.1080362
vt 0.06787854 0.1701436
vt 0.06943966 0.1662501
vt 0.07741632 0.1694483
vt 0.07794286 0.1719761
vt 0.0758552 0.1733418
vt -0.04113664 -0.004811255
vt -0.03976263 -0.006893799
vt -0.03576117 -0.005169512
vt -0.03673164 -0.002871017
vt -0.08823831 0.1536644
vt -0.09033774 0.1523169
vt -0.08983313 0.1497846
vt -0.08188446 0.1465173
vt -0.08028968 0.1503972
vt 0.06339134 0.1023696
vt 0.06256709 0.09825865
vt 0.06658815 0.09750299
vt 0.06825402 0.1013506
vt 0.07100079 0.1623566
vt 0.0725619 0.1584631
vt 0.08053856 0.1616613
vt 0.0810651 0.1641891
vt 0.07897742 0.1655548
vt -0.08500533 0.1617031
vt -0.08417264 0.1592589
vt -0.07950468 0.1604327
vt -0.07991937 0.1629814
vt -0.08948373 0.1638333
vt -0.08862969 0.1613963
vt -0.08308306 0.162733
vt -0.0835154 0.1652789
vt -0.09299548 0.1662819
vt -0.09212642 0.16385
vt -0.08569399 0.1653506
vt -0.08613895 0.1678945
vt -0.07887422 0.1600809
vt -0.07807402 0.1576262
vt -0.07427267 0.1586383
vt -0.0746611 0.1611908
vt 0.0190564 0.1108082
vt 0.02203866 0.1104891
vt 0.02387497 0.1217431
vt 0.0208757 0.1217489
vt -0.01904025 0.1108717
vt -0.02089779 0.1217245
vt -0.02389706 0.1217187
vt -0.0220225 0.1105526
vt -0.03754745 0.1319054
vt -0.03775085 0.1328883
vt -0.0406886 0.1322803
vt -0.0404852 0.1312974
vt 0.02144077 0.1270618
vt 0.02443951 0.1269749
vt 0.02446858 0.1279782
vt 0.02146984 0.1280651
vt -0.07723852 0.1546623
vt -0.07298468 0.1649052
vt -0.07392017 0.165268
vt -0.07814196 0.1550987
vt 0.0772652 0.1548319
vt 0.07816868 0.1552683
vt 0.07370635 0.1656744
vt 0.07277076 0.1653119
vt 0.01930138 0.1065201
vt 0.02068968 0.1062357
vt 0.02477177 0.1169817
vt 0.02215549 0.1172377
vt -0.01981943 0.1061316
vt -0.02267984 0.1167642
vt -0.02566553 0.116479
vt -0.022759 0.1055361
vt -0.0549101 0.1188592
vt -0.05532318 0.119774
vt -0.05805734 0.1185393
vt -0.05764427 0.1176245
vt -0.05620219 0.1182757
vt 0.04448362 0.1136289
vt 0.04699386 0.1128474
vt 0.04734802 0.1127372
vt 0.04764637 0.1136955
vt 0.04478198 0.1145873
vt -0.07912062 0.1451279
vt -0.0752456 0.1555201
vt -0.07619377 0.1558483
vt -0.08003949 0.145531
vt 0.07915564 0.1453147
vt 0.08007456 0.1457176
vt 0.07599811 0.1562807
vt 0.07504983 0.1559529
vt 0.02229404 0.1048812
vt 0.02384618 0.1045741
vt 0.02667147 0.1156216
vt 0.02630229 0.1156551
vt -0.1129417 0.07299088
vt -0.1093371 0.08040756
vt -0.1604504 0.1052496
vt -0.1613516 0.1033954
vt -0.1622527 0.1015413
vt -0.1631539 0.0996871
vt -0.164055 0.09783293
vt 0.1129417 0.07299087
vt 0.164055 0.09783293
vt 0.1631539 0.0996871
vt 0.1622527 0.1015413
vt 0.1613516 0.1033954
vt 0.1604504 0.1052496
vt 0.1093371 0.08040755
vt 0.02784141 0.0238041
vt 0.03983574 0.02682699
vt 0.03782048 0.0348232
vt 0.02582615 0.03180031
vt -0.02784165 0.02380471
vt -0.02733783 0.02580376
vt -0.03033641 0.02655949
vt -0.03084023 0.02456043
vt 0.03231823 0.1336071
vt 0.0584796 0.1840579
vt 0.0557344 0.1854814
vt 0.05298919 0.1869049
vt 0.05024398 0.1883285
vt 0.04749877 0.189752
vt 0.02133739 0.1393012
vt -0.03231823 0.1336071
vt -0.0213374 0.1393012
vt -0.04749879 0.189752
vt -0.050244 0.1883285
vt -0.05298921 0.1869049
vt -0.05573441 0.1854814
vt -0.05847962 0.1840578
vt -0.03182321 0.03331134
vt -0.0348218 0.03406706
vt -0.03532561 0.03206801
vt -0.03232703 0.03131229
vt -0.02882475 0.03255588
vt -0.03182333 0.03331161
vt -0.03232715 0.03131255
vt -0.02932856 0.03055683
vt -0.03482191 0.03406737
vt -0.03782048 0.03482309
vt -0.0383243 0.03282404
vt -0.03532572 0.03206832
vt -0.03882809 0.03082491
vt -0.03933191 0.02882586
vt -0.03633332 0.02807013
vt -0.03582951 0.03006919
vt -0.03933155 0.02882623
vt -0.03983536 0.02682718
vt -0.03683677 0.02607145
vt -0.03633296 0.02807051
vt -0.03832418 0.0328238
vt -0.03882799 0.03082475
vt -0.03582941 0.03006902
vt -0.0353256 0.03206808
vt 0.1622527 0.1015412
vt 0.1631539 0.09968703
vt 0.1658381 0.1009916
vt 0.164937 0.1028458
vt 0.1623489 0.1032395
vt 0.1632527 0.1013879
vt 0.165935 0.1026945
vt 0.1678061 0.1056742
vt -0.02683371 0.02780185
vt -0.02632989 0.02980091
vt -0.02932847 0.03055663
vt -0.02983229 0.02855757
vt -0.03633327 0.02806998
vt -0.03683708 0.02607093
vt -0.0338385 0.0253152
vt -0.03333468 0.02731426
vt -0.03333468 0.02731428
vt -0.03383849 0.02531523
vt -0.03083991 0.02455951
vt -0.03033609 0.02655856
vt -0.02733751 0.02580286
vt -0.02683369 0.02780191
vt -0.02983227 0.02855764
vt -0.03033609 0.02655858
vt -0.02632996 0.02980101
vt -0.02582614 0.03180007
vt -0.02882472 0.03255579
vt -0.02932854 0.03055673
vt 0.1617812 0.1039839
vt 0.1626961 0.1021376
vt 0.1681405 0.1046007
vt 0.1644538 0.1053105
vt 0.1613516 0.1033956
vt 0.1622528 0.1015415
vt 0.164937 0.102846
vt 0.1640359 0.1047002
vt 0.05024394 0.1883285
vt 0.05298915 0.186905
vt 0.05436302 0.1895544
vt 0.05161781 0.1909779
vt -0.1632526 0.101388
vt -0.1623488 0.1032395
vt -0.167806 0.1056742
vt -0.1659349 0.1026945
vt -0.0630921 0.1833035
vt -0.0604357 0.184885
vt -0.06196063 0.1874495
vt -0.06597354 0.1885385
vt 0.1045059 0.03888691
vt 0.1048592 0.03685585
vt 0.1086335 0.03939376
vt 0.06043535 0.1848851
vt 0.06309174 0.1833036
vt 0.06597318 0.1885386
vt 0.06196025 0.1874496
vt -0.1626961 0.1021374
vt -0.1617812 0.1039837
vt -0.1644538 0.1053103
vt -0.1681405 0.1046005
vt -0.05298948 0.1869048
vt -0.05024428 0.1883284
vt -0.05161814 0.1909778
vt -0.05436335 0.1895543
vt -0.1335609 -0.06006687
vt -0.1345021 -0.06470546
vt -0.1315354 -0.06240358
vt 0.04991804 0.1871144
vt 0.0526875 0.1857403
vt 0.05401493 0.1884125
vt 0.0523885 0.1925555
vt -0.1622529 0.1015418
vt -0.1613517 0.103396
vt -0.1640359 0.1047005
vt -0.1649371 0.1028464
vt -0.05573533 0.185481
vt -0.05299013 0.1869045
vt -0.054364 0.189554
vt -0.05710919 0.1881304
vt -0.1315353 -0.06240385
vt -0.1345019 -0.06470574
vt -0.1295099 -0.06474055
vt 0.05298955 0.1869048
vt 0.05573476 0.1854812
vt 0.05710863 0.1881307
vt 0.05436342 0.1895542
vt -0.163154 0.09968744
vt -0.1622528 0.1015416
vt -0.164937 0.1028462
vt -0.1658382 0.100992
vt -0.05268698 0.1857405
vt -0.04991752 0.1871145
vt -0.05238796 0.1925556
vt -0.05401442 0.1884126
vt -0.1338585 0.09136982
vt -0.1307484 0.08769099
vt -0.1298074 0.08952524
vt 0.1041523 0.04091794
vt 0.1045056 0.03888688
vt 0.1086332 0.03939373
vt -0.1338586 0.09137011
vt -0.1298074 0.08952552
vt -0.1288664 0.09135978
vt 0.004353208 0.1788545
vt 0.00734016 0.1780541
vt 0.008052751 0.1815003
vt 0.008052296 0.1814998
vt 0.007339694 0.1780536
vt 0.01032665 0.1772532
vt 0.09495665 0.1026294
vt 0.100935 0.08719278
vt 0.1158552 0.09297115
vt 0.1098768 0.1084078
vt -0.09495666 0.1026294
vt -0.1098768 0.1084078
vt -0.1158552 0.09297115
vt -0.100935 0.08719278
vt 0.02697996 0.06657312
vt 0.01536534 0.06469395
vt 0.01800926 0.0483526
vt 0.02962388 0.05023177
vt -0.02697997 0.06657313
vt -0.02962389 0.05023178
vt -0.01800926 0.04835261
vt -0.01536534 0.06469397
vt -0.01403411 0.1302701
vt -0.02020173 0.1450336
vt -0.03105811 0.1404982
vt -0.02489049 0.1257347
vt 0.01403411 0.13027
vt 0.02489049 0.1257347
vt 0.03105811 0.1404981
vt 0.02020172 0.1450335
vt 0.09774874 0.09564264
vt 0.1010016 0.08725105
vt 0.11592 0.09303395
vt 0.1126671 0.1014255
vt -0.09774873 0.09564264
vt -0.1126671 0.1014255
vt -0.11592 0.09303395
vt -0.1010016 0.08725105
vt 0.01389817 0.056993
vt 0.00798346 0.05598491
vt 0.009495595 0.04711286
vt 0.01541031 0.04812094
vt -0.01389822 0.05699298
vt -0.01541035 0.04812092
vt -0.00949564 0.04711283
vt -0.007983504 0.05598488
vt -0.02929001 0.1244453
vt -0.03572998 0.1390921
vt -0.04122251 0.1366771
vt -0.03478254 0.1220303
vt 0.02929001 0.1244453
vt 0.03478254 0.1220304
vt 0.04122251 0.1366771
vt 0.03572997 0.1390921
vt -0.06394854 0.171954
vt -0.05589018 0.1675901
vt -0.05538958 0.1686144
vt -0.03539947 0.1823943
vt -0.02883004 0.1760124
vt -0.02808412 0.1768746
vt 0.03301879 0.1690271
vt 0.03453561 0.1599802
vt 0.03564277 0.1602521
vt 0.09700908 0.1298322
vt 0.09133382 0.1225873
vt 0.09228978 0.1219661
vt 0.104677 0.1331563
vt 0.0965037 0.1288455
vt 0.09712841 0.1278918
vt 0.1004071 0.1540686
vt 0.09154293 0.1513374
vt 0.09197742 0.1502834
vt 0.09434538 0.1601137
vt 0.08524875 0.1581872
vt 0.08557506 0.1570948
vt 0.08529792 0.1417515
vt 0.07617349 0.1399346
vt 0.07646921 0.1388335
vt 0.03703343 0.1231553
vt 0.02953742 0.1176686
vt 0.03025506 0.1167827
vt -0.09923958 0.02618927
vt -0.09069992 0.02260892
vt -0.09029674 0.02367531
vt -0.08783549 0.08184785
vt -0.07905924 0.07901372
vt -0.0787405 0.08010833
vt -0.07800607 0.1374808
vt -0.06942839 0.1341896
vt -0.06905341 0.1352662
vt -0.05892608 0.1133811
vt -0.05850169 0.1123229
vt -0.0576051 0.1116188
vt -0.05647653 0.1114572
vt -0.0554184 0.1118816
vt -0.05471423 0.1127782
vt -0.0545527 0.1139068
vt -0.05497708 0.1149649
vt -0.05587368 0.1156691
vt -0.05700225 0.1158306
vt -0.05806038 0.1154062
vt -0.05876455 0.1145096
vt -0.06228081 0.173287
vt -0.05420755 0.1689507
vt -0.05371046 0.1699767
vt -0.03562991 0.1854691
vt -0.02889917 0.1792576
vt -0.02817557 0.1801386
vt 0.02633058 0.1735932
vt 0.02859672 0.1647044
vt 0.02967734 0.1650677
vt 0.09277896 0.1346298
vt 0.08774148 0.1269279
vt 0.08874686 0.1263904
vt 0.10288 0.1343495
vt 0.09491634 0.1296626
vt 0.0955848 0.1287391
vt 0.09843996 0.1562467
vt 0.08966193 0.1532503
vt 0.09012789 0.1522098
vt 0.09187637 0.1652675
vt 0.08282824 0.1631247
vt 0.08318051 0.1620404
vt 0.08235004 0.14963
vt 0.07326455 0.1476274
vt 0.07358267 0.1465326
vt 0.04384729 0.1263851
vt 0.03589967 0.1215758
vt 0.03653697 0.1206305
vt -0.09964366 0.02751566
vt -0.09144463 0.0232121
vt -0.09095098 0.02423975
vt -0.08663939 0.07807402
vt -0.07792493 0.07505528
vt -0.07758315 0.0761429
vt -0.07622445 0.1358307
vt -0.06767055 0.1324781
vt -0.06728788 0.133552
vt -0.06033211 0.1164143
vt -0.05996998 0.1153333
vt -0.05911586 0.1145782
vt -0.0579986 0.1143513
vt -0.05691758 0.1147134
vt -0.05616245 0.1155675
vt -0.05593555 0.1166848
vt -0.05629768 0.1177658
vt -0.0571518 0.1185209
vt -0.05826905 0.1187478
vt -0.05935008 0.1183857
vt -0.0601052 0.1175316
vt -0.05805169 0.1791619
vt -0.05029711 0.1742785
vt -0.04973037 0.1752678
vt -0.02397477 0.1797657
vt -0.01838782 0.1725083
vt -0.01752602 0.1732546
vt 0.05045949 0.1581499
vt 0.04950961 0.1490261
vt 0.0506492 0.148993
vt 0.09400629 0.1333505
vt 0.08723946 0.127113
vt 0.08808302 0.1263461
vt 0.09725147 0.1475819
vt 0.08881076 0.1438214
vt 0.08937098 0.1428285
vt 0.09356947 0.163314
vt 0.08462791 0.1608481
vt 0.0850308 0.1597816
vt 0.08810075 0.1574174
vt 0.0789897 0.1555602
vt 0.07930769 0.1544654
vt 0.0776303 0.1284389
vt 0.06858444 0.1262643
vt 0.06892328 0.1251758
vt -0.05974945 0.09496762
vt -0.05889996 0.08571707
vt -0.05777114 0.08587682
vt -0.09101112 0.05063706
vt -0.08230828 0.04747394
vt -0.08195715 0.04855859
vt -0.08236073 0.1097427
vt -0.07362635 0.1067821
vt -0.07329183 0.1078719
vt -0.07310598 0.1567513
vt -0.06464817 0.1531632
vt -0.06423591 0.1542262
vt -0.0498919 0.1185893
vt -0.04930513 0.1176118
vt -0.04830824 0.1170587
vt -0.04716834 0.1170781
vt -0.04619087 0.1176649
vt -0.04563774 0.1186617
vt -0.04565716 0.1198016
vt -0.04624392 0.1207791
vt -0.04724082 0.1213323
vt -0.04838071 0.1213128
vt -0.04935818 0.1207261
vt -0.04991132 0.1197292
vt 0.009293621 0.1232591
vt 0.01334529 0.1204893
vt 0.01418418 0.1228464
vt 0.01395574 0.1330421
vt 0.01617778 0.128666
vt 0.01804621 0.1303299
vt 0.02117478 0.1383035
vt 0.02103557 0.1333976
vt 0.02347199 0.1339664
vt 0.0290916 0.1385391
vt 0.02662582 0.1342956
vt 0.02903801 0.1336315
vt 0.03579405 0.1339453
vt 0.03160002 0.1313962
vt 0.03340152 0.12966
vt 0.03978919 0.1251266
vt 0.03488607 0.1249093
vt 0.03563029 0.1225206
vt 0.04013697 0.113334
vt 0.03576031 0.115555
vt 0.03523419 0.113109
vt 0.036399 0.1011373
vt 0.03377032 0.1052819
vt 0.03206884 0.1034477
vt 0.02900242 0.09260221
vt 0.02897746 0.09751008
vt 0.02656144 0.09686008
vt 0.01994268 0.09157242
vt 0.02257208 0.09571658
vt 0.02018761 0.09647425
vt 0.01233518 0.09866124
vt 0.01676113 0.1007823
vt 0.0151405 0.1026884
vt 0.008557286 0.1106877
vt 0.01344662 0.1102607
vt 0.01302178 0.1127263
vt -0.01580427 0.1392563
vt -0.01683143 0.136975
vt -0.01292168 0.1340082
vt -0.01099124 0.1382958
vt -0.002735346 0.1576304
vt -0.004639695 0.1560077
vt -0.002374823 0.1516536
vt 0.001204176 0.1547033
vt 0.01647791 0.1644863
vt 0.01404103 0.1639195
vt 0.01405321 0.1590116
vt 0.01863305 0.1600769
vt 0.03676404 0.162505
vt 0.03435099 0.163166
vt 0.03202638 0.1588435
vt 0.03656143 0.1576013
vt 0.05204903 0.1543833
vt 0.0502044 0.1560735
vt 0.04616195 0.1532903
vt 0.04962873 0.1501136
vt 0.06029586 0.1396931
vt 0.0593467 0.142008
vt 0.05450385 0.1412113
vt 0.05628768 0.1368607
vt 0.06219339 0.1151414
vt 0.06231327 0.1176405
vt 0.05758842 0.1189685
vt 0.05736311 0.1142718
vt 0.05666835 0.07978698
vt 0.05797989 0.0819176
vt 0.05448337 0.08536176
vt 0.05201847 0.08135749
vt 0.03772531 0.04426157
vt 0.04006953 0.04513583
vt 0.0394289 0.05000177
vt 0.03502321 0.0483587
vt 0.00632844 0.0390263
vt 0.008617173 0.03801566
vt 0.0115556 0.04194675
vt 0.007254184 0.04384614
vt -0.01506699 0.06991298
vt -0.01385135 0.06772622
vt -0.009136324 0.0690887
vt -0.01142099 0.07319847
vt -0.02072785 0.1086338
vt -0.02069739 0.106132
vt -0.01590129 0.1050903
vt -0.01595854 0.109792
vt -0.04234784 0.1532086
vt -0.04440879 0.1489848
vt -0.04053385 0.1458208
vt -0.03729036 0.1517536
vt -0.01870015 0.1715628
vt -0.02215783 0.168381
vt -0.01937152 0.1639866
vt -0.01494304 0.1682611
vt 0.01051968 0.1718586
vt 0.00597583 0.1706513
vt 0.006621521 0.1652941
vt 0.01250401 0.1670459
vt 0.04593873 0.1636368
vt 0.04146115 0.1650717
vt 0.03943785 0.1604295
vt 0.04511011 0.1583044
vt 0.06585973 0.1579876
vt 0.06253196 0.1613054
vt 0.05861828 0.1586238
vt 0.06306776 0.1537659
vt 0.07263038 0.1493611
vt 0.07068229 0.1536404
vt 0.0655231 0.1520243
vt 0.06864411 0.1467838
vt 0.07606017 0.126174
vt 0.07545049 0.1308358
vt 0.07055395 0.1313516
vt 0.07097446 0.1243408
vt 0.07436901 0.08206169
vt 0.07539658 0.08665015
vt 0.07021455 0.08781742
vt 0.06948616 0.08269928
vt 0.06484209 0.002179003
vt 0.06814859 0.00552143
vt 0.06489013 0.009435507
vt 0.06009416 0.004559715
vt -0.02311769 -0.02386484
vt -0.01965194 -0.02703165
vt -0.01549802 -0.02418401
vt -0.02045355 -0.01953181
vt -0.05341147 0.07655296
vt -0.0528539 0.0718992
vt -0.04854739 0.07178967
vt -0.04852411 0.07773878
vt -0.05529441 0.1182992
vt -0.05620866 0.1136903
vt -0.05122291 0.1120088
vt -0.05098334 0.1180125
vt -0.009978148 0.1230277
vt -0.0124348 0.129608
vt -0.02349075 0.123191
vt -0.01200318 0.100038
vt -0.01011621 0.1058386
vt -0.0236287 0.1060109
vt -0.03622722 0.1356909
vt -0.03848794 0.1301211
vt -0.02725147 0.130485
vt -0.03673873 0.1312125
vt -0.04011472 0.1262996
vt -0.03121947 0.1209574
vt -0.03030041 0.1322925
vt -0.03698642 0.1310406
vt -0.031479 0.1207791
vt -0.01662494 0.1289974
vt -0.02330872 0.1304489
vt -0.02411106 0.1189031
vt -0.009051965 0.120498
vt -0.0127141 0.124147
vt -0.02000909 0.1139138
vt -0.01192244 0.1090006
vt -0.007382616 0.1137771
vt -0.01913686 0.1194924
vt -0.02018178 0.1048068
vt -0.01442009 0.1066765
vt -0.021525 0.1172428
vt -0.03431008 0.1061239
vt -0.02836364 0.1046013
vt -0.02926178 0.1170774
vt -0.04120565 0.1123741
vt -0.0367118 0.1081647
vt -0.03154629 0.1190634
vt -0.03798927 0.1073187
vt -0.03624659 0.100784
vt -0.02675363 0.1077074
vt -0.1249225 0.1335619
vt -0.1188697 0.1289838
vt -0.11752 0.131781
vt -0.1167047 0.1457046
vt -0.1129161 0.1391813
vt -0.1105781 0.1412258
vt -0.09704517 0.157434
vt -0.09647473 0.1499666
vt -0.09347907 0.1507864
vt -0.06461816 0.1637883
vt -0.06758389 0.1569647
vt -0.06455014 0.1562995
vt -0.02927817 0.1526519
vt -0.03496208 0.1478975
vt -0.03253339 0.1459616
vt -0.002623746 0.119317
vt -0.00973362 0.1172385
vt -0.00825906 0.1145051
vt 0.01038211 0.06762643
vt 0.002989923 0.06840104
vt 0.003344346 0.0653155
vt 0.004254174 0.007062685
vt -0.002110402 0.01099021
vt -0.003112551 0.008050507
vt -0.03913679 -0.03572809
vt -0.04154122 -0.02858868
vt -0.04418836 -0.03021312
vt -0.1062006 0.005610146
vt -0.1014987 0.01155789
vt -0.1042997 0.01289982
vt -0.1254583 0.07497862
vt -0.117979 0.07638893
vt -0.1191927 0.07924779
vt -0.1271512 0.1140944
vt -0.1198059 0.1120904
vt -0.1196195 0.1151906
vt 0.07413562 0.08713377
vt 0.07485434 0.08411224
vt 0.07698752 0.08185489
vt 0.07996359 0.08096655
vt 0.08298512 0.08168526
vt 0.08524248 0.08381845
vt 0.08613081 0.08679453
vt 0.0854121 0.08981605
vt 0.08327891 0.0920734
vt 0.08030283 0.09296174
vt 0.07728131 0.09224303
vt 0.07502396 0.09010984
vt 0.05609272 0.1798226
vt 0.05461845 0.1819752
vt 0.05045629 0.1791246
vt 0.05193057 0.176972
vt 0.08650937 0.1593778
vt 0.08535963 0.1617198
vt 0.08083113 0.1594968
vt 0.08198087 0.1571547
vt 0.1049542 0.1226758
vt 0.1038185 0.1250247
vt 0.09927681 0.1228287
vt 0.1004125 0.1204798
vt 0.1204262 0.08611643
vt 0.1190086 0.08830681
vt 0.1147734 0.08556584
vt 0.116191 0.08337547
vt 0.1223057 0.09871452
vt 0.1200764 0.1000701
vt 0.1174554 0.09575965
vt 0.1196847 0.0944041
vt 0.02389943 0.1765722
vt 0.02155829 0.1754205
vt 0.02378509 0.1708938
vt 0.02612623 0.1720455
vt -0.05461864 0.1819751
vt -0.05609292 0.1798225
vt -0.05193076 0.1769719
vt -0.05045647 0.1791245
vt -0.08535965 0.1617198
vt -0.08650938 0.1593777
vt -0.08198087 0.1571547
vt -0.08083114 0.1594968
vt -0.1038184 0.1250246
vt -0.1049541 0.1226757
vt -0.1004125 0.1204797
vt -0.09927671 0.1228286
vt -0.1190085 0.08830665
vt -0.1204261 0.08611628
vt -0.116191 0.08337532
vt -0.1147734 0.0855657
vt -0.1200763 0.1000703
vt -0.1223056 0.09871479
vt -0.1196847 0.09440436
vt -0.1174553 0.09575991
vt -0.02155859 0.1754206
vt -0.02389974 0.1765723
vt -0.02612652 0.1720456
vt -0.02378538 0.170894
vt -0.07999053 0.08192584
vt -0.07749045 0.0826721
vt -0.07569845 0.08456843
vt -0.07509471 0.0871067
vt -0.07584098 0.08960678
vt -0.07773732 0.09139878
vt -0.08027559 0.09200252
vt -0.08277566 0.09125625
vt -0.08456766 0.08935992
vt -0.08517141 0.08682166
vt -0.08442513 0.08432159
vt -0.0825288 0.08252958
vt 0.08252878 0.08252964
vt 0.08442511 0.08432163
vt 0.08517139 0.08682171
vt 0.08456764 0.08935998
vt 0.08277564 0.09125631
vt 0.08027557 0.09200259
vt 0.0777373 0.09139884
vt 0.07584096 0.08960684
vt 0.0750947 0.08710677
vt 0.07569844 0.0845685
vt 0.07749043 0.08267216
vt 0.07999051 0.08192588
vt 0.1296309 0.09327426
vt 0.1315448 0.09269365
vt 0.1367722 0.1099247
vt 0.1348584 0.1105054
vt -0.1296308 0.09327444
vt -0.1348582 0.1105055
vt -0.1367721 0.1099249
vt -0.1315446 0.09269383
vt 0.09211779 -0.04140667
vt 0.09184042 -0.04338735
vt 0.09382109 -0.04366471
vt 0.09409846 -0.04168404
vt -0.0921175 -0.04140718
vt -0.09409818 -0.04168455
vt -0.09382081 -0.04366521
vt -0.09184014 -0.04338785
vt -0.1270407 0.02754614
vt -0.1433897 0.03509257
vt -0.1442279 0.03327669
vt -0.1278789 0.02573025
vt 0.1270406 0.02754627
vt 0.1278788 0.02573038
vt 0.1442278 0.03327682
vt 0.1433896 0.0350927
vt 0.1133637 0.1049421
vt 0.1153136 0.1044971
vt 0.1195411 0.1230224
vt 0.1175912 0.1234674
vt -0.1133637 0.1049421
vt -0.1175912 0.1234674
vt -0.119541 0.1230225
vt -0.1153135 0.1044971
vt 0.08324348 -0.04186143
vt 0.08303373 -0.0438504
vt 0.0850227 -0.04406016
vt 0.08523245 -0.04207119
vt -0.08324333 -0.04186105
vt -0.0852323 -0.04207081
vt -0.08502253 -0.04405978
vt -0.08303358 -0.04385002
vt -0.12957 0.02363754
vt -0.1468186 0.03160898
vt -0.1476577 0.02979348
vt -0.130409 0.02182203
vt 0.12957 0.02363752
vt 0.130409 0.02182202
vt 0.1476576 0.02979347
vt 0.1468186 0.03160896
vt 0.09586849 0.122387
vt 0.09785211 0.1221316
vt 0.100146 0.1399451
vt 0.09816235 0.1402005
vt -0.09586836 0.1223871
vt -0.0981622 0.1402006
vt -0.1001458 0.1399452
vt -0.09785198 0.1221317
vt 0.07824107 -0.02375408
vt 0.07812867 -0.02575092
vt 0.08012551 -0.02586331
vt 0.08023791 -0.02386647
vt -0.07824157 -0.023754
vt -0.08023842 -0.02386639
vt -0.08012602 -0.02586322
vt -0.07812919 -0.02575083
vt -0.1301808 0.03581686
vt -0.1466379 0.04301021
vt -0.147439 0.04117762
vt -0.1309818 0.03398427
vt 0.1301807 0.03581696
vt 0.1309817 0.03398437
vt 0.1474389 0.04117773
vt 0.1466379 0.04301031
vt 0.1045674 0.1188414
vt 0.1065554 0.118623
vt 0.1085204 0.1365082
vt 0.1065324 0.1367266
vt -0.1045674 0.1188414
vt -0.1065324 0.1367266
vt -0.1085204 0.1365082
vt -0.1065554 0.118623
vt 0.09006555 -0.02113004
vt 0.08997104 -0.02312781
vt 0.0919688 -0.02322231
vt 0.09206331 -0.02122455
vt -0.09006537 -0.02112993
vt -0.09206313 -0.02122444
vt -0.09196862 -0.0232222
vt -0.08997086 -0.02312769
vt -0.1256523 0.03575911
vt -0.1421782 0.04287509
vt -0.1429692 0.04103815
vt -0.1264433 0.03392217
vt 0.1256523 0.0357591
vt 0.1264433 0.03392217
vt 0.1429692 0.04103814
vt 0.1421782 0.04287508
vt -0.1547024 0.1044216
vt -0.1535479 0.09533048
vt -0.1524239 0.09552115
vt -0.01964316 0.1519197
vt -0.02506594 0.1445387
vt -0.02410981 0.1439178
vt 0.06890224 0.09224847
vt 0.06098447 0.08761643
vt 0.06163201 0.08667812
vt 0.1123803 0.01283358
vt 0.1037185 0.009723866
vt 0.1041968 0.008688984
vt 0.1403368 -0.05228826
vt 0.1314177 -0.05470412
vt 0.1318184 -0.05577146
vt 0.1671417 -0.07806821
vt 0.1582526 -0.08071712
vt 0.1586773 -0.08177512
vt 0.1901756 0.05184289
vt 0.184687 0.04433717
vt 0.1856591 0.04374146
vt -0.1019392 0.1582735
vt -0.09381663 0.1537369
vt -0.09332741 0.1547666
vt -0.1481538 0.08989434
vt -0.1395287 0.08644453
vt -0.1391577 0.08752253
vt -0.1694252 0.03070749
vt -0.1609795 0.02691071
vt -0.1605493 0.02796648
vt -0.1864572 -0.005779431
vt -0.1786085 -0.01062219
vt -0.1780382 -0.009635003
vt -0.1967975 0.009874718
vt -0.1906253 0.003069365
vt -0.1898052 0.003861273
vt 0.1294336 -0.05178171
vt 0.1305669 -0.05190582
vt 0.1316104 -0.05144665
vt 0.1322845 -0.05052725
vt 0.1324086 -0.04939396
vt 0.1319495 -0.04835045
vt 0.1310301 -0.04767633
vt 0.1298968 -0.04755222
vt 0.1288532 -0.04801139
vt 0.1281791 -0.04893079
vt 0.128055 -0.05006408
vt 0.1285142 -0.05110759
vt -0.137832 0.1230447
vt -0.1377914 0.1138807
vt -0.1366525 0.1139333
vt 0.004772109 0.1489383
vt -0.001461335 0.1422279
vt -0.0005827088 0.1415015
vt 0.08239043 0.07910041
vt 0.07417314 0.07502324
vt 0.07475469 0.07404266
vt 0.1199316 -0.001287011
vt 0.1111296 -0.003974176
vt 0.1115573 -0.005030976
vt 0.1447043 -0.06397932
vt 0.1356932 -0.0660255
vt 0.1360495 -0.06710845
vt 0.1700934 -0.0847568
vt 0.1611153 -0.08708613
vt 0.1615019 -0.08815864
vt 0.1587999 0.1199457
vt 0.1562282 0.11101
vt 0.1573459 0.110785
vt -0.1260631 0.1397671
vt -0.1174821 0.1361722
vt -0.1171117 0.1372504
vt -0.1577296 0.07489785
vt -0.1489807 0.07177504
vt -0.1486505 0.07286625
vt -0.1755165 0.0185691
vt -0.1670083 0.01491463
vt -0.1665959 0.01597748
vt -0.1909778 -0.01206623
vt -0.1831298 -0.01691017
vt -0.1825593 -0.01592306
vt -0.1984942 0.0155717
vt -0.1925785 0.008542171
vt -0.1917296 0.009303122
vt 0.1298545 -0.05172017
vt 0.1309941 -0.05175204
vt 0.131997 -0.05120983
vt 0.1325944 -0.05023883
vt 0.1326263 -0.04909921
vt 0.132084 -0.04809634
vt 0.131113 -0.04749893
vt 0.1299734 -0.04746707
vt 0.1289705 -0.04800928
vt 0.1283731 -0.04898028
vt 0.1283413 -0.0501199
vt 0.1288835 -0.05112277
vt -0.1580128 -0.01663543
vt -0.1570973 -0.01429812
vt -0.162554 -0.0121244
vt -0.1634695 -0.01446172
vt 0.1580128 -0.01663544
vt 0.1634695 -0.01446172
vt 0.162554 -0.01212441
vt 0.1570973 -0.01429812
vt 0.03487923 -0.0661934
vt 0.03764125 -0.06542461
vt 0.03696813 -0.0630063
vt 0.03420611 -0.0637751
vt -0.1186459 -0.02653296
vt -0.117611 -0.02424598
vt -0.1191393 -0.02348836
vt -0.1201742 -0.02577534
vt 0.06688499 0.1243675
vt 0.07023016 0.1291955
vt 0.06963796 0.1307944
vt 0.06787353 0.1308283
vt 0.06452837 0.1260003
vt -0.0668994 0.1243882
vt -0.06454278 0.126021
vt -0.06788793 0.130849
vt -0.06965236 0.1308151
vt -0.07024457 0.1292162
vt -0.1218941 -0.02230795
vt -0.1234224 -0.02155033
vt -0.1244573 -0.02383731
vt -0.122929 -0.02459493
vt 0.06551704 0.132461
vt 0.06492486 0.1340599
vt 0.06316043 0.1340939
vt 0.05981525 0.1292659
vt 0.06217187 0.127633
vt 0.04040297 -0.06465558
vt 0.04316499 -0.06388678
vt 0.04249187 -0.06146848
vt 0.03972985 -0.06223727
vt -0.06218618 0.1276538
vt -0.05982956 0.1292866
vt -0.06317471 0.1341146
vt -0.06493915 0.1340807
vt -0.06553133 0.1324818
vt -0.1197533 -0.02327647
vt -0.1212816 -0.02251884
vt -0.1223165 -0.02480582
vt -0.1207882 -0.02556345
vt 0.06787363 0.1308282
vt 0.06728145 0.1324271
vt 0.06551702 0.1324611
vt 0.06217185 0.1276331
vt 0.06452847 0.1260002
vt 0.03764069 -0.0654247
vt 0.0404027 -0.0646559
vt 0.03972958 -0.06223759
vt 0.03696758 -0.06300638
vt -0.06454284 0.126021
vt -0.06218623 0.1276538
vt -0.06553139 0.1324818
vt -0.06729583 0.1324479
vt -0.06788801 0.130849
vt -0.1240356 -0.02133897
vt -0.1255639 -0.02058134
vt -0.1265988 -0.02286831
vt -0.1250706 -0.02362594
vt 0.06316017 0.134094
vt 0.06256799 0.1356929
vt 0.06080355 0.1357269
vt 0.05745839 0.1308988
vt 0.05981501 0.129266
vt 0.04316435 -0.06388693
vt 0.04592636 -0.06311814
vt 0.04525324 -0.06069984
vt 0.04249123 -0.06146863
vt -0.0598294 0.1292867
vt -0.05747278 0.1309195
vt -0.06081795 0.1357475
vt -0.06258237 0.1357136
vt -0.06317455 0.1341147
vt 0.06163989 -0.07145426
vt 0.05987472 -0.07148783
vt 0.05983693 -0.07399778
vt 0.06160209 -0.07396421
vt 0.06402763 -0.07148986
vt 0.06226247 -0.07152342
vt 0.06222467 -0.07403338
vt 0.06398983 -0.07399981
vt 0.06641532 -0.07152563
vt 0.06465016 -0.0715592
vt 0.06461237 -0.07406916
vt 0.06637752 -0.07403558
vt 0.05925181 -0.07141842
vt 0.05748666 -0.07145198
vt 0.05744884 -0.07396194
vt 0.05921401 -0.07392837
vt 0.06767085 0.08966187
vt 0.06636368 0.08284479
vt 0.06721781 0.08271768
vt 0.1511785 0.0165418
vt 0.1465002 0.01141929
vt 0.1471703 0.01087469
vt 0.1746627 -0.03690248
vt 0.1687186 -0.04050021
vt 0.1692196 -0.04120352
vt 0.1762897 -0.0405421
vt 0.1699141 -0.04336054
vt 0.1703315 -0.0441165
vt 0.1663878 0.001971493
vt 0.1599489 -0.0007724612
vt 0.160361 -0.001531339
vt 0.1253866 0.0910558
vt 0.1196901 0.08694378
vt 0.1202578 0.08629306
vt -0.103462 0.1247166
vt -0.1015636 0.1179343
vt -0.1007538 0.1182341
vt -0.1768288 -0.01904724
vt -0.1710258 -0.02304532
vt -0.1705837 -0.02230353
vt -0.1712066 -0.06081098
vt -0.1650871 -0.06428381
vt -0.1646982 -0.06351282
vt -0.1553836 -0.04747816
vt -0.1495029 -0.05130059
vt -0.1490583 -0.0505603
vt -0.1244975 0.006488328
vt -0.1194034 0.001708405
vt -0.118831 0.002354994
vt -0.05533529 0.07766344
vt -0.05235567 0.07137464
vt -0.05158722 0.07176857
vt -0.03980146 -0.1275985
vt -0.03894375 -0.1274985
vt -0.03825094 -0.1269831
vt -0.03790869 -0.1261903
vt -0.03800869 -0.1253325
vt -0.03852416 -0.1246397
vt -0.03931697 -0.1242975
vt -0.04017469 -0.1243975
vt -0.0408675 -0.1249129
vt -0.04120975 -0.1257057
vt -0.04110975 -0.1265635
vt -0.04059428 -0.1272563
vt 0.0615441 0.09258864
vt 0.06049313 0.08572738
vt 0.06135143 0.08563235
vt 0.1491625 0.02069012
vt 0.1445861 0.01547641
vt 0.1452669 0.01494512
vt 0.1742697 -0.03519139
vt 0.1683513 -0.03883126
vt 0.1688573 -0.039531
vt 0.176387 -0.04129552
vt 0.1700115 -0.04411419
vt 0.1704289 -0.04487013
vt 0.1671925 -0.001227676
vt 0.1607314 -0.003918784
vt 0.1611372 -0.004681019
vt 0.1303468 0.08450225
vt 0.1245084 0.08059447
vt 0.1250526 0.07992407
vt -0.09028637 0.1340331
vt -0.08895446 0.1271172
vt -0.08812264 0.1273491
vt -0.1766049 -0.01565728
vt -0.1708298 -0.0196956
vt -0.1703826 -0.01895691
vt -0.1714729 -0.06050831
vt -0.1653367 -0.06395147
vt -0.1649515 -0.06317859
vt -0.1560941 -0.0491994
vt -0.1501741 -0.05296073
vt -0.1497372 -0.05221588
vt -0.1264787 0.003222535
vt -0.121299 -0.001464474
vt -0.1207384 -0.0008076438
vt -0.06040673 0.07494001
vt -0.0572282 0.06874938
vt -0.0564727 0.0691676
vt -0.04083599 -0.1268093
vt -0.03997564 -0.1267353
vt -0.03926756 -0.1262411
vt -0.03890149 -0.125459
vt -0.03897551 -0.1245986
vt -0.03946979 -0.1238905
vt -0.04025189 -0.1235244
vt -0.04111224 -0.1235985
vt -0.04182032 -0.1240927
vt -0.04218639 -0.1248749
vt -0.04211237 -0.1257352
vt -0.04161809 -0.1264433
vt 0.1320205 0.04117235
vt 0.1282096 0.03537079
vt 0.1289505 0.03492721
vt 0.1725142 -0.02768372
vt 0.1669038 -0.0317642
vt 0.1674512 -0.03243212
vt 0.180332 -0.04950363
vt 0.1741029 -0.05258179
vt 0.1745422 -0.05332523
vt 0.1747373 -0.02123011
vt 0.1683405 -0.02399998
vt 0.1687521 -0.02475908
vt 0.1492602 0.05456735
vt 0.1432034 0.05105982
vt 0.1437048 0.05035675
vt -0.00569729 0.1582305
vt -0.007360728 0.1514047
vt -0.0065065 0.1512783
vt -0.1741801 0.01621371
vt -0.1689272 0.01152214
vt -0.1684064 0.01221092
vt -0.1784028 -0.05561047
vt -0.1723538 -0.05922562
vt -0.1719606 -0.05845685
vt -0.1660115 -0.06102492
vt -0.1600481 -0.06475949
vt -0.1596262 -0.06400605
vt -0.1413083 -0.01961345
vt -0.1359158 -0.02409833
vt -0.1353876 -0.02341522
vt -0.08768743 0.051549
vt -0.08384669 0.0457141
vt -0.08313946 0.0462096
vt 0.02293682 0.09593344
vt 0.02314824 0.08897771
vt 0.02401013 0.08903088
vt -0.03523028 -0.1343124
vt -0.03446211 -0.1339179
vt -0.0339941 -0.1331922
vt -0.03395164 -0.1323297
vt -0.03434611 -0.1315615
vt -0.03507182 -0.1310935
vt -0.0359343 -0.1310511
vt -0.03670247 -0.1314456
vt -0.03717048 -0.1321712
vt -0.03721294 -0.1330337
vt -0.03681847 -0.1338019
vt -0.03609276 -0.1342699
vt 0.1477787 0.02678907
vt 0.1432907 0.02149382
vt 0.1439722 0.02096347
vt 0.1735918 -0.03181212
vt 0.1676701 -0.03542594
vt 0.1681617 -0.0361359
vt 0.1755552 -0.04032106
vt 0.1691591 -0.0430353
vt 0.1695549 -0.04380281
vt 0.1671552 -0.003607535
vt 0.1606438 -0.006096251
vt 0.161022 -0.006872558
vt 0.1363933 0.07616659
vt 0.1303127 0.07270038
vt 0.1308093 0.07199392
vt -0.0753432 0.1436499
vt -0.07473178 0.136651
vt -0.07388209 0.136805
vt -0.176022 -0.01631483
vt -0.170176 -0.0202426
vt -0.1697544 -0.01948896
vt -0.1698094 -0.06095348
vt -0.1635799 -0.06424771
vt -0.1632273 -0.06345943
vt -0.1546813 -0.04948925
vt -0.1486373 -0.05309177
vt -0.148232 -0.05232923
vt -0.1268493 0.001974842
vt -0.1214752 -0.0025321
vt -0.1209442 -0.00185116
vt -0.06522492 0.07408038
vt -0.06170052 0.06804913
vt -0.06096789 0.06850624
vt 0.05529878 0.0982786
vt 0.05461148 0.09135367
vt 0.05547304 0.09129526
vt -0.04231986 -0.120097
vt -0.04159469 -0.1196282
vt -0.04120108 -0.1188596
vt -0.04124452 -0.1179971
vt -0.04171336 -0.117272
vt -0.04248197 -0.1168784
vt -0.04334441 -0.1169218
vt -0.04406958 -0.1173906
vt -0.04446318 -0.1181592
vt -0.04441975 -0.1190217
vt -0.04395091 -0.1197468
vt -0.0431823 -0.1201405
vt 0.1372211 0.03876019
vt 0.1331808 0.03311595
vt 0.1339033 0.03264304
vt 0.1705675 -0.02472666
vt 0.1648403 -0.02864144
vt 0.1653678 -0.02932506
vt 0.1751304 -0.04027358
vt 0.1688339 -0.04321132
vt 0.1692564 -0.04396442
vt 0.1679173 -0.009306605
vt 0.1614687 -0.01195361
vt 0.1618657 -0.01272046
vt 0.1408958 0.06476981
vt 0.1347969 0.06133596
vt 0.1352897 0.06062686
vt -0.02811199 0.1556276
vt -0.02921819 0.1486897
vt -0.02835653 0.1486327
vt -0.1729783 0.003899708
vt -0.1674825 -0.0005049458
vt -0.1669992 0.0002106433
vt -0.1714307 -0.05467954
vt -0.1653003 -0.0581547
vt -0.1649248 -0.05737708
vt -0.1574997 -0.05187582
vt -0.1514904 -0.05553593
vt -0.1510779 -0.05477731
vt -0.1317173 -0.006768935
vt -0.1263043 -0.01122908
vt -0.1257792 -0.01054356
vt -0.07633172 0.06308122
vt -0.07254659 0.05721008
vt -0.07183469 0.05769884
vt 0.03570866 0.09932078
vt 0.0356748 0.09236191
vt 0.03653803 0.09238468
vt -0.04058616 -0.1215343
vt -0.03982966 -0.1211179
vt -0.03938273 -0.120379
vt -0.03936511 -0.1195157
vt -0.03978152 -0.1187592
vt -0.04052039 -0.1183122
vt -0.04138374 -0.1182946
vt -0.04214024 -0.118711
vt -0.04258718 -0.1194499
vt -0.0426048 -0.1203132
vt -0.04218838 -0.1210697
vt -0.04144951 -0.1215167
vt -0.09955431 0.1436668
vt -0.1015007 0.1347117
vt -0.1003775 0.1345163
vt 0.02652373 0.1325195
vt 0.01987703 0.1262182
vt 0.02070779 0.1254374
vt 0.09399151 0.05812689
vt 0.08581311 0.05397229
vt 0.08640389 0.05299724
vt 0.1314332 -0.01679115
vt 0.1227523 -0.01984714
vt 0.1232242 -0.02088497
vt 0.1597926 -0.06449299
vt 0.1509815 -0.06727711
vt 0.1514261 -0.06832689
vt 0.1916077 -0.0455383
vt 0.1833521 -0.04976662
vt 0.183963 -0.05072922
vt 0.03358167 0.194797
vt 0.03735145 0.186297
vt 0.03835249 0.1868427
vt -0.1262095 0.1328937
vt -0.1179431 0.1286248
vt -0.1174877 0.12967
vt -0.1608134 0.06556271
vt -0.152371 0.06168727
vt -0.1519467 0.06274544
vt -0.1814254 0.01360412
vt -0.1733145 0.009136701
vt -0.1728003 0.01015422
vt -0.1968197 -0.002288031
vt -0.1896716 -0.008115524
vt -0.1889772 -0.007211381
vt -0.1916791 0.04892979
vt -0.1873116 0.04084689
vt -0.186326 0.04141992
vt 0.1295823 -0.05659946
vt 0.1307143 -0.05646421
vt 0.1316271 -0.05578108
vt 0.132076 -0.05473311
vt 0.1319407 -0.05360109
vt 0.1312576 -0.05268837
vt 0.1302096 -0.05223949
vt 0.1290776 -0.05237473
vt 0.1281649 -0.05305786
vt 0.127716 -0.05410583
vt 0.1278512 -0.05523785
vt 0.1285343 -0.05615057
vt -0.03698263 0.1426181
vt -0.04313963 0.1290779
vt -0.04142468 0.1283829
vt 0.06710637 0.09387548
vt 0.0557586 0.08427231
vt 0.0570334 0.08293103
vt 0.1235622 0.01865339
vt 0.1104061 0.01168216
vt 0.1113921 0.01011633
vt 0.1586515 -0.0382401
vt 0.1449088 -0.044094
vt 0.1457812 -0.04572589
vt 0.1869041 -0.04815993
vt 0.1733932 -0.05467179
vt 0.1743505 -0.05625541
vt 0.1904841 0.06065286
vt 0.1814395 0.04861765
vt 0.1830148 0.04764674
vt -0.05214585 0.1810564
vt -0.04261092 0.1693576
vt -0.0412766 0.1706397
vt -0.1445406 0.1007116
vt -0.1316689 0.09281544
vt -0.1308072 0.09445299
vt -0.1761342 0.035931
vt -0.1631438 0.02827667
vt -0.1622837 0.02991505
vt -0.1942649 0.0009568278
vt -0.1821486 -0.007936302
vt -0.1811074 -0.006406599
vt -0.1993256 0.01611755
vt -0.1896801 0.004670353
vt -0.1883002 0.005903236
vt -0.1586545 0.09232462
vt -0.1553565 0.07778171
vt -0.1535655 0.07824712
vt 0.1171189 -0.07896376
vt 0.1188769 -0.07838605
vt 0.1201104 -0.07700676
vt 0.1204891 -0.07519548
vt 0.1199114 -0.07343753
vt 0.1185321 -0.07220395
vt 0.1167208 -0.07182528
vt 0.1149629 -0.072403
vt 0.1137293 -0.07378228
vt 0.1133506 -0.07559356
vt 0.1139283 -0.07735151
vt 0.1153076 -0.07858509
vt -0.132866 0.1213914
vt -0.1330578 0.1122292
vt -0.131918 0.112253
vt -0.002717548 0.1395489
vt -0.008337373 0.1323168
vt -0.007398331 0.1316703
vt 0.08056077 0.07290226
vt 0.07280269 0.06800744
vt 0.07348133 0.06709136
vt 0.1261316 -0.003981789
vt 0.1176644 -0.007587721
vt 0.1182018 -0.008593185
vt 0.1581682 -0.05687891
vt 0.1494964 -0.06007046
vt 0.1499894 -0.06109839
vt 0.1894276 -0.05223896
vt 0.1811321 -0.05638834
vt 0.1817337 -0.05735673
vt 0.1387061 0.1439033
vt 0.1374234 0.1346938
vt 0.1385617 0.1346291
vt -0.1000445 0.1560492
vt -0.09243 0.1507036
vt -0.09183776 0.1516778
vt -0.1528026 0.08137679
vt -0.1445499 0.07711217
vt -0.1440767 0.07814942
vt -0.1782847 0.02209685
vt -0.1702349 0.0175203
vt -0.169707 0.01853078
vt -0.1960374 -0.004359443
vt -0.1887704 -0.01003801
vt -0.1880948 -0.009119707
vt -0.1982646 0.02921589
vt -0.1931597 0.02157721
vt -0.1922321 0.02223995
vt 0.1285443 -0.06683441
vt 0.1296842 -0.06685191
vt 0.1306802 -0.0662971
vt 0.1312653 -0.06531864
vt 0.1312828 -0.06417871
vt 0.130728 -0.06318276
vt 0.1297495 -0.06259764
vt 0.1286096 -0.06258014
vt 0.1276136 -0.06313495
vt 0.1270285 -0.06411341
vt 0.127011 -0.06525334
vt 0.1275658 -0.0662493
vt 0.1533237 -0.002225583
vt 0.154942 -0.005501554
vt 0.1680458 0.0009714443
vt 0.1664276 0.004247409
vt -0.1533237 -0.002225572
vt -0.1664276 0.004247431
vt -0.1680458 0.0009714616
vt -0.154942 -0.005501537
vt 0.09774692 -0.05193435
vt 0.09635656 -0.05220914
vt 0.09496623 -0.05248392
vt 0.09357589 -0.05275869
vt 0.09218554 -0.05303348
vt 0.09289396 -0.056618
vt 0.09428431 -0.05634322
vt 0.09567466 -0.05606844
vt 0.09706502 -0.05579367
vt 0.09845535 -0.05551888
vt -0.09774682 -0.05193485
vt -0.09845525 -0.05551938
vt -0.09731619 -0.05574449
vt -0.09660774 -0.05215996
vt 0.02898622 0.1585951
vt 0.02355726 0.1721648
vt 0.02247924 0.1717335
vt 0.02312812 0.1700254
vt 0.02377702 0.1683173
vt 0.02507481 0.1649011
vt 0.02767038 0.1580687
vt -0.02898471 0.1585952
vt -0.02766889 0.1580688
vt -0.02247764 0.1717336
vt -0.02355566 0.1721649
vt -0.1632736 -0.01231869
vt -0.1613454 -0.01303925
vt -0.1599527 -0.00966123
vt -0.1618808 -0.008940673
vt -0.09384821 -0.05642945
vt -0.09289373 -0.05661808
vt -0.0921853 -0.05303355
vt -0.09313978 -0.05284492
vt 0.007341283 -0.07321164
vt 0.009342377 -0.07313108
vt 0.009070099 -0.06948738
vt 0.007069015 -0.06956793
vt 0.03308402 0.1713879
vt 0.03168827 0.169875
vt 0.03231557 0.1681583
vt 0.03370491 0.1695378
vt 0.009158398 0.1718655
vt 0.007161678 0.1720202
vt 0.008007028 0.1702612
vt 0.009914032 0.1702019
vt 0.01919642 0.1704205
vt 0.0182931 0.1700591
vt 0.02372212 0.1564894
vt 0.02503795 0.1570159
vt 0.02211718 0.1637182
vt 0.0206568 0.1670693
vt 0.01992661 0.1687449
vt -0.03315786 0.1572143
vt -0.03182477 0.1567341
vt -0.02645288 0.1703337
vt -0.02780878 0.1718822
vt -0.0201508 0.1585328
vt -0.01885618 0.1579569
vt -0.01245326 0.1721963
vt -0.01444519 0.1719909
vt -0.02503839 0.1570158
vt -0.02372255 0.1564894
vt -0.01829357 0.1700591
vt -0.0191969 0.1704205
vt 0.01919081 0.1650795
vt 0.02227035 0.1579062
vt 0.02357479 0.1584601
vt 0.02083691 0.1652367
vt 0.02565254 0.1637312
vt 0.02845464 0.1569784
vt 0.02977948 0.1574815
vt 0.02697936 0.1647684
vt 0.01251287 0.1686302
vt 0.01414133 0.1650829
vt 0.01578307 0.1652809
vt 0.01433053 0.1686343
vt 0.02932264 0.1667779
vt 0.03063876 0.1633675
vt 0.03199121 0.1643711
vt 0.03068295 0.1680486
vt 0.03091378 0.168293
vt 0.03155293 0.1665806
vt 0.03292724 0.1678362
vt 0.03229354 0.169682
vt 0.009423022 0.170326
vt 0.01025649 0.1685613
vt 0.012074 0.1685851
vt 0.01132958 0.1702538
vt 0.1627136 -0.01675627
vt 0.1643032 -0.01945657
vt 0.1751043 -0.01309848
vt 0.1735148 -0.01039818
vt -0.1627136 -0.01675627
vt -0.1735148 -0.01039818
vt -0.1751043 -0.01309847
vt -0.1643032 -0.01945656
vt 0.05474002 -0.08156086
vt 0.05047113 -0.08352746
vt 0.0517822 -0.08637338
vt 0.05605109 -0.08440678
vt -0.05474009 -0.08156082
vt -0.05605116 -0.08440675
vt -0.05178227 -0.08637334
vt -0.0504712 -0.08352742
vt -0.06890378 0.1133416
vt -0.07662834 0.1232118
vt -0.08032969 0.1203151
vt -0.07260512 0.1104448
vt 0.06890379 0.1133416
vt 0.07260513 0.1104448
vt 0.08032971 0.1203151
vt 0.07662836 0.1232118
vt 0.1624459 -0.01716727
vt 0.163564 -0.01916356
vt 0.1715492 -0.01469109
vt 0.170431 -0.01269479
vt -0.1624459 -0.01716727
vt -0.1704311 -0.01269479
vt -0.1715492 -0.01469109
vt -0.163564 -0.01916357
vt 0.04202304 -0.08510426
vt 0.03879962 -0.08628294
vt 0.03958541 -0.08843188
vt 0.04280882 -0.0872532
vt -0.04202313 -0.08510433
vt -0.04280891 -0.08725327
vt -0.03958551 -0.08843194
vt -0.03879972 -0.08628301
vt -0.06431744 0.1172506
vt -0.06932072 0.1249143
vt -0.07219465 0.1230381
vt -0.06719135 0.1153743
vt 0.06431744 0.1172506
vt 0.06719135 0.1153744
vt 0.07219464 0.1230381
vt 0.06932073 0.1249143
vt 0.1539555 -0.008771932
vt 0.1556449 -0.01201179
vt 0.1686043 -0.005254294
vt 0.1669149 -0.002014433
vt -0.1539555 -0.00877192
vt -0.1669149 -0.002014422
vt -0.1686043 -0.005254283
vt -0.1556449 -0.01201178
vt 0.1107503 -0.05426379
vt 0.1093735 -0.05459959
vt 0.1079966 -0.0549354
vt 0.1066197 -0.0552712
vt 0.1052428 -0.055607
vt 0.1061086 -0.05915681
vt 0.1074855 -0.058821
vt 0.1088623 -0.0584852
vt 0.1102392 -0.0581494
vt 0.1116161 -0.0578136
vt -0.1107502 -0.05426405
vt -0.111616 -0.05781386
vt -0.1104879 -0.05808897
vt -0.1096222 -0.05453916
vt 0.02969913 0.1601189
vt 0.02350703 0.1733578
vt 0.02245529 0.1728658
vt 0.0232003 0.1711974
vt 0.02394531 0.169529
vt 0.02543533 0.1661921
vt 0.02841537 0.1595184
vt -0.0296994 0.1601188
vt -0.02841564 0.1595184
vt -0.0224556 0.1728659
vt -0.02350733 0.1733578
vt -0.1727905 -0.010691
vt -0.1708967 -0.0114977
vt -0.1693532 -0.008185854
vt -0.171247 -0.007379158
vt -0.1070535 -0.05892617
vt -0.1061083 -0.05915669
vt -0.1052425 -0.05560688
vt -0.1061878 -0.05537636
vt -0.003876135 -0.08289795
vt -0.00187362 -0.0828701
vt -0.002049886 -0.07922049
vt -0.004052402 -0.07924833
vt 0.03226669 0.1728707
vt 0.03096909 0.1712728
vt 0.03170337 0.1695991
vt 0.03300299 0.1710634
vt 0.01925311 0.1713682
vt 0.01837182 0.170956
vt 0.02456392 0.1577171
vt 0.02584768 0.1583176
vt 0.0225504 0.1648429
vt 0.02090175 0.1681056
vt 0.02007744 0.1697369
vt 0.009870522 0.1726616
vt 0.007868518 0.1727146
vt 0.00880213 0.1710008
vt 0.01070969 0.1710385
vt -0.03351916 0.1588554
vt -0.03221759 0.1582953
vt -0.02603212 0.1715448
vt -0.02729177 0.1731725
vt -0.02125295 0.1597824
vt -0.01999091 0.1591383
vt -0.01283735 0.1730158
vt -0.01483739 0.1729169
vt -0.02584757 0.1583176
vt -0.02456381 0.1577171
vt -0.0183717 0.170956
vt -0.01925301 0.1713683
vt 0.01975115 0.1661787
vt 0.02322093 0.1591859
vt 0.02449291 0.1598107
vt 0.02138611 0.1664263
vt 0.01318002 0.169503
vt 0.01499269 0.1660462
vt 0.01662176 0.1663303
vt 0.01499496 0.1696026
vt 0.0258326 0.1649967
vt 0.02902739 0.1584206
vt 0.03032032 0.1590008
vt 0.02709606 0.1661102
vt 0.02901777 0.1681286
vt 0.03054051 0.1648053
vt 0.03182888 0.16589
vt 0.03029761 0.1694803
vt 0.03037914 0.1696817
vt 0.03112386 0.1680125
vt 0.03241718 0.1693514
vt 0.03166957 0.1711541
vt 0.01013379 0.1710985
vt 0.01105698 0.1693791
vt 0.01287087 0.1694964
vt 0.01204154 0.1711246
vt 0.09890749 0.08788479
vt 0.101424 0.08161671
vt 0.1125673 0.08609056
vt 0.1100507 0.09235863
vt -0.09793577 0.08671934
vt -0.1088664 0.09168991
vt -0.1116517 0.08517925
vt -0.1006813 0.08029721
vt 0.009518992 0.05007322
vt 0.003599175 0.04840944
vt 0.007053325 0.04233897
vt 0.01138141 0.04358082
vt -0.00939702 0.05011187
vt -0.01125966 0.04361953
vt -0.006931618 0.04237754
vt -0.003506292 0.04857543
vt -0.05081318 0.1163262
vt -0.05757387 0.1262497
vt -0.06266193 0.1229073
vt -0.05595205 0.1129493
vt 0.05361245 0.1149658
vt 0.05725631 0.1123203
vt 0.06431096 0.1220372
vt 0.06066711 0.1246827
vt 0.09732227 0.08694126
vt 0.1002304 0.08084501
vt 0.1110682 0.08601509
vt 0.1081601 0.09211134
vt -0.09732228 0.08694125
vt -0.1081601 0.09211133
vt -0.1110682 0.08601509
vt -0.1002305 0.08084501
vt 0.002783313 0.04532407
vt -0.004634704 0.04053433
vt -0.0009708552 0.03486001
vt 0.00644716 0.03964975
vt -0.002783324 0.04532404
vt -0.006447174 0.03964972
vt 0.0009708434 0.03485998
vt 0.004634692 0.04053431
vt -0.08475792 0.09609513
vt -0.09441578 0.1032305
vt -0.09966277 0.09612852
vt -0.09000491 0.08899318
vt 0.08475793 0.09609511
vt 0.09000493 0.08899318
vt 0.09966279 0.09612852
vt 0.09441578 0.1032305
vt 0.09538531 0.08906174
vt 0.09856141 0.08310068
vt 0.1091588 0.08874708
vt 0.1059827 0.09470814
vt -0.09538531 0.08906173
vt -0.1059827 0.09470813
vt -0.1091588 0.08874708
vt -0.09856141 0.08310069
vt -0.007219342 0.03683455
vt -0.01081325 0.03412158
vt -0.006743795 0.02873073
vt -0.003149891 0.0314437
vt 0.007219289 0.03683455
vt 0.003149835 0.0314437
vt 0.00674374 0.02873073
vt 0.01081319 0.03412158
vt -0.09351636 0.08611657
vt -0.1033267 0.09304084
vt -0.1059233 0.08936198
vt -0.09611297 0.0824377
vt 0.09351636 0.08611655
vt 0.09611298 0.0824377
vt 0.1059233 0.08936197
vt 0.1033267 0.09304082
vt 0.03805969 0.1152927
vt 0.03637835 0.1155976
vt 0.03459508 0.1057643
vt 0.03627642 0.1054594
vt 0.06789412 0.1088252
vt 0.07037263 0.1142894
vt 0.06881648 0.1149952
vt 0.06639995 0.1160914
vt 0.06398343 0.1171875
vt 0.06224401 0.1179765
vt 0.0597655 0.1125123
vt 0.03805969 0.1152928
vt 0.03912985 0.121194
vt 0.03034734 0.1227867
vt 0.02927716 0.1168855
vt 0.03115652 0.1165446
vt 0.03376743 0.1160712
vt 0.03637835 0.1155977
vt -0.03805985 0.1152928
vt -0.03637851 0.1155977
vt -0.0368417 0.1181518
vt -0.03730489 0.1207059
vt -0.03744869 0.1214989
vt -0.03913001 0.121194
vt 0.07343184 0.1588446
vt 0.07900308 0.1610719
vt 0.07677665 0.1666408
vt 0.07120539 0.1644135
vt -0.07343184 0.1588446
vt -0.07120541 0.1644135
vt -0.07677665 0.1666409
vt -0.07900309 0.161072
vt 0.03388201 0.1160499
vt 0.03115663 0.1165441
vt 0.02937335 0.1067109
vt 0.03198427 0.1062374
vt -0.031156 0.1165447
vt -0.02927664 0.1168855
vt -0.03034683 0.1227867
vt -0.03222619 0.1224459
vt -0.03208238 0.121653
vt -0.03161919 0.1190988
vt 0.0363785 0.1155978
vt 0.03388205 0.1160505
vt 0.03198431 0.106238
vt 0.03459523 0.1057645
vt -0.03208311 0.1216535
vt -0.03222691 0.1224465
vt -0.03483783 0.121973
vt -0.03469402 0.12118
vt -0.03469402 0.12118
vt -0.03483783 0.121973
vt -0.03744875 0.1214995
vt -0.03730495 0.1207065
vt 0.03376758 0.1160711
vt 0.03115666 0.1165446
vt 0.02937341 0.1067113
vt 0.03198433 0.1062378
vt 0.0363785 0.1155976
vt 0.03376758 0.1160711
vt 0.03198437 0.1062378
vt 0.03459528 0.1057643
vt 0.03115622 0.1165446
vt 0.02927686 0.1168854
vt 0.02749363 0.1070521
vt 0.02937299 0.1067113
vt -0.07803936 0.1634823
vt -0.07707573 0.1658926
vt -0.07811555 0.1663083
vt -0.07907917 0.163898
vt -0.07556413 0.1632306
vt -0.07458532 0.1656369
vt -0.07744334 0.1668793
vt -0.07842894 0.1644785
vt 0.06223334 0.120386
vt 0.06467912 0.119357
vt 0.06573112 0.122291
vt 0.06266747 0.1214182
vt 0.07458532 0.1656369
vt 0.07556413 0.1632306
vt 0.07842894 0.1644785
vt 0.07744334 0.1668793
vt -0.06477378 0.1192904
vt -0.06222109 0.1203653
vt -0.06265552 0.1213973
vt -0.06571944 0.1222692
vt -0.07788014 0.1320029
vt -0.07760008 0.1345836
vt -0.08075939 0.1349919
vt -0.08103947 0.1324113
vt 0.06634225 0.1181978
vt 0.06875981 0.1171041
vt 0.06922144 0.1181242
vt 0.06747167 0.1211028
vt 0.07707611 0.1658925
vt 0.07803974 0.1634822
vt 0.07907957 0.1638979
vt 0.07811595 0.1663082
vt -0.06879497 0.1170099
vt -0.06648402 0.118057
vt -0.0675092 0.1210094
vt -0.06925721 0.1180298
vt 0.02053014 0.1391873
vt 0.01961081 0.1416149
vt 0.01640379 0.1403306
vt 0.01732312 0.1379031
vt 0.06648347 0.1180578
vt 0.06879442 0.1170107
vt 0.06925665 0.1180306
vt 0.06750862 0.1210102
vt 0.07803939 0.1634823
vt 0.07900304 0.161072
vt 0.08004285 0.1614877
vt 0.07907922 0.163898
vt 0.01951509 0.1345026
vt 0.02263018 0.1357621
vt 0.02179165 0.1382212
vt 0.01858873 0.1369273
vt -0.07900295 0.161072
vt -0.0780393 0.1634823
vt -0.07907911 0.163898
vt -0.08004276 0.1614877
vt 0.06222113 0.1203653
vt 0.06477383 0.1192904
vt 0.06571949 0.1222692
vt 0.06265557 0.1213973
vt 0.07556408 0.1632307
vt 0.07654969 0.1608301
vt 0.07940771 0.1620724
vt 0.07842889 0.1644787
vt -0.08083932 0.1306341
vt -0.07758684 0.1302341
vt -0.07732088 0.132816
vt -0.08048213 0.1332076
vt -0.0790029 0.161072
vt -0.08004271 0.1614878
vt -0.0837527 0.1522083
vt -0.08271287 0.1517925
vt -0.07768295 0.1285931
vt -0.08093499 0.1289967
vt -0.08187686 0.1190469
vt -0.07871591 0.118653
vt 0.07957043 0.1628609
vt 0.07671167 0.1616189
vt 0.08050761 0.1523735
vt 0.08336637 0.1536155
vt -0.06449465 0.1191771
vt -0.06204887 0.1202061
vt -0.062483 0.1212382
vt -0.06554665 0.122111
vt -0.0734318 0.1588446
vt -0.07900305 0.161072
vt -0.08271299 0.1517925
vt -0.07714173 0.1495651
vt -0.03115668 0.1165446
vt -0.03388206 0.1160503
vt -0.03198434 0.1062378
vt -0.02937343 0.1067113
vt 0.07927351 0.1610829
vt 0.07369903 0.1588614
vt 0.07739817 0.1495777
vt 0.08297186 0.1517982
vt -0.06392151 0.110627
vt -0.06150499 0.1117231
vt -0.06398351 0.1171873
vt -0.06640003 0.1160912
vt -0.07654969 0.1608301
vt -0.07556408 0.1632307
vt -0.07842889 0.1644787
vt -0.07940771 0.1620724
vt -0.07671167 0.1616189
vt -0.07957043 0.1628609
vt -0.08336637 0.1536155
vt -0.08050756 0.1523735
vt 0.02207529 0.1375468
vt 0.01895879 0.1362909
vt 0.02251349 0.1269509
vt 0.02571832 0.1282401
vt 0.08004271 0.1614878
vt 0.07900289 0.1610721
vt 0.08271283 0.1517925
vt 0.08375264 0.1522083
vt -0.06875253 0.1168559
vt -0.06633496 0.1179496
vt -0.06746436 0.1208547
vt -0.06921414 0.117876
vt -0.07369907 0.1588613
vt -0.07927357 0.1610829
vt -0.08297191 0.1517982
vt -0.07739822 0.1495777
vt -0.03388203 0.1160503
vt -0.03637847 0.1155976
vt -0.03459525 0.1057643
vt -0.03198434 0.1062378
vt 0.0790031 0.1610719
vt 0.07343185 0.1588446
vt 0.07714178 0.149565
vt 0.08271303 0.1517924
vt -0.06633805 0.1095309
vt -0.06392153 0.110627
vt -0.06640005 0.1160912
vt -0.06881656 0.114995
vt -0.0734318 0.1588446
vt -0.07900304 0.161072
vt -0.08271298 0.1517925
vt -0.07714172 0.1495651
vt -0.0363782 0.1155977
vt -0.03805954 0.1152928
vt -0.03627627 0.1054595
vt -0.03459493 0.1057644
vt 0.07900304 0.161072
vt 0.0734318 0.1588446
vt 0.07714174 0.1495651
vt 0.08271297 0.1517925
vt -0.06789473 0.1088246
vt -0.06633858 0.1095305
vt -0.06881715 0.1149946
vt -0.07037329 0.1142887
vt -0.07343188 0.1588445
vt -0.07900313 0.1610719
vt -0.08271306 0.1517924
vt -0.07714181 0.149565
vt -0.02927684 0.1168854
vt -0.0311562 0.1165446
vt -0.02937298 0.1067113
vt -0.02749361 0.1070521
vt 0.07900312 0.1610719
vt 0.07343186 0.1588445
vt 0.07714181 0.149565
vt 0.08271305 0.1517924
vt -0.06150473 0.1117233
vt -0.0597653 0.1125124
vt -0.06224378 0.1179765
vt -0.06398322 0.1171875
vt -0.1017688 -0.002109835
vt -0.09618721 0.001124254
vt -0.1030029 0.0128873
vt -0.1085845 0.009653216
vt 0.1528594 0.01724678
vt 0.1589404 0.02269123
vt 0.1546374 0.0274973
vt 0.1522296 0.03018663
vt 0.1498218 0.03287596
vt 0.1455055 0.03769696
vt 0.1394245 0.03225252
vt -0.1017688 -0.002109915
vt -0.0976785 -0.009169257
vt -0.08025134 0.0009283711
vt -0.08434165 0.00798771
vt -0.08994059 0.004743573
vt -0.09306388 0.002933873
vt -0.09618719 0.001124175
vt 0.1017689 -0.002109918
vt 0.09618726 0.001124172
vt 0.09441692 -0.001931207
vt 0.09264658 -0.004986585
vt 0.09209695 -0.005935167
vt 0.09767856 -0.009169259
vt -0.08864905 0.1014091
vt -0.09589431 0.1051677
vt -0.09965132 0.09792543
vt -0.09240605 0.09416685
vt 0.08864912 0.101409
vt 0.09240614 0.09416677
vt 0.0996514 0.09792535
vt 0.09589439 0.1051676
vt -0.09320118 0.002855034
vt -0.08994094 0.004744071
vt -0.09675659 0.01650714
vt -0.09987991 0.01469744
vt 0.08994041 0.004743626
vt 0.08434147 0.00798776
vt 0.08025116 0.0009284297
vt 0.0858501 -0.00231571
vt 0.08639972 -0.001367123
vt 0.08817007 0.001688248
vt -0.0961872 0.001124048
vt -0.09320083 0.002854405
vt -0.09987957 0.01469681
vt -0.1030029 0.01288711
vt 0.08639967 -0.001367825
vt 0.08585005 -0.002316411
vt 0.08897334 -0.004126113
vt 0.08952297 -0.003177527
vt 0.08952298 -0.003177533
vt 0.08897336 -0.00412612
vt 0.09209666 -0.005935822
vt 0.09264629 -0.00498724
vt -0.09306401 0.002933928
vt -0.08994071 0.004743626
vt -0.09675641 0.01650667
vt -0.0998797 0.01469697
vt -0.09618732 0.00112427
vt -0.09306402 0.002933966
vt -0.09987976 0.01469699
vt -0.1030031 0.01288729
vt -0.08994059 0.004743708
vt -0.08434165 0.007987845
vt -0.09115741 0.01975086
vt -0.09675635 0.01650672
vt 0.09752022 0.102033
vt 0.0991463 0.09889849
vt 0.1004986 0.0996
vt 0.09887248 0.1027345
vt 0.08747439 0.1042644
vt 0.08922543 0.1011949
vt 0.09295659 0.1032076
vt 0.0912172 0.1062797
vt 0.149772 0.02951987
vt 0.152123 0.02678085
vt 0.1551867 0.02971204
vt 0.1509277 0.03051207
vt -0.08922543 0.1011949
vt -0.08747439 0.1042644
vt -0.0912172 0.1062797
vt -0.09295659 0.1032076
vt -0.1521691 0.02663228
vt -0.149715 0.02949134
vt -0.1508707 0.03048357
vt -0.1551297 0.0296836
vt 0.1479728 0.02713974
vt 0.1475256 0.02363699
vt 0.1518121 0.02300029
vt 0.1522594 0.02650308
vt 0.1521955 0.0281435
vt 0.1545785 0.0254322
vt 0.1557227 0.02643763
vt 0.1552245 0.03111057
vt -0.09914742 0.09889847
vt -0.09752134 0.102033
vt -0.09887359 0.1027345
vt -0.1004997 0.09959998
vt -0.154557 0.0254367
vt -0.1522776 0.02802828
vt -0.155201 0.0311153
vt -0.1557009 0.02644256
vt 0.01594408 0.04527425
vt 0.01378525 0.04247978
vt 0.01755776 0.03967741
vt 0.01971656 0.04247187
vt 0.1522776 0.02802744
vt 0.154557 0.02543585
vt 0.1557008 0.02644171
vt 0.1552009 0.03111444
vt -0.09752063 0.1020328
vt -0.09589456 0.1051673
vt -0.09724682 0.1058688
vt -0.09887289 0.1027343
vt 0.02187835 0.04787466
vt 0.01820819 0.05059914
vt 0.0159471 0.04788258
vt 0.01971957 0.04508058
vt 0.09589406 0.1051675
vt 0.09752014 0.102033
vt 0.09887241 0.1027345
vt 0.09724633 0.105869
vt 0.149715 0.02949132
vt 0.1521691 0.02663226
vt 0.1551297 0.02968358
vt 0.1508707 0.03048355
vt -0.08747496 0.1042639
vt -0.0857356 0.107336
vt -0.08946677 0.1093487
vt -0.09121777 0.1062791
vt 0.1523376 0.02770978
vt 0.1479345 0.02840621
vt 0.1474518 0.02490849
vt 0.1517313 0.02422778
vt 0.0958942 0.1051672
vt 0.09724647 0.1058687
vt 0.09098618 0.1179365
vt 0.08963392 0.117235
vt 0.1480369 0.02974682
vt 0.1524414 0.02905869
vt 0.1541486 0.04254687
vt 0.1498676 0.04321788
vt -0.09394576 0.1060932
vt -0.09018253 0.1041395
vt -0.08367494 0.1160768
vt -0.08743817 0.1180305
vt -0.1517887 0.02667364
vt -0.1494377 0.02941266
vt -0.1505934 0.03040487
vt -0.1548524 0.02960482
vt 0.08864915 0.1014089
vt 0.09589441 0.1051675
vt 0.0896341 0.1172352
vt 0.08238883 0.1134767
vt 0.08994071 0.004743619
vt 0.09320095 0.002854579
vt 0.09987971 0.01469697
vt 0.09675641 0.01650666
vt -0.09739047 0.1045492
vt -0.0901222 0.1008328
vt -0.08393241 0.1129367
vt -0.0911989 0.1166532
vt -0.1461486 0.02474226
vt -0.1437408 0.02743158
vt -0.1498218 0.03287603
vt -0.1522296 0.0301867
vt 0.0857356 0.107336
vt 0.08747496 0.1042639
vt 0.09121777 0.1062791
vt 0.08946677 0.1093487
vt 0.09018251 0.1041395
vt 0.09394573 0.1060932
vt 0.08743814 0.1180305
vt 0.08367486 0.1160768
vt 0.01668407 0.04849852
vt 0.02035304 0.04577245
vt 0.02867138 0.05652541
vt 0.02490101 0.0593303
vt -0.09724648 0.1058687
vt -0.09589423 0.1051672
vt -0.08963388 0.117235
vt -0.09098613 0.1179365
vt -0.1544305 0.02512519
vt -0.1520476 0.02783651
vt -0.1550767 0.03080359
vt -0.1555748 0.02613062
vt 0.090122 0.1008332
vt 0.09739026 0.1045496
vt 0.09119868 0.1166535
vt 0.0839322 0.112937
vt 0.09320091 0.002854635
vt 0.09618728 0.001124279
vt 0.103003 0.0128873
vt 0.09987972 0.014697
vt -0.0958942 0.1051678
vt -0.08864893 0.1014092
vt -0.08238859 0.113477
vt -0.08963386 0.1172356
vt -0.1485564 0.02205285
vt -0.1461486 0.02474219
vt -0.1522296 0.03018664
vt -0.1546374 0.0274973
vt 0.0886492 0.1014088
vt 0.09589447 0.1051674
vt 0.08963414 0.1172352
vt 0.08238887 0.1134766
vt 0.0961872 0.001124255
vt 0.1017688 -0.002109836
vt 0.1085845 0.009653215
vt 0.1030029 0.0128873
vt -0.09589451 0.1051674
vt -0.08864924 0.1014088
vt -0.08238893 0.1134766
vt -0.08963419 0.1172351
vt -0.1528594 0.01724689
vt -0.1485564 0.02205295
vt -0.1546374 0.02749741
vt -0.1589404 0.02269134
vt 0.08864894 0.1014093
vt 0.0958942 0.1051679
vt 0.08963387 0.1172356
vt 0.08238861 0.1134771
vt 0.08434166 0.007987851
vt 0.08994059 0.00474372
vt 0.09675635 0.01650673
vt 0.09115741 0.01975087
vt -0.09589412 0.1051679
vt -0.08864886 0.1014093
vt -0.08238853 0.1134771
vt -0.08963379 0.1172357
vt -0.1437408 0.02743141
vt -0.1394245 0.03225242
vt -0.1455055 0.03769686
vt -0.1498218 0.03287585
vt 0.1197333 0.0490941
vt 0.1227633 0.04061949
vt 0.1378292 0.04600614
vt 0.1347993 0.05448076
vt -0.1114411 0.06994255
vt -0.1263299 0.07580084
vt -0.129586 0.06694468
vt -0.1146504 0.06120693
vt -0.0781531 -0.006095828
vt -0.08624385 -0.007389911
vt -0.08260313 -0.0159547
vt -0.07668394 -0.01497491
vt 0.07830942 -0.006027524
vt 0.07683999 -0.01490657
vt 0.08275914 -0.01588653
vt 0.08634213 -0.007157485
vt -0.1215099 0.08872018
vt -0.1277899 0.103436
vt -0.1353031 0.1003782
vt -0.1290984 0.08563043
vt 0.1247861 0.08394466
vt 0.1302089 0.08137693
vt 0.1370562 0.09583773
vt 0.1316334 0.09840545
vt 0.1023359 0.076948
vt 0.1056701 0.06858836
vt 0.1205317 0.07451572
vt 0.1171975 0.08287536
vt -0.102336 0.07694801
vt -0.1171975 0.08287536
vt -0.1205317 0.07451572
vt -0.1056701 0.06858838
vt -0.09526841 -0.008790865
vt -0.1058605 -0.01391313
vt -0.1019423 -0.02201545
vt -0.09135018 -0.01689318
vt 0.09526839 -0.008790899
vt 0.09135018 -0.01689322
vt 0.1019423 -0.02201549
vt 0.1058605 -0.01391317
vt -0.1523285 0.009498429
vt -0.1646721 0.01967864
vt -0.1721581 0.01060176
vt -0.1598146 0.0004215512
vt 0.1523285 0.009498405
vt 0.1598146 0.0004215348
vt 0.1721581 0.01060174
vt 0.1646721 0.01967862
vt 0.1006459 0.07835694
vt 0.1040124 0.07001029
vt 0.1188509 0.07599518
vt 0.1154844 0.08434184
vt -0.1006459 0.07835697
vt -0.1154844 0.08434187
vt -0.1188509 0.0759952
vt -0.1040124 0.07001031
vt -0.108561 -0.0146023
vt -0.1139396 -0.01726135
vt -0.109951 -0.02532927
vt -0.1045724 -0.02267021
vt 0.1085609 -0.01460233
vt 0.1045724 -0.02267024
vt 0.109951 -0.0253293
vt 0.1139395 -0.01726138
vt -0.1606449 -0.002886905
vt -0.1730423 0.007227556
vt -0.1768353 0.002578504
vt -0.1644378 -0.007535964
vt 0.1606449 -0.002886944
vt 0.1644378 -0.007535999
vt 0.1768353 0.00257846
vt 0.1730423 0.007227527
vt -0.0870702 0.0202668
vt -0.08861165 0.02951495
vt -0.1079765 0.02628727
vt -0.106435 0.01703912
vt 0.1003593 0.1040486
vt 0.1197419 0.1009295
vt 0.1210418 0.1073912
vt 0.1016591 0.1105103
vt 0.1092886 0.08544586
vt 0.1133494 0.08722861
vt 0.1095805 0.09581347
vt 0.1055197 0.09403072
vt -0.1092885 0.08544588
vt -0.1055197 0.09403074
vt -0.1095804 0.09581348
vt -0.1133493 0.08722862
vt 0.1248886 0.09636371
vt 0.1432423 0.08939549
vt 0.1448164 0.0935416
vt 0.1264627 0.1005098
vt -0.1248886 0.09636378
vt -0.1264627 0.1005099
vt -0.1448164 0.09354169
vt -0.1432423 0.08939557
vt 0.0671189 -0.1060786
vt 0.06928208 -0.1001485
vt 0.0511277 -0.0926763
vt 0.04896452 -0.09860642
vt -0.1156416 0.09709175
vt -0.1214853 0.09470485
vt -0.1193353 0.08847424
vt 0.1182899 0.08802612
vt 0.1204399 0.09425672
vt 0.1145962 0.09664362
vt -0.1011013 0.08892947
vt -0.09429945 0.0970776
vt -0.09890552 0.1009226
vt -0.1057074 0.0927745
vt 0.1011013 0.08892947
vt 0.1057074 0.0927745
vt 0.09890552 0.1009226
vt 0.09429945 0.0970776
vt -0.0445177 0.06589102
vt -0.03833399 0.05755005
vt -0.02980758 0.06387125
vt -0.03599129 0.0722122
vt 0.0445177 0.06589101
vt 0.03599129 0.07221221
vt 0.02980758 0.06387125
vt 0.03833399 0.05755005
vt -0.07264952 0.1383879
vt -0.07775152 0.1415454
vt -0.08321562 0.1327162
vt -0.07811363 0.1295588
vt 0.07264952 0.1383879
vt 0.07811363 0.1295588
vt 0.08321563 0.1327162
vt 0.07775152 0.1415454
vt -0.06814096 0.1716436
vt -0.06685348 0.1744212
vt -0.07332853 0.1774225
vt -0.074616 0.1746448
vt 0.06675172 0.174902
vt 0.07320882 0.1779416
vt 0.07190488 0.1807116
vt 0.06544777 0.1776719
vt 0.07787701 0.1091967
vt 0.08530969 0.1070409
vt 0.08636773 0.1099138
vt 0.07875606 0.1121293
vt -0.09597147 0.1698367
vt -0.100501 0.1712291
vt -0.1035032 0.167637
vt -0.1095349 0.09031929
vt -0.1132459 0.09641537
vt -0.1198845 0.09223275
vt -0.1160823 0.08619318
vt 0.1095914 0.09020711
vt 0.1162891 0.08596604
vt 0.1201004 0.0919999
vt 0.1133115 0.09629763
vt -0.1102088 0.1209862
vt -0.1103833 0.1240427
vt -0.1147256 0.1224195
vt 0.009969006 -0.06035734
vt 0.005453818 -0.06700358
vt 0.009802224 -0.06499006
vt -0.03591688 0.1297102
vt -0.04066659 0.1290752
vt -0.03920979 0.1263825
vt -0.1110872 0.06932401
vt -0.1079767 0.07385997
vt -0.1145766 0.07838576
vt -0.1176871 0.07384978
vt 0.1110872 0.06932405
vt 0.1176871 0.07384983
vt 0.1145766 0.07838579
vt 0.1079767 0.07386
vt 0.00782368 -0.000460302
vt 0.01387906 0.005142821
vt 0.01014365 0.009179736
vt 0.00408827 0.003576615
vt -0.007823641 -0.000460226
vt -0.004088229 0.003576692
vt -0.01014361 0.009179814
vt -0.01387902 0.005142896
vt 0.1018723 0.08225431
vt 0.1083017 0.08701909
vt 0.1033897 0.09364735
vt 0.09696019 0.08888257
vt -0.1018723 0.08225431
vt -0.09696016 0.08888258
vt -0.1033896 0.09364737
vt -0.1083017 0.0870191
vt -0.1062327 0.06917275
vt -0.1035965 0.0739998
vt -0.1114901 0.07831069
vt -0.1141263 0.07348363
vt 0.1062327 0.06917278
vt 0.1141262 0.07348367
vt 0.11149 0.07831072
vt 0.1035965 0.07399984
vt 0.001311929 0.01339357
vt 0.007837323 0.01844152
vt 0.004472024 0.02279178
vt -0.002053368 0.01774383
vt -0.001311896 0.01339365
vt 0.002053404 0.01774391
vt -0.004471992 0.02279187
vt -0.007837292 0.01844161
vt 0.09792735 0.08043552
vt 0.1052748 0.08562262
vt 0.1005168 0.09236234
vt 0.09316932 0.08717524
vt -0.09792733 0.08043554
vt -0.09316931 0.08717526
vt -0.1005168 0.09236236
vt -0.1052748 0.08562265
vt 0.08788385 0.09460787
vt 0.09119812 0.0902186
vt 0.09996933 0.09684159
vt 0.09665506 0.1012309
vt -0.08788385 0.0946079
vt -0.09665506 0.1012309
vt -0.09996932 0.09684162
vt -0.09119812 0.09021863
vt 0.01285062 0.02081821
vt 0.008065132 0.02753847
vt 0.003584972 0.02434815
vt 0.008370453 0.0176279
vt -0.01285052 0.02081824
vt -0.008370357 0.01762792
vt -0.003584878 0.02434818
vt -0.008065042 0.02753849
vt 0.1074832 0.06858356
vt 0.1171634 0.07378854
vt 0.1132564 0.08105477
vt 0.1035762 0.07584979
vt -0.1074832 0.06858354
vt -0.1035762 0.07584976
vt -0.1132564 0.08105475
vt -0.1171634 0.07378852
vt 0.09821831 0.08700742
vt 0.1013101 0.08550341
vt 0.1073261 0.09787041
vt 0.1042343 0.09937441
vt -0.0982183 0.08700746
vt -0.1042343 0.09937446
vt -0.107326 0.09787045
vt -0.10131 0.08550346
vt 0.06416486 0.06859149
vt 0.06320398 0.06352456
vt 0.06658193 0.06288397
vt 0.06754281 0.0679509
vt -0.06416492 0.06859154
vt -0.06754287 0.06795095
vt -0.06658199 0.06288402
vt -0.06320404 0.0635246
vt -0.08410921 0.1179502
vt -0.09692262 0.1229453
vt -0.09879579 0.1181403
vt -0.08598239 0.1131452
vt 0.08410921 0.1179502
vt 0.08598238 0.1131452
vt 0.09879579 0.1181403
vt 0.09692263 0.1229453
vt 0.1115448 0.0595833
vt 0.1148683 0.05639868
vt 0.1276068 0.06969302
vt 0.1242833 0.07287765
vt -0.1115448 0.0595833
vt -0.1242832 0.07287764
vt -0.1276068 0.06969301
vt -0.1148683 0.05639868
vt 0.06528677 0.04967199
vt 0.06368325 0.04608678
vt 0.06788516 0.04420743
vt 0.06948869 0.04779264
vt -0.06528687 0.04967222
vt -0.06948879 0.04779287
vt -0.06788526 0.04420766
vt -0.06368335 0.04608701
vt -0.07845984 0.1160795
vt -0.09514396 0.1238673
vt -0.09680514 0.1203084
vt -0.08012103 0.1125207
vt 0.07845987 0.1160795
vt 0.08012106 0.1125206
vt 0.09680517 0.1203084
vt 0.09514398 0.1238673
vt 0.11159 0.0569338
vt 0.1144517 0.05332845
vt 0.1288731 0.06477542
vt 0.1260113 0.06838077
vt -0.11159 0.05693378
vt -0.1260113 0.06838074
vt -0.1288731 0.06477539
vt -0.1144517 0.05332844
vt 0.06462845 0.05262656
vt 0.06245812 0.04935323
vt 0.06629451 0.04680958
vt 0.06846483 0.0500829
vt -0.06462859 0.05262678
vt -0.06846497 0.05008312
vt -0.06629465 0.04680979
vt -0.06245826 0.04935345
vt -0.07160844 0.1276089
vt -0.08790195 0.1361839
vt -0.08973105 0.1327083
vt -0.07343756 0.1241333
vt 0.07160846 0.1276089
vt 0.07343758 0.1241333
vt 0.08973107 0.1327083
vt 0.08790196 0.1361839
vt 0.1129542 0.05437727
vt 0.1146071 0.05232045
vt 0.1266303 0.06198274
vt 0.1249774 0.06403957
vt -0.1129542 0.05437725
vt -0.1249774 0.06403955
vt -0.1266303 0.06198272
vt -0.1146071 0.05232043
vt 0.06893478 0.05322666
vt 0.06785414 0.05158255
vt 0.07005917 0.05013324
vt 0.0711398 0.05177733
vt -0.06893513 0.05322761
vt -0.07114017 0.0517783
vt -0.07005954 0.05013419
vt -0.06785451 0.05158351
vt -0.06951363 0.1298408
vt -0.08315246 0.137045
vt -0.08407137 0.1353054
vt -0.07043254 0.1281012
vt 0.06951366 0.1298408
vt 0.07043256 0.1281012
vt 0.08407138 0.1353054
vt 0.08315248 0.137045
vt 0.1222703 0.06565012
vt 0.1251509 0.06272022
vt 0.1368705 0.07424264
vt 0.1339899 0.07717253
vt -0.1222703 0.06565014
vt -0.1339899 0.07717256
vt -0.1368705 0.07424266
vt -0.1251509 0.06272024
vt 0.06774844 0.04304593
vt 0.0648006 0.03763343
vt 0.06840892 0.0356682
vt 0.07135677 0.0410807
vt -0.06774853 0.04304596
vt -0.07135686 0.04108073
vt -0.06840901 0.03566822
vt -0.06480068 0.03763345
vt -0.08429624 0.1247769
vt -0.09878498 0.1325353
vt -0.1016944 0.127102
vt -0.08720563 0.1193437
vt 0.08429626 0.1247769
vt 0.08720563 0.1193437
vt 0.1016944 0.127102
vt 0.09878499 0.1325353
vt 0.1570979 -0.0272931
vt 0.1514086 -0.03126972
vt 0.1519324 -0.03195625
vt 0.1730895 -0.05670423
vt 0.1668719 -0.05978131
vt 0.1672989 -0.06053189
vt 0.1753222 -0.03664606
vt 0.1690015 -0.0395315
vt 0.1694177 -0.04028808
vt 0.1561909 0.04063428
vt 0.1504187 0.03672615
vt 0.1509639 0.03605654
vt -0.01302812 0.1516115
vt -0.01310722 0.1446128
vt -0.01224668 0.1446847
vt -0.1614713 0.02907859
vt -0.15608 0.02457399
vt -0.1555896 0.02528477
vt -0.175825 -0.04214077
vt -0.169821 -0.04582251
vt -0.1694311 -0.04505203
vt -0.1715395 -0.05710314
vt -0.1656704 -0.06100358
vt -0.1652408 -0.0602545
vt -0.1536325 -0.02443311
vt -0.148431 -0.02917161
vt -0.1478815 -0.02850553
vt -0.1047759 0.04379927
vt -0.1013703 0.03766779
vt -0.1006308 0.03811365
vt 0.003568622 0.08952784
vt 0.003117045 0.08255694
vt 0.003980025 0.08252613
vt 0.1104836 0.04061126
vt 0.1063479 0.03501454
vt 0.1070581 0.03452329
vt 0.004490052 -0.1360146
vt 0.004900143 -0.1352547
vt 0.004875326 -0.1343915
vt 0.004422244 -0.1336564
vt 0.003662301 -0.1332463
vt 0.002799128 -0.1332711
vt 0.002064007 -0.1337242
vt 0.001653915 -0.1344841
vt 0.001678737 -0.1353473
vt 0.002131818 -0.1360824
vt 0.002891757 -0.1364925
vt 0.003754931 -0.1364677
vt 0.1622217 -0.0341687
vt 0.1564055 -0.03795731
vt 0.1569066 -0.03866059
vt 0.1751463 -0.05679373
vt 0.1688762 -0.05976227
vt 0.1692901 -0.06052015
vt 0.1751554 -0.02942896
vt 0.1688256 -0.03229425
vt 0.1692395 -0.03305215
vt 0.1493865 0.05676951
vt 0.1437754 0.05263346
vt 0.144347 0.05198622
vt -0.05303134 0.1447154
vt -0.05179548 0.1378262
vt -0.05096372 0.1380583
vt -0.1678495 0.01294601
vt -0.1622446 0.008710092
vt -0.1617895 0.009443982
vt -0.1766382 -0.04888026
vt -0.1705964 -0.05249963
vt -0.1702144 -0.05172516
vt -0.170098 -0.05594037
vt -0.16425 -0.05987233
vt -0.1638164 -0.05912556
vt -0.1490502 -0.01633338
vt -0.1439562 -0.02118724
vt -0.1433919 -0.02053364
vt -0.0930258 0.05475022
vt -0.0899487 0.04844747
vt -0.08918665 0.04885365
vt 0.0227814 0.08952337
vt 0.02176626 0.08261202
vt 0.02262391 0.08251135
vt 0.1223084 0.03057696
vt 0.1178494 0.02523427
vt 0.1185293 0.02470194
vt 0.001359454 -0.1354641
vt 0.001719829 -0.1346794
vt 0.001639551 -0.1338196
vt 0.001140133 -0.1331151
vt 0.0003553941 -0.1327547
vt -0.0005043987 -0.132835
vt -0.001208863 -0.1333344
vt -0.001569234 -0.1341192
vt -0.001488958 -0.134979
vt -0.0009895406 -0.1356834
vt -0.0002047986 -0.1360438
vt 0.0006549942 -0.1359635
vt 0.1219169 0.02623542
vt 0.1173918 0.02097183
vt 0.1180696 0.0204367
vt 0.1616287 -0.03571148
vt 0.1558445 -0.03954166
vt 0.156362 -0.04023297
vt 0.1754689 -0.05575936
vt 0.1692546 -0.05886716
vt 0.1696974 -0.0596085
vt 0.1754263 -0.02457612
vt 0.169201 -0.02771265
vt 0.1696561 -0.02844659
vt 0.1427365 0.06896944
vt 0.1375349 0.06428637
vt 0.1381707 0.06370205
vt -0.06492962 0.1378824
vt -0.06306686 0.1311084
vt -0.06225883 0.1314129
vt -0.166393 0.01533692
vt -0.1608675 0.01096974
vt -0.160389 0.0116886
vt -0.177222 -0.0453495
vt -0.1712929 -0.04915794
vt -0.170875 -0.04840225
vt -0.1715054 -0.05253925
vt -0.1658128 -0.05667486
vt -0.1653401 -0.0559522
vt -0.1495288 -0.01251069
vt -0.144683 -0.01758125
vt -0.1440803 -0.01696281
vt -0.08975803 0.05749864
vt -0.08708955 0.0510429
vt -0.0863014 0.05139577
vt 0.02675109 0.08567213
vt 0.02537959 0.07884967
vt 0.02623109 0.078706
vt 0.007831921 -0.1396651
vt 0.008511532 -0.1391324
vt 0.008833716 -0.1383312
vt 0.008712151 -0.1374763
vt 0.008179406 -0.1367967
vt 0.007378233 -0.1364745
vt 0.006523301 -0.1365961
vt 0.005843691 -0.1371288
vt 0.005521503 -0.13793
vt 0.005643069 -0.1387849
vt 0.00617581 -0.1394645
vt 0.006976989 -0.1397867
vt 0.1250373 0.02151204
vt 0.1203661 0.01637776
vt 0.1210285 0.01582379
vt 0.1626246 -0.03945916
vt 0.156774 -0.04318717
vt 0.1572793 -0.04388746
vt 0.1757571 -0.05748763
vt 0.1695084 -0.06052577
vt 0.1699429 -0.06127201
vt 0.1754166 -0.02384625
vt 0.1691771 -0.02695453
vt 0.1696288 -0.02769052
vt 0.1398596 0.07416219
vt 0.1347603 0.06936794
vt 0.1354086 0.06879748
vt -0.07841801 0.1314293
vt -0.07602762 0.1248229
vt -0.07524607 0.1251901
vt -0.1681492 0.008981317
vt -0.1625184 0.004750734
vt -0.1620577 0.005481084
vt -0.1773717 -0.04846575
vt -0.1714113 -0.05222505
vt -0.1709997 -0.05146594
vt -0.1712469 -0.05308829
vt -0.1655524 -0.0572213
vt -0.16508 -0.05649843
vt -0.1484984 -0.01060203
vt -0.1436959 -0.01571376
vt -0.143088 -0.0151005
vt -0.08604224 0.06055292
vt -0.08353396 0.05403326
vt -0.08273735 0.05436656
vt 0.03289333 0.08425933
vt 0.03126648 0.07749321
vt 0.03211198 0.07731764
vt 0.009184799 -0.1401302
vt 0.009848005 -0.1395772
vt 0.01014584 -0.1387666
vt 0.009998502 -0.1379157
vt 0.009445472 -0.1372525
vt 0.008634925 -0.1369547
vt 0.007784057 -0.137102
vt 0.007120855 -0.1376551
vt 0.006823017 -0.1384656
vt 0.006970352 -0.1393165
vt 0.007523389 -0.1399797
vt 0.008333929 -0.1402775
vt 0.153462 -0.02517619
vt 0.1478813 -0.02930376
vt 0.1484233 -0.02997601
vt 0.1745758 -0.061546
vt 0.1684277 -0.06475954
vt 0.1688712 -0.06550051
vt 0.1804629 -0.04695612
vt 0.1742016 -0.0499681
vt 0.174633 -0.05071615
vt 0.1654752 0.02887359
vt 0.1597583 0.024885
vt 0.1603129 0.0242231
vt 0.01226669 0.1529637
vt 0.01172625 0.1459855
vt 0.01258966 0.1460004
vt -0.1560743 0.04538619
vt -0.150896 0.04063813
vt -0.1503735 0.04132558
vt -0.1790659 -0.03561864
vt -0.1731483 -0.03943794
vt -0.1727408 -0.03867665
vt -0.1786459 -0.05975332
vt -0.1728325 -0.06373613
vt -0.1723924 -0.06299318
vt -0.1639249 -0.03338666
vt -0.1587576 -0.03816247
vt -0.1582033 -0.03750036
vt -0.1190866 0.03359552
vt -0.1156473 0.02748284
vt -0.1149102 0.02793275
vt -0.01424194 0.08676678
vt -0.0144982 0.07978597
vt -0.01363469 0.07977933
vt 0.09879585 0.04582564
vt 0.09485148 0.04009249
vt 0.09557783 0.0396255
vt 0.01677692 -0.1435695
vt 0.0172039 -0.1428189
vt 0.01719838 -0.1419554
vt 0.01676185 -0.1412103
vt 0.01601127 -0.1407834
vt 0.01514775 -0.1407889
vt 0.01440269 -0.1412254
vt 0.01397571 -0.141976
vt 0.01398122 -0.1428395
vt 0.01441776 -0.1435846
vt 0.01516834 -0.1440116
vt 0.01603186 -0.144006
vt -0.1598553 -0.02062079
vt -0.1584236 -0.01791466
vt -0.1647319 -0.01457716
vt -0.1661636 -0.01728328
vt 0.1589884 -0.01955103
vt 0.1653149 -0.01624825
vt 0.1638981 -0.01353429
vt 0.1575715 -0.01683708
vt 0.06980839 -0.06667878
vt 0.07640847 -0.0626376
vt 0.07499789 -0.0599204
vt 0.0682331 -0.06405363
vt 0.003492854 0.05462425
vt 0.001389704 0.0588707
vt -0.003282844 0.05858091
vt 0.08248333 0.1059473
vt 0.08790103 0.110593
vt 0.08270238 0.11647
vt 0.07735519 0.1117433
vt -0.08232775 0.1060997
vt -0.07706622 0.1120295
vt -0.08240979 0.1167603
vt -0.08774187 0.1107496
vt -0.1251409 -0.02034389
vt -0.1232586 -0.01792935
vt -0.1275948 -0.01629002
vt -0.1672899 -0.009732304
vt -0.1689271 -0.001865968
vt -0.1705035 -0.006391207
vt 0.01173748 -0.09451791
vt 0.007747795 -0.0918636
vt 0.007067647 -0.09484863
vt -0.1632892 -0.01340323
vt -0.1618838 -0.01068333
vt -0.1682242 -0.007407219
vt -0.1696296 -0.01012712
vt 0.1626066 -0.01345595
vt 0.1689746 -0.01023371
vt 0.1675923 -0.007501992
vt 0.1612244 -0.01072423
vt 0.06863903 -0.05567596
vt 0.07445683 -0.0505725
vt 0.07260523 -0.04813437
vt 0.06664075 -0.05335652
vt 0.02629886 0.05414895
vt 0.02494643 0.0586906
vt 0.02029243 0.05919752
vt 0.1110186 0.08510531
vt 0.1171689 0.08872584
vt 0.1130848 0.0954255
vt 0.1069897 0.09171288
vt -0.1109236 0.08525413
vt -0.1067888 0.09201798
vt -0.1128822 0.09573352
vt -0.1170721 0.0888776
vt -0.1184571 -0.003915122
vt -0.1162833 -0.001759275
vt -0.1203761 0.000417656
vt -0.1683452 -0.01064536
vt -0.1695505 -0.002701372
vt -0.1713716 -0.007133804
vt 0.006388936 -0.09503831
vt 0.003000839 -0.09164955
vt 0.001745556 -0.09444189
vt 0.1578618 -0.04814367
vt 0.1518187 -0.05155872
vt 0.1522745 -0.05229214
vt 0.1785773 -0.0586349
vt 0.1724209 -0.06183244
vt 0.1728624 -0.06257455
vt 0.183389 -0.002425605
vt 0.1777913 -0.006541625
vt 0.1783533 -0.007197192
vt 0.07629412 0.1448904
vt 0.07530018 0.1379908
vt 0.07616241 0.1379435
vt -0.1187182 0.09855492
vt -0.113877 0.09350015
vt -0.1133125 0.09415368
vt -0.1676522 0.0107398
vt -0.1618883 0.006722915
vt -0.1614618 0.007473788
vt -0.1829318 -0.03464661
vt -0.1772195 -0.03876658
vt -0.1767732 -0.03802738
vt -0.183163 -0.031456
vt -0.1780691 -0.03632539
vt -0.1775147 -0.03566326
vt -0.1568517 0.02228643
vt -0.1534199 0.01614384
vt -0.1526876 0.01660143
vt -0.07054713 0.08855406
vt -0.07061543 0.0815406
vt -0.06975218 0.08156288
vt 0.0474143 0.07483635
vt 0.04370538 0.06891678
vt 0.04445014 0.0684797
vt 0.1205582 0.006256902
vt 0.1151244 0.001909368
vt 0.1156847 0.00125227
vt 0.0668803 -0.1263114
vt 0.06689946 -0.1254481
vt 0.06648441 -0.1246909
vt 0.06574634 -0.1242426
vt 0.06488302 -0.1242234
vt 0.06412578 -0.1246385
vt 0.06367752 -0.1253766
vt 0.06365835 -0.1262399
vt 0.06407341 -0.1269971
vt 0.06481148 -0.1274454
vt 0.0656748 -0.1274646
vt 0.06643204 -0.1270495
vt 0.1359066 -0.009767851
vt 0.1303262 -0.01389583
vt 0.1308682 -0.01456803
vt 0.1655065 -0.04962571
vt 0.1594623 -0.05303078
vt 0.1599288 -0.05375745
vt 0.1801097 -0.04047479
vt 0.1740758 -0.04391987
vt 0.1745588 -0.04463572
vt 0.1678996 0.04140284
vt 0.1629449 0.03649946
vt 0.1636041 0.0359416
vt 0.0001672951 0.155338
vt 0.001378459 0.1484444
vt 0.002211051 0.1486735
vt -0.1387772 0.06903236
vt -0.1336219 0.06425943
vt -0.133096 0.06494437
vt -0.1721643 -0.005035015
vt -0.1664409 -0.009139509
vt -0.1659965 -0.008399097
vt -0.1812125 -0.03463172
vt -0.1756799 -0.03899628
vt -0.1751909 -0.0382846
vt -0.1736789 -0.01555636
vt -0.1689756 -0.02078963
vt -0.1683623 -0.02018163
vt -0.1317189 0.0464558
vt -0.1290941 0.03995166
vt -0.1283053 0.04030307
vt -0.02923135 0.09356759
vt -0.03035721 0.0866734
vt -0.02950128 0.086559
vt 0.07715165 0.056333
vt 0.072915 0.05081234
vt 0.07361614 0.05030826
vt 0.05775936 -0.1264151
vt 0.05809914 -0.1256212
vt 0.05799648 -0.1247638
vt 0.05747887 -0.1240726
vt 0.05668501 -0.1237328
vt 0.0558276 -0.1238355
vt 0.05513639 -0.1243531
vt 0.0547966 -0.125147
vt 0.05489926 -0.1260044
vt 0.05541687 -0.1266955
vt 0.05621074 -0.1270353
vt 0.05706815 -0.1269327
vt 0.1660774 -0.05075423
vt 0.1599681 -0.05404923
vt 0.1604093 -0.05479151
vt 0.1796793 -0.04569367
vt 0.173521 -0.0488877
vt 0.1739621 -0.04963007
vt 0.1719521 0.02723327
vt 0.1665663 0.02284352
vt 0.1671604 0.02221677
vt 0.0171282 0.1561406
vt 0.01752663 0.1491812
vt 0.01838104 0.1493064
vt -0.1411633 0.06868988
vt -0.1359926 0.06397275
vt -0.1354734 0.06466281
vt -0.1736035 -0.008979496
vt -0.1677841 -0.01291552
vt -0.1673681 -0.01215876
vt -0.1810691 -0.03962341
vt -0.175387 -0.04378477
vt -0.1749352 -0.04304883
vt -0.1733077 -0.02152866
vt -0.1683531 -0.02653969
vt -0.1677803 -0.02589346
vt -0.1340448 0.04062382
vt -0.131001 0.03428004
vt -0.1302417 0.03469129
vt -0.03328631 0.0939778
vt -0.03400969 0.08700142
vt -0.03314814 0.08694293
vt 0.07757165 0.05985683
vt 0.07344659 0.05421934
vt 0.07415798 0.05372983
vt 0.1375307 -0.008284323
vt 0.1319275 -0.01241111
vt 0.132461 -0.01309009
vt 0.04837259 -0.1264898
vt 0.04832284 -0.1256277
vt 0.0478487 -0.124906
vt 0.04707722 -0.124518
vt 0.04621513 -0.1245678
vt 0.04549341 -0.1250419
vt 0.04510545 -0.1258134
vt 0.0451552 -0.1266755
vt 0.04562934 -0.1273972
vt 0.04640082 -0.1277852
vt 0.04726291 -0.1277354
vt 0.04798464 -0.1272613
vt 0.1613134 -0.04908485
vt 0.1552113 -0.05239333
vt 0.1556542 -0.05313463
vt 0.1772039 -0.05241158
vt 0.1709975 -0.05551106
vt 0.1714272 -0.05626009
vt 0.1762221 0.008611199
vt 0.1705786 0.00455804
vt 0.1711333 0.00389623
vt 0.0530331 0.1493721
vt 0.05232422 0.1424374
vt 0.05318767 0.1424257
vt -0.1312676 0.08168609
vt -0.1262415 0.07681523
vt -0.1257018 0.07748932
vt -0.1700439 -0.001725244
vt -0.1642041 -0.005630972
vt -0.1637921 -0.004872061
vt -0.1799701 -0.03905233
vt -0.1742096 -0.04310463
vt -0.173772 -0.04236021
vt -0.1755756 -0.02826733
vt -0.1704508 -0.03310426
vt -0.1699007 -0.03243864
vt -0.1436799 0.02934873
vt -0.1402666 0.02319584
vt -0.1395329 0.02365123
vt -0.05156056 0.09094074
vt -0.05176609 0.08392996
vt -0.05090257 0.08393534
vt 0.06384906 0.06806816
vt 0.05998975 0.06224553
vt 0.06072306 0.06178952
vt 0.1297975 -0.0006958135
vt 0.124273 -0.004927511
vt 0.1248193 -0.005596307
vt 0.05176481 -0.1257204
vt 0.05176932 -0.1248568
vt 0.05134148 -0.1241067
vt 0.05059591 -0.1236711
vt 0.04973239 -0.1236665
vt 0.0489823 -0.1240944
vt 0.04854663 -0.12484
vt 0.04854211 -0.1257035
vt 0.04896996 -0.1264536
vt 0.04971553 -0.1268892
vt 0.05057905 -0.1268938
vt 0.05132914 -0.1264659
vt 0.1378737 -0.01446377
vt 0.1321936 -0.0184534
vt 0.132719 -0.01913873
vt 0.1662183 -0.05339541
vt 0.1601093 -0.05668271
vt 0.1605616 -0.05741828
vt 0.180477 -0.04246491
vt 0.1743919 -0.04581864
vt 0.174864 -0.04654169
vt 0.1673664 0.04386419
vt 0.1624297 0.03894269
vt 0.1630909 0.03838726
vt -0.01377909 0.15501
vt -0.01207124 0.1482224
vt -0.01125746 0.1485113
vt -0.1434245 0.06184798
vt -0.1380949 0.05727051
vt -0.1375949 0.05797457
vt -0.173492 -0.01022001
vt -0.1676934 -0.0142175
vt -0.1672629 -0.01346896
vt -0.1816275 -0.03754229
vt -0.1760528 -0.04185288
vt -0.1755707 -0.04113648
vt -0.1735532 -0.01575516
vt -0.1688447 -0.02098385
vt -0.1682321 -0.02037525
vt -0.1296657 0.0490246
vt -0.127138 0.04248209
vt -0.1263441 0.0428217
vt -0.02355707 0.09439836
vt -0.02491326 0.08754575
vt -0.02406165 0.08740273
vt 0.08160811 0.05258338
vt 0.07719463 0.04720302
vt 0.07787906 0.04667648
vt 0.05882682 -0.1265614
vt 0.05914535 -0.1257587
vt 0.05901991 -0.1249044
vt 0.05848408 -0.1242272
vt 0.05768145 -0.1239087
vt 0.05682708 -0.1240341
vt 0.0561499 -0.1245699
vt 0.05583136 -0.1253726
vt 0.0559568 -0.1262269
vt 0.05649264 -0.1269041
vt 0.05729527 -0.1272227
vt 0.05814964 -0.1270972
vt 0.1343175 -0.004494091
vt 0.1284912 -0.008267053
vt 0.1289904 -0.008971665
vt 0.1623721 -0.04735643
vt 0.1561318 -0.05038702
vt 0.1565532 -0.05114077
vt 0.1780849 -0.04400572
vt 0.1718334 -0.04703812
vt 0.1722672 -0.04778476
vt 0.1727433 0.03408071
vt 0.1674688 0.02952315
vt 0.1680887 0.02892205
vt -0.01455215 0.1605043
vt -0.01257354 0.1537907
vt -0.01177199 0.1541119
vt -0.1444047 0.06610654
vt -0.1388093 0.06185804
vt -0.1383526 0.0625909
vt -0.1721538 -0.002686319
vt -0.1661786 -0.006414707
vt -0.1657827 -0.005647278
vt -0.180746 -0.03023463
vt -0.1750032 -0.03431857
vt -0.1745501 -0.03358344
vt -0.1752566 -0.01087799
vt -0.1703534 -0.01592458
vt -0.1697643 -0.01529322
vt -0.1354568 0.05422956
vt -0.1327478 0.04776006
vt -0.1319636 0.04812169
vt -0.02853672 0.1049176
vt -0.02994038 0.09807457
vt -0.02908979 0.09792566
vt 0.07874317 0.06387401
vt 0.07415862 0.05863864
vt 0.07482573 0.05809031
vt 0.0639448 -0.1138645
vt 0.06426616 -0.113063
vt 0.06414371 -0.1122082
vt 0.06361027 -0.1115291
vt 0.06280876 -0.1112077
vt 0.06195395 -0.1113302
vt 0.0612749 -0.1118636
vt 0.06095354 -0.1126651
vt 0.06107599 -0.1135199
vt 0.06160943 -0.114199
vt 0.06241094 -0.1145204
vt 0.06326574 -0.1143979
vt 0.1537829 -0.04037059
vt 0.1476092 -0.04354336
vt 0.1480356 -0.04429427
vt 0.1749729 -0.05740944
vt 0.1686712 -0.06031037
vt 0.1690769 -0.06107267
vt 0.1842811 -0.01094574
vt 0.1784214 -0.01467958
vt 0.1789386 -0.01537115
vt 0.08469151 0.1463021
vt 0.08355638 0.1394244
vt 0.08441747 0.1393594
vt -0.1215475 0.1019582
vt -0.1163864 0.09723056
vt -0.1158658 0.09791956
vt -0.1666978 0.01757609
vt -0.1607441 0.01384612
vt -0.1603549 0.01461696
vt -0.181543 -0.0270219
vt -0.1756656 -0.03090271
vt -0.1752501 -0.03014572
vt -0.1835459 -0.02608591
vt -0.178266 -0.03075291
vt -0.1777379 -0.03006968
vt -0.1612439 0.0261882
vt -0.1576047 0.02016618
vt -0.1568885 0.02064848
vt -0.07666921 0.09732098
vt -0.07668877 0.09030721
vt -0.07582571 0.09033549
vt 0.04433047 0.08640419
vt 0.0404652 0.0805855
vt 0.04119805 0.08012874
vt 0.1172117 0.01699509
vt 0.1116239 0.01284729
vt 0.11216 0.01217033
vt 0.07189615 -0.1135547
vt 0.07191896 -0.1126915
vt 0.0715071 -0.1119325
vt 0.07077092 -0.1114812
vt 0.06990769 -0.1114583
vt 0.06914871 -0.1118702
vt 0.06869734 -0.1126064
vt 0.06867453 -0.1134696
vt 0.0690864 -0.1142286
vt 0.06982256 -0.11468
vt 0.0706858 -0.1147028
vt 0.07144479 -0.1142909
vt 0.1325116 0.0002870965
vt 0.1267795 -0.003627619
vt 0.1272959 -0.004319781
vt 0.1618586 -0.04336892
vt 0.1556787 -0.0465208
vt 0.1561147 -0.04726616
vt 0.1779411 -0.04147992
vt 0.1717394 -0.04461281
vt 0.1721852 -0.04535235
vt 0.1730049 0.03260732
vt 0.1677296 0.02805064
vt 0.1683494 0.02744944
vt 0.0008088051 0.1611451
vt 0.002236229 0.154293
vt 0.003061204 0.1545482
vt -0.1400896 0.073308
vt -0.1346545 0.06885637
vt -0.1341711 0.06957193
vt -0.1710229 0.002430733
vt -0.165116 -0.001405001
vt -0.1647063 -0.0006448501
vt -0.1804558 -0.02717972
vt -0.1747528 -0.03131912
vt -0.1742927 -0.03058841
vt -0.1754118 -0.01032627
vt -0.1705158 -0.01537979
vt -0.1699258 -0.01474927
vt -0.1374029 0.0519125
vt -0.1345992 0.04548347
vt -0.1338204 0.04585658
vt -0.03434305 0.1041262
vt -0.03550759 0.09723842
vt -0.03465232 0.0971192
vt 0.07432781 0.06774557
vt 0.06991829 0.06236198
vt 0.0706031 0.06183593
vt 0.06298202 -0.1138306
vt 0.06332403 -0.1130377
vt 0.06322376 -0.11218
vt 0.06270809 -0.1114874
vt 0.06191518 -0.1111453
vt 0.06105749 -0.1112456
vt 0.06036483 -0.1117613
vt 0.06002282 -0.1125542
vt 0.06012309 -0.1134119
vt 0.06063876 -0.1141045
vt 0.06143168 -0.1144466
vt 0.06228937 -0.1143463
vt 0.1622959 -0.04399838
vt 0.1560571 -0.04704113
vt 0.1564677 -0.04780082
vt 0.1770891 -0.0458024
vt 0.1707801 -0.04868728
vt 0.1711839 -0.0494506
vt 0.175585 0.018176
vt 0.1699089 0.01416863
vt 0.1704582 0.01350235
vt 0.01997035 0.161055
vt 0.0204928 0.1541038
vt 0.02134485 0.1542442
vt -0.1426644 0.07173488
vt -0.1371989 0.0673627
vt -0.1367256 0.06808496
vt -0.1722483 -0.001870923
vt -0.166249 -0.005526963
vt -0.1658694 -0.004751365
vt -0.1800314 -0.03202837
vt -0.1741862 -0.03595749
vt -0.1737645 -0.03520394
vt -0.174647 -0.01613794
vt -0.1695064 -0.02095802
vt -0.1689584 -0.0202906
vt -0.1394511 0.04557385
vt -0.1362181 0.03932435
vt -0.1354714 0.03975823
vt -0.0386936 0.1039009
vt -0.03943358 0.09692622
vt -0.03857217 0.09686568
vt 0.07475541 0.07089398
vt 0.07045425 0.06538965
vt 0.07114982 0.0648779
vt 0.1341038 0.001731451
vt 0.1283483 -0.002180302
vt 0.1288558 -0.002878983
vt 0.05374433 -0.1136217
vt 0.05369608 -0.1127595
vt 0.0532232 -0.1120369
vt 0.0524524 -0.1116476
vt 0.05159022 -0.1116959
vt 0.05086768 -0.1121688
vt 0.05047838 -0.1129396
vt 0.05052663 -0.1138017
vt 0.0509995 -0.1145243
vt 0.05177031 -0.1149136
vt 0.05263249 -0.1148653
vt 0.05335503 -0.1143924
vt 0.1572902 -0.04157524
vt 0.1510609 -0.04463745
vt 0.1514738 -0.04539585
vt 0.1739492 -0.05141229
vt 0.167601 -0.05421
vt 0.1679942 -0.0549788
vt 0.1779251 -3.504339E-05
vt 0.1720181 -0.003693484
vt 0.1725263 -0.004391617
vt 0.06047611 0.151822
vt 0.05967838 0.144897
vt 0.06054161 0.1448742
vt -0.1333369 0.0843248
vt -0.1279963 0.07980088
vt -0.1275028 0.08050956
vt -0.1686612 0.00512108
vt -0.162638 0.00150443
vt -0.1622635 0.002282506
vt -0.1785496 -0.03132408
vt -0.1726279 -0.03513672
vt -0.1722211 -0.03437499
vt -0.1762053 -0.02275734
vt -0.1708965 -0.0273915
vt -0.1703726 -0.026705
vt -0.1484133 0.03355533
vt -0.1447947 0.02752087
vt -0.1440768 0.02800072
vt -0.0575537 0.09992623
vt -0.05772503 0.09291454
vt -0.05686156 0.09292413
vt 0.06080047 0.0791878
vt 0.05677722 0.07347722
vt 0.05749727 0.07300056
vt 0.1263229 0.009669037
vt 0.1206462 0.005643798
vt 0.1211675 0.004955326
vt 0.05688548 -0.1128068
vt 0.05689303 -0.1119433
vt 0.05646782 -0.1111917
vt 0.05572379 -0.1107534
vt 0.05486028 -0.1107459
vt 0.0541087 -0.1111711
vt 0.05367042 -0.1119151
vt 0.05366287 -0.1127786
vt 0.05408808 -0.1135302
vt 0.05483211 -0.1139685
vt 0.05569562 -0.113976
vt 0.0564472 -0.1135508
vt 0.1750887 -0.0669366
vt 0.1685771 -0.06934079
vt 0.1689097 -0.07013768
vt 0.1835509 -0.04112507
vt 0.177103 -0.04368459
vt 0.1774673 -0.0444675
vt 0.1540971 0.07993987
vt 0.1493352 0.07488014
vt 0.1500065 0.07433692
vt -0.1214018 0.1106021
vt -0.1165089 0.1056371
vt -0.1159497 0.106295
vt -0.1728263 0.006793722
vt -0.1666389 0.003522191
vt -0.1663091 0.004320282
vt -0.1827617 -0.04239307
vt -0.1765452 -0.04566611
vt -0.1762149 -0.04486824
vt -0.182411 -0.04609939
vt -0.176563 -0.05002423
vt -0.1761418 -0.04927038
vt -0.1656229 0.0001021423
vt -0.1608759 -0.005106024
vt -0.1602774 -0.004483598
vt -0.09737026 0.08221419
vt -0.09567215 0.07538594
vt -0.09484537 0.07563515
vt 0.03619895 0.09679091
vt 0.03316003 0.09046966
vt 0.0339511 0.0901234
vt 0.1219984 0.02387176
vt 0.1165027 0.01955969
vt 0.1170552 0.01889605
vt 0.1578895 -0.04109954
vt 0.1516124 -0.04410384
vt 0.1520094 -0.04487073
vt 0.04615677 -0.12151
vt 0.04589454 -0.1206873
vt 0.04525608 -0.1201059
vt 0.04441244 -0.1199216
vt 0.04358969 -0.1201838
vt 0.04300828 -0.1208223
vt 0.04282399 -0.1216659
vt 0.04308621 -0.1224887
vt 0.04372468 -0.1230701
vt 0.04456832 -0.1232544
vt 0.04539107 -0.1229922
vt 0.04597249 -0.1223537
vt 0.1780153 -0.06343168
vt 0.1715394 -0.06593053
vt 0.1718836 -0.0667225
vt 0.1839929 -0.02648025
vt 0.1776687 -0.02933158
vt 0.1780684 -0.03009703
vt 0.1260251 0.1148781
vt 0.1223765 0.108965
vt 0.1231432 0.1085677
vt -0.1338752 0.09462996
vt -0.1287393 0.08991674
vt -0.1282138 0.09060194
vt -0.1752736 -0.0009567995
vt -0.1691331 -0.004315701
vt -0.1687921 -0.003522352
vt -0.1836446 -0.04414884
vt -0.1775164 -0.0475845
vt -0.1771652 -0.04679562
vt -0.1811642 -0.0405869
vt -0.1754749 -0.04473837
vt -0.1750244 -0.04400165
vt -0.1587532 0.01258915
vt -0.1543492 0.007087898
vt -0.153712 0.007670749
vt -0.07841317 0.09141941
vt -0.07737795 0.08445975
vt -0.07653107 0.08462849
vt 0.05321345 0.08831712
vt 0.04975372 0.08221601
vt 0.05051954 0.08181702
vt 0.129864 0.0136405
vt 0.1242705 0.0094559
vt 0.1248077 0.008779739
vt 0.1623382 -0.04567196
vt 0.1560572 -0.04866814
vt 0.1564532 -0.04943554
vt 0.04320113 -0.1224004
vt 0.04288285 -0.1215977
vt 0.04220583 -0.1210616
vt 0.0413515 -0.1209359
vt 0.04054878 -0.1212542
vt 0.04001273 -0.1219312
vt 0.03988701 -0.1227855
vt 0.0402053 -0.1235883
vt 0.0408823 -0.1241243
vt 0.04173664 -0.12425
vt 0.04253937 -0.1239318
vt 0.04307542 -0.1232547
vt 0.1722801 -0.06705362
vt 0.1657986 -0.06953797
vt 0.1661411 -0.07033071
vt 0.1847982 -0.04906145
vt 0.178379 -0.05169221
vt 0.178752 -0.05247103
vt 0.1655256 0.06647138
vt 0.1607045 0.061468
vt 0.1613693 0.06091693
vt -0.1035115 0.1288655
vt -0.09886688 0.1236674
vt -0.09827616 0.1242973
vt -0.1681598 0.02395997
vt -0.1620288 0.02058381
vt -0.1616855 0.02137619
vt -0.182834 -0.03198665
vt -0.1766468 -0.03531484
vt -0.1763094 -0.03451995
vt -0.1863146 -0.04394354
vt -0.1804844 -0.0478948
vt -0.1800598 -0.04714287
vt -0.1744544 -0.004656649
vt -0.1696985 -0.009856617
vt -0.169101 -0.009233163
vt -0.1139434 0.07734491
vt -0.1121341 0.07054525
vt -0.1113115 0.07080792
vt 0.01708506 0.1036021
vt 0.01421457 0.09720263
vt 0.01501453 0.09687744
vt 0.1096413 0.03568758
vt 0.1042327 0.03126668
vt 0.1047984 0.03061421
vt 0.1510607 -0.03345889
vt 0.1448282 -0.03655469
vt 0.1452363 -0.03731569
vt 0.06109861 -0.1178542
vt 0.06085023 -0.1170271
vt 0.06022159 -0.1164351
vt 0.05938117 -0.1162367
vt 0.05855414 -0.1164851
vt 0.05796209 -0.1171137
vt 0.05776368 -0.1179541
vt 0.05801207 -0.1187812
vt 0.0586407 -0.1193732
vt 0.05948112 -0.1195716
vt 0.06030816 -0.1193232
vt 0.0609002 -0.1186946
vt 0.1613661 -0.04846775
vt 0.1550509 -0.05134853
vt 0.1554417 -0.05211853
vt 0.177459 -0.06264885
vt 0.170987 -0.06514667
vt 0.1713438 -0.06593303
vt 0.1837333 -0.01840673
vt 0.1775095 -0.02149566
vt 0.1779501 -0.02223834
vt 0.09075408 0.1430218
vt 0.08872499 0.1363528
vt 0.08957007 0.1361753
vt -0.140613 0.08295101
vt -0.1351204 0.07861288
vt -0.1346516 0.07933805
vt -0.1746827 -0.002579511
vt -0.1685028 -0.005921346
vt -0.1681637 -0.005127203
vt -0.183322 -0.04173717
vt -0.1772253 -0.04526328
vt -0.1768553 -0.04448302
vt -0.1812304 -0.03482018
vt -0.1756659 -0.03914393
vt -0.175182 -0.03842866
vt -0.1565191 0.02237769
vt -0.1524646 0.01662707
vt -0.1517841 0.01715864
vt -0.06751991 0.09859715
vt -0.06720676 0.09159035
vt -0.066346 0.09165953
vt 0.06082649 0.0828945
vt 0.05689947 0.07711731
vt 0.0576274 0.07665277
vt 0.1304978 0.007836605
vt 0.1247648 0.003892019
vt 0.1252762 0.003196248
vt 0.05378709 -0.1202358
vt 0.05383838 -0.1193738
vt 0.05345179 -0.1186016
vt 0.05273091 -0.1181262
vt 0.0518689 -0.1180749
vt 0.05109674 -0.1184615
vt 0.05062133 -0.1191824
vt 0.05057004 -0.1200444
vt 0.05095663 -0.1208166
vt 0.05167751 -0.121292
vt 0.05253952 -0.1213433
vt 0.05331168 -0.1209567
vt 0.1603088 -0.04413149
vt 0.1540638 -0.04716149
vt 0.1544728 -0.04792201
vt 0.1770663 -0.05911156
vt 0.1706516 -0.06175306
vt 0.1710259 -0.06253126
vt 0.1830446 -0.01606699
vt 0.1768888 -0.01928917
vt 0.1773452 -0.02002219
vt 0.09912398 0.1362843
vt 0.09676351 0.1297253
vt 0.09759863 0.1295057
vt -0.1333013 0.09170417
vt -0.1280596 0.08706599
vt -0.127551 0.08776385
vt -0.1727988 0.003459087
vt -0.1667078 -4.200415E-05
vt -0.1663481 0.0007430691
vt -0.1825812 -0.03783962
vt -0.1765421 -0.04146357
vt -0.1761596 -0.04068937
vt -0.1807898 -0.03312214
vt -0.1752683 -0.0375006
vt -0.1747774 -0.03679014
vt -0.1567414 0.02114024
vt -0.1526811 0.01539368
vt -0.1520011 0.01592594
vt -0.07169545 0.09573238
vt -0.07120372 0.08873586
vt -0.070345 0.08882696
vt 0.05517482 0.08517618
vt 0.05146184 0.07925916
vt 0.05220629 0.07882158
vt 0.1277202 0.01241752
vt 0.1221044 0.008307786
vt 0.1226359 0.007627194
vt 0.05307522 -0.1200664
vt 0.05314515 -0.1192057
vt 0.05277536 -0.1184254
vt 0.05206494 -0.1179345
vt 0.05120425 -0.1178645
vt 0.0504239 -0.1182344
vt 0.04993299 -0.1189448
vt 0.04986307 -0.1198055
vt 0.05023286 -0.1205858
vt 0.05094327 -0.1210767
vt 0.05180397 -0.1211466
vt 0.05258432 -0.1207768
vt 0.1594769 -0.0468265
vt 0.1529539 -0.04919968
vt 0.1532827 -0.04999815
vt 0.1738565 -0.04188404
vt 0.1673738 -0.04435417
vt 0.1677273 -0.04514205
vt 0.1655185 0.05476903
vt 0.1604673 0.049998
vt 0.1611055 0.04941626
vt -0.09390005 0.1344867
vt -0.08910419 0.1294279
vt -0.08853231 0.1300749
vt -0.1568078 0.04374709
vt -0.1506034 0.04050786
vt -0.1502778 0.04130766
vt -0.1722057 -0.00684654
vt -0.1659602 -0.01006404
vt -0.165637 -0.009263272
vt -0.1777422 -0.0219733
vt -0.1718447 -0.02582334
vt -0.1714331 -0.02506418
vt -0.1703189 0.008391368
vt -0.1654674 0.003280427
vt -0.1648815 0.003914853
vt -0.1183372 0.08408552
vt -0.1164276 0.0773134
vt -0.1156089 0.07758821
vt 0.006111911 0.1165027
vt 0.003219966 0.1101129
vt 0.00401883 0.109785
vt 0.09669987 0.05740279
vt 0.09123703 0.05304909
vt 0.09179458 0.05238967
vt 0.1377453 -0.008391494
vt 0.131469 -0.01139732
vt 0.1318661 -0.01216411
vt 0.06793544 -0.0890332
vt 0.06769144 -0.08820486
vt 0.06706596 -0.08760948
vt 0.06622659 -0.08740663
vt 0.06539825 -0.08765063
vt 0.06480289 -0.0882761
vt 0.06460003 -0.08911546
vt 0.06484403 -0.08994381
vt 0.0654695 -0.09053918
vt 0.06630887 -0.09074204
vt 0.06713721 -0.09049805
vt 0.06773257 -0.08987255
vt 0.1638981 -0.04608466
vt 0.1574065 -0.04854231
vt 0.1577456 -0.04933644
vt 0.1768835 -0.0308192
vt 0.1705104 -0.03355965
vt 0.1708967 -0.03433196
vt 0.1471049 0.09102999
vt 0.1430485 0.08538883
vt 0.1437853 0.08493845
vt -0.1089994 0.1217474
vt -0.1039166 0.116977
vt -0.1033834 0.1176563
vt -0.1604356 0.03658677
vt -0.154274 0.03326677
vt -0.153938 0.03406226
vt -0.1744589 -0.009622667
vt -0.1682972 -0.01299799
vt -0.1679538 -0.01220569
vt -0.1783936 -0.01840154
vt -0.1726468 -0.02247307
vt -0.1722067 -0.02173012
vt -0.1663132 0.0195726
vt -0.1617892 0.01416962
vt -0.161165 0.01476636
vt -0.1022906 0.09572399
vt -0.1010396 0.08879985
vt -0.1001984 0.08899483
vt 0.02351475 0.1114824
vt 0.02017684 0.1053138
vt 0.02095043 0.1049301
vt 0.1056371 0.04805968
vt 0.1000677 0.04384314
vt 0.1006087 0.04317006
vt 0.1433672 -0.01418369
vt 0.1370832 -0.0171733
vt 0.1374783 -0.01794111
vt 0.06538519 -0.09021272
vt 0.06508466 -0.08940317
vt 0.06441963 -0.08885235
vt 0.06356827 -0.08870783
vt 0.06275872 -0.08900837
vt 0.0622079 -0.08967341
vt 0.06206339 -0.09052476
vt 0.06236392 -0.09133431
vt 0.06302896 -0.09188513
vt 0.06388032 -0.09202964
vt 0.06468986 -0.09172911
vt 0.06524069 -0.09106407
vt 0.141508 -0.01381451
vt 0.1352592 -0.01683689
vt 0.1356673 -0.0175979
vt 0.1633911 -0.04391171
vt 0.1569582 -0.0465086
vt 0.1573271 -0.04728939
vt 0.1775127 -0.02307096
vt 0.1712933 -0.0261686
vt 0.1717349 -0.02691066
vt 0.1269311 0.1167199
vt 0.1240922 0.1103534
vt 0.1249088 0.1100726
vt -0.1090761 0.1202832
vt -0.1038755 0.115599
vt -0.1033608 0.1162923
vt -0.1578312 0.04110055
vt -0.1517196 0.03763542
vt -0.1513646 0.0384226
vt -0.1734485 -0.0041456
vt -0.1673745 -0.007710724
vt -0.1669995 -0.006932852
vt -0.1785008 -0.01221413
vt -0.1729171 -0.01651305
vt -0.1724364 -0.01579564
vt -0.1655444 0.02742697
vt -0.1613543 0.0217744
vt -0.1606866 0.022322
vt -0.09677692 0.1016899
vt -0.09607242 0.09471158
vt -0.09521689 0.09482878
vt 0.0257261 0.1099346
vt 0.0221217 0.1039508
vt 0.02287401 0.1035269
vt 0.1036838 0.04692212
vt 0.09808986 0.04278265
vt 0.09862494 0.04210489
vt 0.07481857 -0.08783955
vt 0.07490794 -0.08698066
vt 0.07455589 -0.08619215
vt 0.07385676 -0.0856853
vt 0.07299786 -0.08559592
vt 0.07220934 -0.08594798
vt 0.0717025 -0.08664711
vt 0.07161313 -0.087506
vt 0.07196517 -0.08829452
vt 0.07266431 -0.08880136
vt 0.07352321 -0.08889074
vt 0.07431172 -0.08853869
vt 0.1562202 -0.04627777
vt 0.1497282 -0.04873434
vt 0.1500672 -0.04952853
vt 0.1745983 -0.04891057
vt 0.1681451 -0.05145685
vt 0.1685079 -0.0522405
vt 0.1750263 0.04186786
vt 0.1699391 0.03713525
vt 0.1705729 0.03654869
vt -0.07427213 0.1508899
vt -0.06975231 0.145583
vt -0.0691468 0.1461987
vt -0.1513576 0.0605861
vt -0.1452124 0.05723572
vt -0.1448725 0.05802954
vt -0.1716666 0.003806814
vt -0.1654517 0.0005306867
vt -0.1651209 0.001328383
vt -0.1810247 -0.01919874
vt -0.1751464 -0.02307803
vt -0.174731 -0.02232093
vt -0.178354 0.004243947
vt -0.1734966 -0.0008614868
vt -0.1729115 -0.0002263925
vt -0.1339302 0.07886237
vt -0.1319143 0.0721211
vt -0.1311001 0.07240874
vt -0.01309868 0.1220614
vt -0.01581538 0.1155951
vt -0.01500788 0.1152891
vt 0.0838035 0.06872102
vt 0.07843234 0.06425469
vt 0.07900348 0.06360701
vt 0.1304231 -0.0005610975
vt 0.1241932 -0.003661908
vt 0.1246019 -0.004422583
vt 0.08268546 -0.08554514
vt 0.08245557 -0.08471277
vt 0.0818403 -0.08410686
vt 0.08100451 -0.08388976
vt 0.08017214 -0.08411963
vt 0.07956623 -0.0847349
vt 0.07934912 -0.08557071
vt 0.079579 -0.08640308
vt 0.08019428 -0.08700899
vt 0.08103007 -0.08722609
vt 0.08186244 -0.08699621
vt 0.08246835 -0.08638093
vt 0.1425832 -0.01846193
vt 0.1362643 -0.02133483
vt 0.1366542 -0.02210533
vt 0.1635558 -0.04807995
vt 0.1570669 -0.05053357
vt 0.1574184 -0.05132233
vt 0.1777106 -0.02640556
vt 0.1714253 -0.02936717
vt 0.1718506 -0.03011867
vt 0.1209243 0.1232307
vt 0.1183628 0.1167476
vt 0.1191908 0.1165023
vt -0.1175199 0.1125205
vt -0.112055 0.1081475
vt -0.1115816 0.1088697
vt -0.1600941 0.035144
vt -0.1538935 0.03184087
vt -0.1535593 0.03263713
vt -0.1742731 -0.008509318
vt -0.1681422 -0.01197575
vt -0.1677799 -0.01119192
vt -0.1788887 -0.01483164
vt -0.1732625 -0.01907476
vt -0.172789 -0.01835261
vt -0.1654072 0.02750103
vt -0.16122 0.0218463
vt -0.1605521 0.02239357
vt -0.09308857 0.1042076
vt -0.09255771 0.09721388
vt -0.09169951 0.09730979
vt 0.03151734 0.1081204
vt 0.02769355 0.1022744
vt 0.02842962 0.1018228
vt 0.1066818 0.04243707
vt 0.1009686 0.03846388
vt 0.1014836 0.03777067
vt 0.07543344 -0.08788581
vt 0.07550405 -0.08702517
vt 0.07513489 -0.08624453
vt 0.07442485 -0.08575306
vt 0.07356422 -0.08568245
vt 0.07278357 -0.08605162
vt 0.0722921 -0.08676165
vt 0.07222149 -0.08762229
vt 0.07259066 -0.08840293
vt 0.07330068 -0.0888944
vt 0.07416133 -0.08896501
vt 0.07494197 -0.08859584
vt 0.1444314 -0.04631566
vt 0.1379954 -0.0489156
vt 0.138352 -0.04970208
vt 0.1691021 -0.0583811
vt 0.1627236 -0.06110913
vt 0.1631084 -0.0618822
vt 0.1807453 0.02752664
vt 0.1758386 0.02260723
vt 0.1764938 0.02204476
vt -0.04316666 0.1639328
vt -0.03893055 0.1583968
vt -0.03829368 0.15898
vt -0.1350696 0.08189024
vt -0.1290281 0.0783564
vt -0.1286645 0.07913963
vt -0.1628764 0.01840347
vt -0.1567332 0.01499483
vt -0.1563854 0.01578525
vt -0.1784079 -0.01513963
vt -0.1726023 -0.01912699
vt -0.1721731 -0.0183777
vt -0.1832033 -0.00176989
vt -0.1784306 -0.006954523
vt -0.1778351 -0.006329138
vt -0.1500605 0.0689988
vt -0.1480862 0.06224522
vt -0.1472702 0.06252784
vt -0.0396223 0.1225602
vt -0.0422359 0.1160515
vt -0.04142363 0.1157584
vt 0.06011771 0.07903309
vt 0.05484498 0.07445099
vt 0.05543007 0.07381589
vt 0.1129297 0.007791123
vt 0.1067662 0.004560279
vt 0.1071908 0.003808352
vt 0.1043716 -0.07771253
vt 0.1041448 -0.07687931
vt 0.1035318 -0.0762711
vt 0.1026968 -0.07605089
vt 0.1018636 -0.07627766
vt 0.1012554 -0.07689067
vt 0.1010352 -0.07772565
vt 0.101262 -0.07855888
vt 0.101875 -0.07916708
vt 0.1027099 -0.07938729
vt 0.1035432 -0.07916051
vt 0.1041514 -0.07854751
vt 0.1261142 -0.007488653
vt 0.1199304 -0.01064178
vt 0.1203544 -0.01139404
vt 0.1539449 -0.04692531
vt 0.1475736 -0.04967003
vt 0.1479605 -0.05044208
vt 0.1753342 -0.03494082
vt 0.1692113 -0.03822508
vt 0.1696752 -0.03895346
vt 0.1424194 0.1023938
vt 0.1396648 0.09599034
vt 0.140485 0.09572035
vt -0.08312454 0.1387225
vt -0.07813484 0.1338142
vt -0.07759012 0.1344843
vt -0.1441171 0.06118
vt -0.1381001 0.0575533
vt -0.1377242 0.05833075
vt -0.1668091 0.007848701
vt -0.1608082 0.004161797
vt -0.1604176 0.00493195
vt -0.1783998 -0.01099035
vt -0.1728926 -0.0153869
vt -0.1723994 -0.01467806
vt -0.173856 0.01974894
vt -0.1697457 0.01403807
vt -0.1690704 0.01457625
vt -0.1171813 0.09386565
vt -0.116471 0.08688793
vt -0.1156155 0.08700585
vt -0.0009533695 0.1146569
vt -0.004442577 0.1086052
vt -0.00368229 0.1081957
vt 0.08199038 0.05773988
vt 0.07648708 0.05348068
vt 0.07703666 0.05281462
vt 0.09665112 -0.07989641
vt 0.09674412 -0.07903791
vt 0.0963954 -0.07824792
vt 0.09569841 -0.07773812
vt 0.0948399 -0.07764512
vt 0.09404992 -0.07799384
vt 0.09354012 -0.07869083
vt 0.09344713 -0.07954934
vt 0.09379584 -0.08033933
vt 0.09449283 -0.08084913
vt 0.09535133 -0.08094212
vt 0.09614132 -0.08059341
vt 0.1540406 -0.0478878
vt 0.1476061 -0.05049141
vt 0.1479631 -0.05127769
vt 0.173582 -0.04187454
vt 0.167292 -0.0448007
vt 0.1677008 -0.04556136
vt 0.1579785 0.07615362
vt 0.154072 0.07040766
vt 0.1548204 0.06997682
vt -0.08191197 0.1402465
vt -0.07706901 0.1352328
vt -0.0765032 0.1358851
vt -0.1468933 0.0577191
vt -0.1408264 0.05422895
vt -0.1404685 0.05501478
vt -0.16792 0.003450806
vt -0.1618285 -4.944186E-05
vt -0.161469 0.0007356783
vt -0.1780423 -0.0162779
vt -0.1723682 -0.02045021
vt -0.171915 -0.01971513
vt -0.173821 0.01225116
vt -0.1693767 0.006782433
vt -0.1687439 0.007369948
vt -0.1215898 0.08705817
vt -0.1203465 0.08013265
vt -0.1195051 0.08032669
vt -0.003265461 0.1154623
vt -0.006485085 0.1092312
vt -0.005704316 0.1088623
vt 0.08371028 0.05943757
vt 0.07823517 0.05509931
vt 0.07879086 0.05443833
vt 0.1277955 -0.00673161
vt 0.1215757 -0.009852815
vt 0.1219869 -0.01061214
vt 0.08748294 -0.08285806
vt 0.08718638 -0.08204706
vt 0.08652404 -0.08149298
vt 0.08567341 -0.08134432
vt 0.0848624 -0.08164088
vt 0.08430833 -0.08230323
vt 0.08415966 -0.08315386
vt 0.08445622 -0.08396487
vt 0.08511856 -0.08451894
vt 0.0859692 -0.08466761
vt 0.08678021 -0.08437104
vt 0.08733428 -0.0837087
vt 0.1481483 -0.0471664
vt 0.1416797 -0.04968409
vt 0.1420262 -0.05047505
vt 0.168577 -0.05172075
vt 0.1621678 -0.05437559
vt 0.1625437 -0.05515301
vt 0.1715062 0.04014848
vt 0.1666385 0.03519044
vt 0.1672981 0.03463317
vt -0.06411064 0.1502835
vt -0.05959417 0.1449738
vt -0.05898827 0.1455891
vt -0.1418245 0.06537684
vt -0.1357188 0.06195508
vt -0.1353697 0.06274488
vt -0.1643005 0.007453576
vt -0.1581245 0.004104706
vt -0.1577844 0.004898467
vt -0.1757757 -0.01846177
vt -0.1699495 -0.02241897
vt -0.1695242 -0.02166747
vt -0.1757218 0.001845545
vt -0.1709535 -0.003343131
vt -0.1703575 -0.00271826
vt -0.1351637 0.07421549
vt -0.1332891 0.06743357
vt -0.132469 0.06770415
vt -0.02054831 0.1180805
vt -0.02333041 0.111642
vt -0.02252605 0.1113279
vt 0.07363851 0.06837682
vt 0.06827305 0.06390365
vt 0.06884502 0.0632567
vt 0.1208915 -7.023586E-06
vt 0.1146798 -0.003144197
vt 0.115093 -0.003902466
vt 0.08976993 -0.08143795
vt 0.08952935 -0.08060861
vt 0.08890633 -0.08001067
vt 0.0880678 -0.07980435
vt 0.08723846 -0.08004494
vt 0.08664052 -0.08066797
vt 0.08643421 -0.08150649
vt 0.08667479 -0.08233582
vt 0.08729781 -0.08293377
vt 0.08813634 -0.08314008
vt 0.08896568 -0.0828995
vt 0.08956362 -0.08227647
vt 0.1273154 -0.01238845
vt 0.1210583 -0.01539364
vt 0.1214643 -0.01615577
vt 0.1540372 -0.05143167
vt 0.1476074 -0.05403617
vt 0.1479772 -0.05481652
vt 0.1753039 -0.03844317
vt 0.169115 -0.04160136
vt 0.1695638 -0.04233908
vt 0.1373069 0.109051
vt 0.1348177 0.1025398
vt 0.1356484 0.1023038
vt -0.0926578 0.1322792
vt -0.08739062 0.12767
vt -0.08688587 0.1283706
vt -0.1469432 0.05508858
vt -0.1408313 0.05162407
vt -0.1404764 0.05241129
vt -0.1678429 0.00297214
vt -0.1617827 -0.0006164482
vt -0.1614048 0.0001599709
vt -0.1788247 -0.01422781
vt -0.1732745 -0.01856998
vt -0.1727883 -0.01785633
vt -0.1737627 0.01928781
vt -0.1696567 0.01357387
vt -0.168981 0.01411155
vt -0.1138321 0.09634957
vt -0.1132908 0.0893567
vt -0.1124328 0.08945389
vt 0.00487348 0.1134004
vt 0.001166182 0.1074798
vt 0.001911053 0.1070429
vt 0.08526666 0.05335822
vt 0.07964066 0.04926248
vt 0.08017045 0.04858056
vt 0.09719317 -0.07999507
vt 0.09726722 -0.07913473
vt 0.09690115 -0.07835262
vt 0.09619308 -0.07785833
vt 0.09533273 -0.07778429
vt 0.09455062 -0.07815035
vt 0.09405634 -0.07885842
vt 0.0939823 -0.07971878
vt 0.09434836 -0.08050088
vt 0.09505643 -0.08099516
vt 0.09591678 -0.0810692
vt 0.09669889 -0.08070315
vt 0.1741941 -0.06145133
vt 0.1679807 -0.06454568
vt 0.1683976 -0.06530192
vt 0.1225281 0.1405677
vt 0.1223119 0.1336338
vt 0.1231751 0.1336567
vt -0.09127568 0.1422544
vt -0.08545361 0.1384622
vt -0.08503766 0.139219
vt -0.1386995 0.06986268
vt -0.1324764 0.06672173
vt -0.1321568 0.06752393
vt -0.1636341 0.01102903
vt -0.1575539 0.007562214
vt -0.1571989 0.008349414
vt -0.1824037 -0.01444284
vt -0.1769247 -0.01884035
vt -0.1764484 -0.01812004
vt -0.1867732 0.02062565
vt -0.1830609 0.01464042
vt -0.1823666 0.01515387
vt -0.1251732 0.1101737
vt -0.1257035 0.1031468
vt -0.12484 0.1031386
vt -0.007284128 0.124251
vt -0.01179478 0.1188508
vt -0.0111057 0.1183303
vt 0.06768706 0.06062638
vt 0.06168976 0.05698966
vt 0.06216346 0.05626766
vt 0.1101917 -0.01342032
vt 0.103734 -0.01608429
vt 0.1040864 -0.01687267
vt 0.1413963 -0.06543247
vt 0.134844 -0.06777645
vt 0.1351601 -0.06858005
vt 0.1277966 -0.05540543
vt 0.1270459 -0.05497869
vt 0.1261823 -0.05498447
vt 0.1254374 -0.05542123
vt 0.1250107 -0.05617195
vt 0.1250164 -0.05703546
vt 0.1254532 -0.05778039
vt 0.1262039 -0.05820714
vt 0.1270674 -0.05820135
vt 0.1278124 -0.05776459
vt 0.1282391 -0.05701388
vt 0.1282333 -0.05615037
vt 0.1866565 0.04294543
vt 0.1826292 0.03729192
vt 0.1833528 0.03682067
vt -0.0667261 0.1630343
vt -0.06135758 0.1586405
vt -0.06085009 0.1593391
vt -0.1342703 0.08491886
vt -0.1280575 0.08180796
vt -0.1277296 0.08260681
vt -0.161809 0.01874128
vt -0.1556358 0.01550353
vt -0.1553037 0.01630063
vt -0.1815239 -0.01898076
vt -0.1757714 -0.02296776
vt -0.1753487 -0.02221474
vt -0.1921922 -0.002473415
vt -0.1877015 -0.007876424
vt -0.187091 -0.007265718
vt -0.1553007 0.08318117
vt -0.1543031 0.07620919
vt -0.1534611 0.07640076
vt -0.03618418 0.1308852
vt -0.03985209 0.1248681
vt -0.03908677 0.1244681
vt 0.05505857 0.07768927
vt 0.04929721 0.07365003
vt 0.04982698 0.07296811
vt 0.1041528 0.0006666287
vt 0.09773983 -0.002173691
vt 0.09811736 -0.002950325
vt 0.1366275 -0.06048692
vt 0.1300355 -0.06279835
vt 0.1303447 -0.06360462
vt 0.1669045 -0.07752824
vt 0.1604387 -0.0801013
vt 0.1607829 -0.08089326
vt 0.1250298 -0.06400108
vt 0.1241771 -0.06386505
vt 0.1233706 -0.06417362
vt 0.1228264 -0.06484411
vt 0.1226903 -0.06569686
vt 0.1229989 -0.06650338
vt 0.1236694 -0.06704755
vt 0.1245221 -0.06718358
vt 0.1253287 -0.06687502
vt 0.1258729 -0.06620453
vt 0.1260089 -0.06535178
vt 0.1257003 -0.06454526
vt 0.1599888 0.1005429
vt 0.1579212 0.09391668
vt 0.1587556 0.09369408
vt -0.07446671 0.1539546
vt -0.06903363 0.1496409
vt -0.06853656 0.150347
vt -0.1351493 0.07737679
vt -0.1290429 0.07406189
vt -0.1286887 0.07484945
vt -0.1633166 0.01394704
vt -0.1572927 0.01043918
vt -0.1569256 0.0112208
vt -0.1833088 -0.01688681
vt -0.1778108 -0.02121809
vt -0.1773429 -0.02049233
vt -0.1901316 0.01052793
vt -0.186172 0.004724506
vt -0.1855064 0.005274736
vt -0.1391829 0.0970823
vt -0.1390448 0.09004065
vt -0.1381857 0.09012789
vt -0.02145967 0.1245059
vt -0.02550919 0.1187387
vt -0.02477136 0.11829
vt 0.0616233 0.06555621
vt 0.055809 0.06159355
vt 0.0563297 0.06090467
vt 0.1087217 -0.009179347
vt 0.10234 -0.01208913
vt 0.1027259 -0.01286161
vt 0.142009 -0.06338952
vt 0.1354948 -0.06591215
vt 0.1358299 -0.06670803
vt 0.1744937 -0.06505198
vt 0.1682621 -0.0681493
vt 0.1686704 -0.0689102
vt 0.1247524 -0.06484866
vt 0.1238913 -0.06478433
vt 0.1231134 -0.06515917
vt 0.1226271 -0.06587277
vt 0.1225628 -0.0667339
vt 0.1229376 -0.06751183
vt 0.1236512 -0.06799811
vt 0.1245123 -0.06806245
vt 0.1252903 -0.06768759
vt 0.1257765 -0.06697401
vt 0.1258409 -0.06611288
vt 0.125466 -0.06533495
vt 0.1883744 0.0259653
vt 0.1839669 0.02060292
vt 0.1846563 0.02008291
vt -0.05865368 0.1695371
vt -0.0532761 0.1651544
vt -0.05277006 0.1658541
vt -0.1278201 0.09783636
vt -0.121574 0.09479291
vt -0.1212548 0.09559526
vt -0.1557562 0.03318705
vt -0.1495446 0.03002355
vt -0.149222 0.03082458
vt -0.1764018 -0.008033345
vt -0.1705904 -0.01193395
vt -0.170179 -0.01117471
vt -0.1898635 0.001277133
vt -0.1852579 -0.00402818
vt -0.1846606 -0.003404509
vt -0.1603098 0.08278853
vt -0.159124 0.07584608
vt -0.1582875 0.07606035
vt -0.04537807 0.1383543
vt -0.04896924 0.1322911
vt -0.04819891 0.1319008
vt 0.04658673 0.09151886
vt 0.04082708 0.08747719
vt 0.04135714 0.08679549
vt 0.09610006 0.01576447
vt 0.08967374 0.01295456
vt 0.09004758 0.01217615
vt 0.1287304 -0.04921151
vt 0.1221174 -0.05146219
vt 0.1224193 -0.05227127
vt 0.1592946 -0.0754316
vt 0.15278 -0.0778787
vt 0.1531088 -0.07867719
vt 0.128731 -0.04915133
vt 0.1278807 -0.04900085
vt 0.127069 -0.04929568
vt 0.1265135 -0.04995682
vt 0.126363 -0.05080714
vt 0.1266579 -0.05161878
vt 0.127319 -0.05217427
vt 0.1281693 -0.05232476
vt 0.128981 -0.05202993
vt 0.1295365 -0.05136878
vt 0.129687 -0.05051846
vt 0.1293921 -0.04970682
vt 0.1729099 -0.05829337
vt 0.166763 -0.0615178
vt 0.1671957 -0.06226511
vt 0.1287121 0.1328043
vt 0.1282039 0.1258856
vt 0.1290674 0.1258721
vt -0.08361469 0.1453514
vt -0.07792371 0.1413653
vt -0.07748249 0.1421075
vt -0.1345481 0.07358241
vt -0.1283828 0.07032947
vt -0.1280487 0.07112576
vt -0.1607685 0.01445177
vt -0.1547333 0.0109073
vt -0.1543682 0.01168988
vt -0.1801758 -0.01208225
vt -0.1747391 -0.01653198
vt -0.1742559 -0.01581625
vt -0.1852279 0.0204608
vt -0.181531 0.01446608
vt -0.1808354 0.01497774
vt -0.1272456 0.1068857
vt -0.1276682 0.0998515
vt -0.1268046 0.09985654
vt -0.01220018 0.1237334
vt -0.0165878 0.1182327
vt -0.01588715 0.117728
vt 0.0637949 0.0627516
vt 0.05786797 0.0590013
vt 0.05835534 0.05828844
vt 0.1075249 -0.01030158
vt 0.1011135 -0.01307481
vt 0.1014791 -0.0138571
vt 0.1396878 -0.06210845
vt 0.1331782 -0.06456854
vt 0.1335086 -0.06536639
vt 0.1276012 -0.05445336
vt 0.1268552 -0.05401843
vt 0.1259917 -0.05401477
vt 0.125242 -0.05444337
vt 0.1248071 -0.05518938
vt 0.1248034 -0.0560529
vt 0.125232 -0.05680256
vt 0.125978 -0.05723749
vt 0.1268416 -0.05724114
vt 0.1275912 -0.05681255
vt 0.1280261 -0.05606654
vt 0.1280298 -0.05520302
vt -0.0577762 0.1402795
vt -0.06239264 0.1261397
vt -0.06061115 0.1256392
vt 0.05796783 0.1030053
vt 0.04675777 0.0932417
vt 0.04805151 0.09191868
vt 0.1159605 0.02648066
vt 0.1026127 0.01988377
vt 0.1035542 0.01829072
vt 0.1483827 -0.03705133
vt 0.1343209 -0.04209078
vt 0.1350963 -0.04377094
vt 0.1730404 -0.06370319
vt 0.1588674 -0.06860988
vt 0.1596352 -0.07029351
vt 0.1951961 -0.007656286
vt 0.1826826 -0.01602651
vt 0.1838485 -0.01746343
vt -0.03060275 0.1845413
vt -0.02199985 0.172141
vt -0.02057048 0.1733162
vt -0.1432896 0.09941349
vt -0.1299047 0.09242241
vt -0.1291578 0.09411541
vt -0.1713161 0.03383511
vt -0.1577579 0.02723848
vt -0.1570308 0.0289401
vt -0.1873312 -0.006475764
vt -0.1744211 -0.0141713
vt -0.1735307 -0.01254917
vt -0.1953177 -0.003135971
vt -0.184258 -0.01322348
vt -0.1830512 -0.01182072
vt -0.1716977 0.06526662
vt -0.1659154 0.05152113
vt -0.164233 0.05229157
vt 0.1098939 -0.07890001
vt 0.1117086 -0.07853792
vt 0.1130991 -0.077317
vt 0.1136928 -0.0755644
vt 0.1133307 -0.07374973
vt 0.1121098 -0.07235923
vt 0.1103572 -0.07176547
vt 0.1085425 -0.07212757
vt 0.107152 -0.07334848
vt 0.1065583 -0.07510109
vt 0.1069204 -0.07691576
vt 0.1081413 -0.07830626
vt 0.09529608 0.07948424
vt 0.09362243 0.07274774
vt 0.09446843 0.07257466
vt 0.15683 0.01588412
vt 0.1522988 0.01063106
vt 0.1529841 0.01010567
vt 0.170162 -0.01840937
vt 0.1644512 -0.02236706
vt 0.1649946 -0.0230381
vt 0.1635321 -0.005591974
vt 0.1574167 -0.008937724
vt 0.1578963 -0.009655814
vt 0.1410756 0.04720858
vt 0.1350311 0.04367999
vt 0.1355349 0.04297868
vt 0.06913214 0.1290334
vt 0.06451906 0.1237345
vt 0.06521975 0.1232298
vt -0.1255513 0.09865173
vt -0.1233564 0.09195948
vt -0.1225606 0.09229456
vt -0.170119 -0.01591781
vt -0.1647716 -0.02050735
vt -0.1642535 -0.0198165
vt -0.1580724 -0.04325213
vt -0.1523302 -0.04731851
vt -0.1518663 -0.04659017
vt -0.1340876 -0.01896272
vt -0.128623 -0.02335948
vt -0.1281059 -0.02266788
vt -0.09208915 0.03666912
vt -0.0875717 0.03134089
vt -0.0869295 0.03191818
vt -0.01290805 0.0908387
vt -0.01070535 0.08423754
vt -0.009895156 0.08453633
vt -0.05885832 -0.1095977
vt -0.05800951 -0.1094389
vt -0.05735381 -0.108877
vt -0.05706691 -0.1080626
vt -0.05722568 -0.1072138
vt -0.05778759 -0.1065581
vt -0.05860206 -0.1062711
vt -0.05945087 -0.1064299
vt -0.06010658 -0.1069918
vt -0.06039347 -0.1078063
vt -0.0602347 -0.1086551
vt -0.0596728 -0.1093108
vt 0.08997004 0.08259343
vt 0.08853076 0.075803
vt 0.08938225 0.07565934
vt 0.1547935 0.01927225
vt 0.150367 0.01393069
vt 0.1510625 0.01341893
vt 0.1695055 -0.01743861
vt 0.1638266 -0.02144189
vt 0.1643754 -0.02210857
vt 0.1634932 -0.007029633
vt 0.157378 -0.01037575
vt 0.1578577 -0.01109381
vt 0.1423199 0.04348343
vt 0.1362382 0.04001923
vt 0.1367346 0.0393126
vt 0.07654005 0.1239649
vt 0.07170283 0.1188698
vt 0.07238112 0.1183354
vt -0.1169 0.1070147
vt -0.1151224 0.1001997
vt -0.1143074 0.100485
vt -0.1695635 -0.01271803
vt -0.1642652 -0.01736426
vt -0.1637398 -0.01667895
vt -0.1581688 -0.04332798
vt -0.1524147 -0.04737766
vt -0.1519529 -0.04664799
vt -0.134831 -0.02108441
vt -0.1293226 -0.02542606
vt -0.1288124 -0.0247293
vt -0.09444702 0.03340866
vt -0.08982907 0.02816727
vt -0.08919798 0.02875668
vt -0.01823251 0.08910447
vt -0.01581916 0.08257739
vt -0.01501897 0.082902
vt -0.05983862 -0.1083907
vt -0.05898503 -0.1082601
vt -0.05831113 -0.1077202
vt -0.05799748 -0.1069156
vt -0.05812814 -0.106062
vt -0.05866808 -0.1053881
vt -0.05947264 -0.1050744
vt -0.06032623 -0.1052051
vt -0.06100014 -0.1057451
vt -0.06131378 -0.1065496
vt -0.06118312 -0.1074032
vt -0.06064318 -0.1080771
vt 0.1438229 0.03507073
vt 0.1400419 0.02924963
vt 0.1407851 0.02880986
vt 0.1714726 -0.01535882
vt 0.1660812 -0.01972454
vt 0.1666624 -0.0203632
vt 0.1711579 -0.01919063
vt 0.1651782 -0.022729
vt 0.1656722 -0.02343726
vt 0.1551335 0.02198307
vt 0.1490714 0.0185418
vt 0.1495622 0.01783132
vt 0.1068886 0.09982772
vt 0.1015791 0.0952674
vt 0.1022011 0.09466839
vt -0.06369113 0.1414876
vt -0.06399374 0.1344686
vt -0.06313124 0.1345109
vt -0.1706357 0.0124389
vt -0.1658407 0.007280264
vt -0.1652582 0.007917759
vt -0.168112 -0.04240755
vt -0.1624546 -0.04660908
vt -0.1619865 -0.04588344
vt -0.1483519 -0.0350687
vt -0.142786 -0.0393733
vt -0.1422918 -0.03866515
vt -0.1135295 0.01206235
vt -0.1086551 0.007019251
vt -0.1080559 0.007641068
vt -0.04782977 0.07336093
vt -0.04472699 0.06710232
vt -0.04396477 0.06750815
vt 0.05890228 0.09121551
vt 0.05851694 0.08426723
vt 0.05938022 0.08424636
vt -0.05389306 -0.1164068
vt -0.05315499 -0.1159585
vt -0.05273993 -0.1152013
vt -0.05275909 -0.114338
vt -0.05320735 -0.1135999
vt -0.05396459 -0.1131848
vt -0.05482791 -0.113204
vt -0.05556598 -0.1136522
vt -0.05598104 -0.1144095
vt -0.05596187 -0.1152728
vt -0.05551361 -0.1160109
vt -0.05475637 -0.1164259
vt 0.1549863 0.02332588
vt 0.1506204 0.01792958
vt 0.1513138 0.01741492
vt 0.1699067 -0.01609348
vt 0.1642109 -0.02005373
vt 0.1647439 -0.02073314
vt 0.1638594 -0.007584681
vt 0.1577029 -0.01080566
vt 0.1581592 -0.01153877
vt 0.1441816 0.04068465
vt 0.1380051 0.03745303
vt 0.1384713 0.03672615
vt 0.0859214 0.1195359
vt 0.08072311 0.1148492
vt 0.08135932 0.1142653
vt -0.1113409 0.1145842
vt -0.1099604 0.1076956
vt -0.1091329 0.1079424
vt -0.1698848 -0.01427436
vt -0.164513 -0.01882932
vt -0.16401 -0.01812738
vt -0.1573173 -0.04503418
vt -0.1514553 -0.04894513
vt -0.1510243 -0.04819682
vt -0.1342407 -0.0222
vt -0.1285884 -0.0263905
vt -0.1281087 -0.02567245
vt -0.09563848 0.03261077
vt -0.09080369 0.02752963
vt -0.09019964 0.02814673
vt -0.02255422 0.09050222
vt -0.0198069 0.08407963
vt -0.01902314 0.08444213
vt 0.08677153 0.08835983
vt 0.08560975 0.08149855
vt 0.08646524 0.08138104
vt -0.06208071 -0.1025737
vt -0.0613889 -0.1020569
vt -0.06104816 -0.1012634
vt -0.06114981 -0.1004059
vt -0.06166661 -0.09971409
vt -0.06246007 -0.09937336
vt -0.0633176 -0.09947501
vt -0.06400941 -0.09999181
vt -0.06435014 -0.1007853
vt -0.0642485 -0.1016428
vt -0.06373171 -0.1023346
vt -0.06293824 -0.1026754
vt 0.1479703 0.0330609
vt 0.143982 0.02737985
vt 0.1447088 0.02691359
vt 0.1688575 -0.0118079
vt 0.1633465 -0.01602168
vt 0.1639097 -0.01667628
vt 0.1651093 -0.009705758
vt 0.1590537 -0.01311251
vt 0.1595321 -0.01383141
vt 0.1470685 0.03375872
vt 0.140947 0.03042414
vt 0.1414253 0.02970518
vt 0.09594212 0.1091576
vt 0.09061603 0.1046166
vt 0.09123584 0.1040154
vt -0.08210491 0.1330484
vt -0.08191581 0.1260255
vt -0.08105839 0.126128
vt -0.168886 0.001617848
vt -0.1638541 -0.003310005
vt -0.1633022 -0.002645866
vt -0.1604654 -0.04129913
vt -0.154713 -0.04536954
vt -0.1542617 -0.04463335
vt -0.1387269 -0.02609717
vt -0.1331079 -0.03033211
vt -0.1326226 -0.02961786
vt -0.1024688 0.02419459
vt -0.09757632 0.01916901
vt -0.09697936 0.01979297
vt -0.03498684 0.08310617
vt -0.03195618 0.07681232
vt -0.03118934 0.07720937
vt 0.07112757 0.09264201
vt 0.07051364 0.0857102
vt 0.07137576 0.08566092
vt -0.06027261 -0.1042838
vt -0.05954773 -0.1038145
vt -0.05915463 -0.1030456
vt -0.05919863 -0.1021832
vt -0.05966792 -0.1014583
vt -0.06043679 -0.1010652
vt -0.0612992 -0.1011092
vt -0.06202407 -0.1015785
vt -0.06241717 -0.1023474
vt -0.06237318 -0.1032098
vt -0.06190388 -0.1039346
vt -0.06113502 -0.1043278
vt 0.1640353 0.01914604
vt 0.1595886 0.0138161
vt 0.1602742 0.01329105
vt 0.1787734 -0.02200141
vt 0.1730333 -0.0258973
vt 0.1735587 -0.02658267
vt 0.1722157 -0.01209904
vt 0.1660308 -0.01526505
vt 0.1664806 -0.01600219
vt 0.1515826 0.04007016
vt 0.1453831 0.036883
vt 0.145844 0.03615279
vt 0.08946687 0.125077
vt 0.08427143 0.1203871
vt 0.084908 0.1198036
vt -0.1223157 0.114734
vt -0.12069 0.1078991
vt -0.1198719 0.1081754
vt -0.1786012 -0.02075632
vt -0.1731519 -0.02521827
vt -0.1726611 -0.02450778
vt -0.1648665 -0.05185056
vt -0.1589717 -0.05571192
vt -0.1585471 -0.05496
vt -0.1406055 -0.02691487
vt -0.1349345 -0.03108003
vt -0.1344581 -0.03035985
vt -0.09983953 0.03182944
vt -0.09500162 0.02675126
vt -0.09439795 0.02736874
vt -0.02202296 0.09333032
vt -0.01931859 0.08688954
vt -0.01853243 0.08724679
vt 0.09378715 0.0891519
vt 0.09251764 0.08230973
vt 0.09337118 0.08217879
vt -0.06511852 -0.1109417
vt -0.06443305 -0.1104165
vt -0.06410199 -0.109619
vt -0.06421407 -0.1087628
vt -0.06473924 -0.1080773
vt -0.0655368 -0.1077462
vt -0.06639303 -0.1078583
vt -0.0670785 -0.1083835
vt -0.06740955 -0.109181
vt -0.06729747 -0.1100373
vt -0.0667723 -0.1107227
vt -0.06597475 -0.1110538
vt 0.1696134 0.008963243
vt 0.1648355 0.003928089
vt 0.1654861 0.003360334
vt 0.178938 -0.0252887
vt 0.1730432 -0.02894635
vt 0.1735401 -0.02965265
vt 0.1703468 -0.008619211
vt 0.1640785 -0.01161676
vt 0.1645082 -0.01236582
vt 0.147894 0.04837342
vt 0.1416545 0.04526532
vt 0.1421061 0.04452933
vt 0.07542848 0.1365498
vt 0.0704536 0.1316266
vt 0.07111627 0.1310729
vt -0.1473071 0.08702426
vt -0.1445185 0.08057586
vt -0.1437608 0.08099006
vt -0.1773836 -0.03465259
vt -0.1716883 -0.03879594
vt -0.1712389 -0.03805856
vt -0.1609115 -0.05385988
vt -0.1549378 -0.05759795
vt -0.1545289 -0.05683737
vt -0.1353282 -0.02144384
vt -0.1296442 -0.02559125
vt -0.12917 -0.02486958
vt -0.09169044 0.04137752
vt -0.08694018 0.03621726
vt -0.08632604 0.03682431
vt -0.007245573 0.09999336
vt -0.004891134 0.09341658
vt -0.004086908 0.09373108
vt 0.1096577 0.08176886
vt 0.107821 0.07505669
vt 0.1086606 0.07485489
vt -0.06724878 -0.1090373
vt -0.06659995 -0.1084674
vt -0.06632296 -0.1076495
vt -0.06649202 -0.1068027
vt -0.06706185 -0.1061539
vt -0.06787975 -0.1058769
vt -0.06872657 -0.1060459
vt -0.0693754 -0.1066158
vt -0.06965239 -0.1074337
vt -0.06948332 -0.1082805
vt -0.0689135 -0.1089293
vt -0.0680956 -0.1092063
vt 0.1602248 0.02158142
vt 0.1559687 0.01609809
vt 0.1566724 0.01559752
vt 0.1813112 -0.0259589
vt 0.175678 -0.03000784
vt 0.1762216 -0.03067882
vt 0.1779465 -0.02210662
vt 0.1718316 -0.02540587
vt 0.1722973 -0.0261331
vt 0.1593367 0.02791394
vt 0.1531956 0.02461559
vt 0.1536697 0.02389381
vt 0.1010337 0.1156708
vt 0.09584437 0.1109742
vt 0.09648171 0.1103915
vt -0.1045554 0.1289108
vt -0.1034854 0.1219672
vt -0.1026477 0.1221767
vt -0.1817252 -0.01080946
vt -0.1764662 -0.01549429
vt -0.1759463 -0.01480484
vt -0.1726303 -0.05379901
vt -0.1668178 -0.05778323
vt -0.1663775 -0.05704039
vt -0.1502384 -0.03651687
vt -0.1446164 -0.04074796
vt -0.1441316 -0.04003339
vt -0.1111662 0.01935196
vt -0.1063428 0.01426003
vt -0.1057373 0.01487579
vt -0.03573904 0.08401357
vt -0.03294612 0.07761068
vt -0.03216495 0.07797874
vt 0.0811323 0.08935989
vt 0.08010575 0.08247707
vt 0.08096339 0.08237641
vt -0.05768376 -0.1226504
vt -0.05698409 -0.1221442
vt -0.05663121 -0.1213561
vt -0.05671969 -0.1204971
vt -0.0572258 -0.1197974
vt -0.05801395 -0.1194446
vt -0.05887294 -0.119533
vt -0.0595726 -0.1200392
vt -0.05992547 -0.1208273
vt -0.059837 -0.1216863
vt -0.05933089 -0.122386
vt -0.05854274 -0.1227388
vt 0.1122516 0.0751979
vt 0.1101567 0.06858026
vt 0.1109902 0.06835422
vt 0.1687823 0.005479377
vt 0.1639661 0.0004863605
vt 0.1646211 -7.632528E-05
vt 0.1781074 -0.02576898
vt 0.1722367 -0.02948533
vt 0.1727517 -0.03017844
vt 0.1694285 -0.007044113
vt 0.1632056 -0.01018542
vt 0.1636612 -0.01091899
vt 0.1448845 0.05242457
vt 0.1387542 0.04904711
vt 0.1392404 0.0483335
vt 0.06177684 0.1412158
vt 0.05728116 0.135817
vt 0.05799275 0.1353278
vt -0.1493745 0.08020132
vt -0.146335 0.07384795
vt -0.145589 0.07428285
vt -0.1770626 -0.03205613
vt -0.171455 -0.03632385
vt -0.1709783 -0.03560377
vt -0.1615674 -0.05146234
vt -0.1557068 -0.05535617
vt -0.1552648 -0.05461438
vt -0.1354301 -0.01963102
vt -0.1299007 -0.02394596
vt -0.129394 -0.02324674
vt -0.08954583 0.04262051
vt -0.08503789 0.03728423
vt -0.08439467 0.03786039
vt -0.001781631 0.09784464
vt 0.00020045 0.09117392
vt 0.001020125 0.09144561
vt -0.06437067 -0.1148371
vt -0.06353064 -0.114637
vt -0.0629032 -0.1140437
vt -0.06265646 -0.1132162
vt -0.06285655 -0.1123762
vt -0.06344985 -0.1117487
vt -0.06427738 -0.111502
vt -0.06511741 -0.1117021
vt -0.06574485 -0.1122954
vt -0.06599159 -0.1131229
vt -0.0657915 -0.1139629
vt -0.0651982 -0.1145904
vt 0.1172239 0.0714941
vt 0.1149048 0.06495167
vt 0.11573 0.06469737
vt 0.1705459 0.002231907
vt 0.1656366 -0.002669642
vt 0.166281 -0.003244549
vt 0.1787857 -0.0265076
vt 0.1728848 -0.03017588
vt 0.1733942 -0.03087316
vt 0.1696123 -0.005426699
vt 0.1633867 -0.00856279
vt 0.1638417 -0.009296757
vt 0.1437185 0.05636027
vt 0.1376232 0.05292011
vt 0.1381168 0.05221153
vt 0.05253232 0.1460809
vt 0.04831638 0.1404609
vt 0.04905189 0.1400084
vt -0.1555266 0.07099736
vt -0.1521507 0.06481614
vt -0.1514291 0.06529044
vt -0.1774655 -0.03470929
vt -0.171821 -0.03892806
vt -0.1713506 -0.03820386
vt -0.1615786 -0.05105843
vt -0.1557281 -0.05496744
vt -0.1552841 -0.05422679
vt -0.1347915 -0.01721048
vt -0.1293034 -0.02157791
vt -0.1287901 -0.02088355
vt -0.08710327 0.04609672
vt -0.08269878 0.04067473
vt -0.0820446 0.04123841
vt 0.003922259 0.09919655
vt 0.005679585 0.09246314
vt 0.006507912 0.09270718
vt -0.06324054 -0.1161143
vt -0.0624074 -0.1158872
vt -0.06179939 -0.115274
vt -0.06157945 -0.114439
vt -0.06180649 -0.1136058
vt -0.0624197 -0.1129978
vt -0.06325475 -0.1127779
vt -0.06408789 -0.1130049
vt -0.0646959 -0.1136181
vt -0.06491584 -0.1144532
vt -0.06468879 -0.1152863
vt -0.0640756 -0.1158943
vt -0.1496481 0.03662879
vt -0.1534457 0.03191764
vt -0.151266 0.0303805
vt -0.1473102 0.03445304
vt 0.1036001 0.1085961
vt 0.1018393 0.1129949
vt 0.09958392 0.1115331
vt 0.1012987 0.1072398
vt 0.116516 0.09508066
vt 0.1152664 0.09781737
vt 0.1129785 0.09642247
vt 0.114184 0.09374846
vt 0.1446411 0.04836669
vt 0.143144 0.05100923
vt 0.1410458 0.04957702
vt 0.1422613 0.0471305
vt 0.1521745 0.05092883
vt 0.1502119 0.0529589
vt 0.1482001 0.05076437
vt 0.1503792 0.04913125
vt 0.1474238 0.0289445
vt 0.1467451 0.02965496
vt 0.1460664 0.03036543
vt 0.1434856 0.02859601
vt 0.1451021 0.02710312
vt 0.04032565 0.1557952
vt 0.03889664 0.1553595
vt 0.03898927 0.1518975
vt 0.04124784 0.1532226
vt 0.08629206 0.1355238
vt 0.08481462 0.1356946
vt 0.08468626 0.1323362
vt 0.08675192 0.132113
vt -0.1007541 0.1037996
vt -0.101361 0.1024128
vt -0.09835372 0.101143
vt -0.09778249 0.1022186
vt -0.1137482 0.06096751
vt -0.1150171 0.05794454
vt -0.111641 0.05661278
vt -0.1107041 0.05979881
vt -0.1192529 0.05483484
vt -0.1202688 0.05266383
vt -0.1172062 0.05106293
vt -0.1158917 0.05348337
vt -0.1469814 0.03264819
vt -0.1490594 0.03006646
vt -0.1465648 0.02807412
vt -0.1442889 0.03047395
vt -0.07946537 0.00498016
vt -0.08439104 0.00483577
vt -0.08727254 -0.0001304287
vt -0.08200103 0.002842244
vt 0.09576812 0.005396054
vt 0.1006801 0.002548327
vt 0.103269 0.006375468
vt 0.1041857 0.00916425
vt 0.103269 0.01173425
vt 0.1009886 0.01321003
vt 0.09948137 0.01480366
vt 0.09756874 0.01471906
vt 0.09504694 0.01409423
vt 0.09299488 0.01423385
vt 0.09253282 0.01310796
vt 0.09287386 0.009836159
vt 0.09291325 0.007074619
vt 0.06472809 0.1470892
vt 0.06328703 0.1469595
vt 0.06427161 0.1436562
vt 0.1194782 0.1090538
vt 0.1175775 0.1095706
vt 0.1170151 0.1069087
vt 0.1187788 0.1060003
vt -0.08433102 0.002631363
vt -0.08387585 0.005000019
vt -0.08805481 0.005919142
vt -0.0833877 0.003436349
vt -0.08712239 0.006711745
vt -0.08831698 0.003355764
vt -0.09137031 0.007517106
vt -0.09505298 0.01084919
vt -0.09589302 0.01032911
vt -0.09445632 0.00584584
vt -0.076096 0.007582841
vt -0.07682455 0.008904241
vt -0.07831465 0.009041939
vt -0.07975853 0.009131316
vt -0.08013801 0.005111779
vt -0.08247486 0.01122488
vt -0.08256157 0.01450601
vt -0.08665814 0.01212414
vt -0.08743411 0.005198075
vt -0.08889648 0.005500274
vt -0.09082097 0.005009978
vt -0.09165138 0.004474965
vt -0.08792607 0.001191006
vt -0.08712257 0.00671187
vt -0.09018451 0.004993587
vt -0.08831717 0.00335589
vt -0.09157003 0.01027465
vt -0.09839988 0.0120718
vt -0.09713798 0.009343273
vt -0.09455739 0.005372595
vt -0.09182151 0.01178001
vt -0.09418178 0.01022934
vt -0.09530582 0.00740715
vt -0.09032268 0.007316249
vt -0.09199046 0.003505162
vt -0.09697335 0.003624329
vt -0.09013374 0.001855435
vt 0.03337006 0.03889063
vt 0.03248412 0.03804918
vt 0.03400761 0.0366402
vt 0.03489061 0.03748472
vt -0.07683976 0.001398798
vt -0.07834252 7.906093E-05
vt -0.07753625 -0.000839022
vt -0.07603349 0.0004807154
vt -0.08507125 0.1196134
vt -0.0859799 0.1203797
vt -0.08666312 0.1193667
vt -0.08576343 0.1186066
vt 0.09532162 0.117494
vt 0.09594991 0.1164461
vt 0.09766524 0.1174745
vt 0.09703695 0.1185224
vt 0.1508719 0.0414286
vt 0.1513782 0.03942223
vt 0.1529633 0.04063898
vt 0.1517493 0.0422262
vt -0.1508103 0.04147011
vt -0.1516788 0.04226132
vt -0.1528931 0.04067433
vt -0.1513082 0.03945728
vt 0.1518964 0.04230203
vt 0.1516504 0.04275746
vt 0.1415003 0.03727374
vt 0.1417463 0.03681832
vt 0.1595202 0.042672
vt 0.1592132 0.04308879
vt 0.1499242 0.03624701
vt 0.1502312 0.03583021
vt 0.1309139 0.1063987
vt 0.1304511 0.1066305
vt 0.1252865 0.09631432
vt 0.1257494 0.09608258
vt -0.01377061 0.1644961
vt -0.01423534 0.1642681
vt -0.00915419 0.1539106
vt -0.008689467 0.1541386
vt -0.1028988 0.1193933
vt -0.1032069 0.1189773
vt -0.09393568 0.1121114
vt -0.09362761 0.1125274
vt -0.1351757 0.07325124
vt -0.135422 0.07279596
vt -0.1252753 0.06730608
vt -0.1250289 0.06776135
vt -0.1516504 0.04275744
vt -0.1518965 0.04230202
vt -0.1417464 0.03681831
vt -0.1415003 0.03727374
vt -0.1592132 0.04308879
vt -0.1595202 0.042672
vt -0.1502312 0.03583021
vt -0.1499242 0.036247
vt -0.1304511 0.1066305
vt -0.130914 0.1063987
vt -0.1257494 0.09608258
vt -0.1252865 0.0963143
vt 0.01423534 0.1642681
vt 0.01377062 0.1644961
vt 0.008689467 0.1541386
vt 0.009154196 0.1539106
vt 0.1032069 0.1189773
vt 0.1028988 0.1193933
vt 0.09362759 0.1125274
vt 0.09393566 0.1121115
vt 0.135422 0.07279595
vt 0.1351757 0.07325123
vt 0.1250289 0.06776134
vt 0.1252753 0.06730606
vt -0.06759166 -0.01873984
vt -0.06722464 -0.01910487
vt -0.06672429 -0.01923748
vt -0.06622465 -0.01910215
vt -0.06585962 -0.01873513
vt -0.06572701 -0.01823477
vt -0.06586234 -0.01773514
vt -0.06622936 -0.01737011
vt -0.06672972 -0.01723749
vt -0.06722935 -0.01737282
vt -0.06759438 -0.01773984
vt -0.06772699 -0.0182402
vt 0.06772703 -0.0182402
vt 0.06759442 -0.01773984
vt 0.06722938 -0.01737282
vt 0.06672975 -0.01723749
vt 0.06622939 -0.0173701
vt 0.06586237 -0.01773513
vt 0.06572704 -0.01823477
vt 0.06585965 -0.01873513
vt 0.06622468 -0.01910215
vt 0.06672432 -0.01923748
vt 0.06722468 -0.01910486
vt 0.0675917 -0.01873983
vt 0.1444537 0.03784207
vt 0.1442165 0.03830215
vt 0.1332045 0.03262403
vt 0.1334418 0.03216396
vt 0.1559019 0.03261286
vt 0.1556005 0.03303367
vt 0.1455282 0.02581896
vt 0.1458296 0.02539814
vt 0.134022 0.09741281
vt 0.1335551 0.09763633
vt 0.1282053 0.08646118
vt 0.1286722 0.08623767
vt -0.008957092 0.1624453
vt -0.009407404 0.16219
vt -0.003297113 0.1514119
vt -0.0028468 0.1516671
vt -0.09397537 0.1207074
vt -0.09426779 0.1202802
vt -0.08404451 0.1132811
vt -0.08375208 0.1137082
vt -0.1260827 0.07355546
vt -0.1263176 0.07309423
vt -0.1152779 0.06747032
vt -0.115043 0.06793156
vt -0.1442164 0.03830213
vt -0.1444537 0.03784206
vt -0.1334418 0.03216394
vt -0.1332045 0.03262401
vt -0.1556005 0.03303368
vt -0.1559019 0.03261286
vt -0.1458296 0.02539814
vt -0.1455282 0.02581896
vt -0.1335551 0.09763632
vt -0.134022 0.09741281
vt -0.1286723 0.08623766
vt -0.1282053 0.08646117
vt 0.009407404 0.16219
vt 0.008957092 0.1624453
vt 0.002846801 0.1516671
vt 0.003297113 0.1514119
vt 0.09426778 0.1202802
vt 0.09397535 0.1207074
vt 0.08375207 0.1137082
vt 0.0840445 0.1132811
vt 0.1263177 0.0730942
vt 0.1260827 0.07355545
vt 0.115043 0.06793154
vt 0.1152779 0.0674703
vt -0.07911113 -0.01127254
vt -0.07875346 -0.01164675
vt -0.07825662 -0.01179199
vt -0.07775372 -0.01166934
vt -0.07737952 -0.01131168
vt -0.07723428 -0.01081484
vt -0.07735692 -0.01031194
vt -0.07771458 -0.009937734
vt -0.07821143 -0.009792496
vt -0.07871433 -0.00991514
vt -0.07908853 -0.0102728
vt -0.07923377 -0.01076964
vt 0.07923377 -0.01076964
vt 0.07908853 -0.0102728
vt 0.07871433 -0.009915139
vt 0.07821143 -0.009792496
vt 0.07771458 -0.009937734
vt 0.07735692 -0.01031194
vt 0.07723428 -0.01081484
vt 0.07737952 -0.01131168
vt 0.07775372 -0.01166934
vt 0.07825662 -0.01179198
vt 0.07875346 -0.01164675
vt 0.07911113 -0.01127254
vt 0.08908736 0.1281024
vt 0.08878642 0.1285236
vt 0.07883907 0.1214159
vt 0.07914001 0.1209947
vt 0.1229126 0.08289012
vt 0.1226822 0.08335366
vt 0.1117342 0.07791217
vt 0.1119645 0.07744864
vt 0.1405946 0.04668891
vt 0.1403708 0.04715566
vt 0.1293471 0.04186923
vt 0.1295709 0.04140248
vt 0.1521648 0.03382326
vt 0.1518904 0.0342622
vt 0.1415232 0.02778219
vt 0.1417976 0.02734325
vt 0.1419904 0.08082359
vt 0.1415635 0.08111634
vt 0.1346491 0.07103367
vt 0.135076 0.07074092
vt 0.01034626 0.1632122
vt 0.009867663 0.163015
vt 0.01452569 0.1517114
vt 0.01500429 0.1519086
vt -0.08878645 0.1285236
vt -0.08908739 0.1281024
vt -0.07914003 0.1209947
vt -0.07883909 0.1214159
vt -0.1226822 0.08335365
vt -0.1229126 0.08289012
vt -0.1119645 0.07744863
vt -0.1117342 0.07791217
vt -0.1403708 0.04715565
vt -0.1405946 0.04668891
vt -0.1295709 0.04140248
vt -0.1293471 0.04186922
vt -0.1518904 0.0342622
vt -0.1521648 0.03382325
vt -0.1417976 0.02734324
vt -0.1415232 0.02778219
vt -0.1415635 0.08111633
vt -0.1419904 0.08082359
vt -0.135076 0.07074092
vt -0.1346491 0.07103367
vt -0.009867623 0.163015
vt -0.01034622 0.1632122
vt -0.01500425 0.1519086
vt -0.01452566 0.1517114
vt -0.07364227 -0.005224292
vt -0.0731523 -0.005057289
vt -0.07281149 -0.004667684
vt -0.07271114 -0.004159865
vt -0.07287814 -0.003669906
vt -0.07326774 -0.003329091
vt -0.07377556 -0.003228737
vt -0.07426552 -0.00339574
vt -0.07460634 -0.003785346
vt -0.07470669 -0.004293164
vt -0.07453969 -0.004783125
vt -0.07415008 -0.005123938
vt 0.07415009 -0.005123946
vt 0.07453969 -0.004783132
vt 0.07470669 -0.004293172
vt 0.07460634 -0.003785354
vt 0.07426552 -0.003395747
vt 0.07377557 -0.003228745
vt 0.07326775 -0.003329099
vt 0.07287814 -0.003669914
vt 0.07271115 -0.004159873
vt 0.0728115 -0.004667691
vt 0.07315231 -0.005057297
vt 0.07364227 -0.0052243
vt 0.1144522 0.10038
vt 0.1141774 0.1008186
vt 0.104895 0.09500409
vt 0.1051698 0.09456541
vt 0.1383866 0.06002477
vt 0.1381404 0.06048012
vt 0.1285054 0.05527084
vt 0.1287515 0.05481549
vt 0.1523867 0.03955238
vt 0.1521133 0.03999188
vt 0.1428133 0.03420546
vt 0.1430868 0.03376595
vt 0.1525169 0.06317784
vt 0.1521386 0.0635312
vt 0.1446616 0.0555271
vt 0.1450399 0.05517374
vt 0.07310881 0.1495008
vt 0.0725912 0.1495064
vt 0.07247299 0.1385539
vt 0.0729906 0.1385483
vt -0.0604872 0.1483703
vt -0.06086902 0.1480207
vt -0.05347306 0.1399417
vt -0.05309125 0.1402912
vt -0.1141774 0.1008186
vt -0.1144522 0.1003799
vt -0.1051699 0.09456538
vt -0.1048951 0.09500406
vt -0.1381404 0.06048012
vt -0.1383866 0.06002477
vt -0.1287515 0.05481549
vt -0.1285054 0.05527084
vt -0.1521133 0.03999189
vt -0.1523867 0.03955239
vt -0.1430868 0.03376596
vt -0.1428133 0.03420546
vt -0.1521386 0.06353121
vt -0.1525169 0.06317785
vt -0.1450399 0.05517375
vt -0.1446616 0.05552711
vt -0.07259124 0.1495064
vt -0.07310884 0.1495008
vt -0.07299063 0.1385483
vt -0.07247302 0.1385539
vt 0.06086906 0.1480207
vt 0.06048725 0.1483703
vt 0.05309128 0.1402912
vt 0.0534731 0.1399417
vt -0.07140966 -0.01413879
vt -0.07089204 -0.01413577
vt -0.07044526 -0.01387434
vt -0.07018907 -0.01342454
vt -0.07019208 -0.01290692
vt -0.07045352 -0.01246015
vt -0.07090331 -0.01220395
vt -0.07142094 -0.01220697
vt -0.0718677 -0.0124684
vt -0.0721239 -0.01291819
vt -0.07212089 -0.01343582
vt -0.07185946 -0.01388259
vt 0.07185943 -0.01388257
vt 0.07212086 -0.0134358
vt 0.07212389 -0.01291817
vt 0.07186769 -0.01246838
vt 0.07142092 -0.01220695
vt 0.07090329 -0.01220393
vt 0.0704535 -0.01246013
vt 0.07019207 -0.0129069
vt 0.07018904 -0.01342453
vt 0.07044525 -0.01387432
vt 0.07089202 -0.01413575
vt 0.07140964 -0.01413877
vt -0.1226739 0.06071388
vt -0.117763 0.06629799
vt -0.1233471 0.07120886
vt -0.128258 0.06562475
vt 0.1226739 0.06071388
vt 0.128258 0.06562476
vt 0.1233471 0.07120886
vt 0.117763 0.06629799
vt -0.07243744 0.05175908
vt -0.06860652 0.04538547
vt -0.0622329 0.04921639
vt -0.06606382 0.05559
vt 0.01588419 0.09154906
vt 0.009951873 0.09152909
vt 0.01127389 0.08571434
vt -0.07871745 0.1339981
vt -0.0852918 0.1374733
vt -0.08876698 0.1308989
vt -0.08219261 0.1274237
vt 0.07871744 0.1339981
vt 0.08219261 0.1274237
vt 0.08876697 0.1308989
vt 0.0852918 0.1374733
vt 0.01636756 -0.03288178
vt 0.01141049 -0.02733863
vt 0.01043529 -0.03291335
vt 0.116555 0.06130546
vt 0.1151886 0.05399576
vt 0.1200912 0.05688687
vt 0.09529927 0.1116357
vt 0.09009511 0.1093311
vt 0.09665504 0.1058287
vt 0.130564 0.004523902
vt 0.1301231 0.003384367
vt 0.1320089 0.00251839
vt 0.1324459 0.003659436
vt -0.08905925 0.003091286
vt -0.0873732 0.004167038
vt -0.08803041 0.005197101
vt -0.08971646 0.004121352
vt 0.1110704 0.103845
vt 0.1120913 0.1044322
vt 0.1116 0.105551
vt 0.1105691 0.1049593
vt -0.101141 0.108079
vt -0.1016851 0.1069849
vt -0.09989438 0.1060943
vt -0.09935026 0.1071883
vt 0.1546293 0.03153758
vt 0.1533867 0.03310253
vt 0.1518196 0.03186259
vt 0.1536416 0.03088158
vt -0.1518117 0.03180369
vt -0.1533787 0.03304366
vt -0.1546213 0.03147873
vt -0.1536421 0.03082956
vt 0.0231371 0.01868579
vt 0.02218057 0.01792555
vt 0.0235742 0.016388
vt 0.02452808 0.01715156
vt -0.06746286 -0.02283731
vt -0.06889951 -0.02422873
vt -0.06804945 -0.02510642
vt -0.06661279 -0.02371501
vt -0.07996351 0.1208744
vt -0.08071858 0.1217924
vt -0.08157377 0.1209197
vt -0.08082639 0.1200094
vt 0.08906857 0.1210518
vt 0.0898851 0.1201429
vt 0.09137293 0.1214794
vt 0.0905564 0.1223884
vt 0.1513301 0.06007974
vt 0.1521082 0.05816231
vt 0.1535104 0.05958598
vt 0.1520891 0.06099067
vt -0.1512618 0.0601083
vt -0.152013 0.06101168
vt -0.1534344 0.05960718
vt -0.1520324 0.05818331
vt 0.1299842 -0.01238444
vt 0.1295953 -0.01354276
vt 0.1315184 -0.01432252
vt 0.1319033 -0.01316287
vt -0.08094828 -0.02081352
vt -0.07930183 -0.01967809
vt -0.0799955 -0.01867222
vt -0.08164196 -0.01980764
vt 0.1077822 0.108079
vt 0.1086788 0.1088428
vt 0.1079915 0.109853
vt 0.1070859 0.109083
vt -0.09818203 0.1104874
vt -0.09891135 0.1095071
vt -0.09730669 0.1083133
vt -0.09657738 0.1092937
vt 0.155968 0.05416245
vt 0.154504 0.05552261
vt 0.1531413 0.05406099
vt 0.1550902 0.0533653
vt -0.1531441 0.05399345
vt -0.1545067 0.05545505
vt -0.1559707 0.05409489
vt -0.1551002 0.05330578
vt 0.02743179 0.02345676
vt 0.02660796 0.02255442
vt 0.02822783 0.0212574
vt 0.02904852 0.0221626
vt -0.07627924 -0.009702908
vt -0.07790427 -0.01086879
vt -0.07719199 -0.01186157
vt -0.07556696 -0.01069569
vt -0.09294507 0.1073275
vt -0.09385042 0.1080976
vt -0.09453799 0.1070876
vt -0.09364156 0.1063236
vt 0.1022093 0.1064169
vt 0.1028532 0.1053784
vt 0.104553 0.1064323
vt 0.1039091 0.1074708
vt 0.1520102 0.05209953
vt 0.1527542 0.05016866
vt 0.1541814 0.05156733
vt 0.1527852 0.05299691
vt -0.1519413 0.05213774
vt -0.1527083 0.05302775
vt -0.1541048 0.05159845
vt -0.1526779 0.05019949
vt 0.1334759 0.001960167
vt 0.1331729 0.0007764736
vt 0.1351479 0.0001396859
vt 0.1354468 0.001324414
vt -0.08886228 -0.006628285
vt -0.08707726 -0.005726215
vt -0.08762836 -0.004635691
vt -0.08941337 -0.005537759
vt 0.1170336 0.09306789
vt 0.1180377 0.09368362
vt 0.117515 0.09478809
vt 0.1165012 0.09416766
vt -0.1079525 0.09598099
vt -0.1085159 0.09489679
vt -0.1067413 0.09397452
vt -0.1061778 0.09505872
vt 0.1566567 0.04486634
vt 0.1552243 0.04625969
vt 0.1538285 0.04482969
vt 0.1557609 0.04408951
vt -0.1538295 0.04476353
vt -0.1552253 0.04619352
vt -0.1566577 0.04480016
vt -0.1557693 0.04403121
vt 0.1315552 -0.001203225
vt 0.131127 -0.002347579
vt 0.1330223 -0.00319259
vt 0.1334465 -0.002046769
vt -0.08664282 -0.001155362
vt -0.08493604 -0.0001128242
vt -0.08557296 0.0009299082
vt -0.08727974 -0.0001126304
vt 0.1217062 0.09766554
vt 0.122741 0.09822816
vt 0.1222766 0.09935834
vt 0.1212318 0.09879154
vt -0.1120754 0.1023824
vt -0.112592 0.1012751
vt -0.1107795 0.1004296
vt -0.1102629 0.1015369
vt 0.1604092 0.03269943
vt 0.1591803 0.03427526
vt 0.1576024 0.03304916
vt 0.1594157 0.03205215
vt -0.1575937 0.03298976
vt -0.1591716 0.03421589
vt -0.1604004 0.0326401
vt -0.1594155 0.03199955
vt 0.02728847 0.03558195
vt 0.02642279 0.03471967
vt 0.02797937 0.03334733
vt 0.02884204 0.03421262
vt -0.0739205 -0.003066201
vt -0.07545079 -0.004353923
vt -0.07466407 -0.005288823
vt -0.07313379 -0.004001101
vt -0.09666396 0.1147101
vt -0.0975938 0.1154505
vt -0.09824827 0.1144187
vt -0.09732757 0.1136841
vt 0.1068156 0.1119949
vt 0.1074146 0.1109299
vt 0.1091578 0.1119104
vt 0.1085588 0.1129754
vt 0.1564682 0.04255371
vt 0.1569603 0.04054379
vt 0.158554 0.04174929
vt 0.1573512 0.04334507
vt -0.1564049 0.04259815
vt -0.157279 0.04338321
vt -0.158482 0.04178765
vt -0.1568885 0.04058186
vt -0.1293605 0.05666337
vt -0.1242569 0.06207188
vt -0.1296654 0.0671755
vt -0.134769 0.06176698
vt 0.1293605 0.05666336
vt 0.134769 0.06176698
vt 0.1296654 0.0671755
vt 0.1242569 0.06207188
vt -0.08041532 0.04403363
vt -0.0766926 0.03759621
vt -0.07025518 0.04131894
vt -0.07397791 0.04775636
vt 0.02106774 0.08296449
vt 0.01513566 0.08290716
vt 0.01649427 0.07710084
vt -0.07918225 0.132495
vt -0.08570991 0.1360572
vt -0.08927202 0.1295295
vt -0.08274436 0.1259674
vt 0.07918225 0.132495
vt 0.08274436 0.1259674
vt 0.08927201 0.1295295
vt 0.08570991 0.1360572
vt 0.02255714 -0.04381902
vt 0.01754308 -0.03832737
vt 0.01662551 -0.04391187
vt 0.1245409 0.05961614
vt 0.1233769 0.05227149
vt 0.1281978 0.05529695
vt 0.1028964 0.1058507
vt 0.09773749 0.1034463
vt 0.1043636 0.1000708
vt -0.1354533 0.05313135
vt -0.1300346 0.05822412
vt -0.1351273 0.06364285
vt -0.1405461 0.05855008
vt 0.1354533 0.05313135
vt 0.1405461 0.05855008
vt 0.1351273 0.06364285
vt 0.1300346 0.05822412
vt -0.09083714 0.03411826
vt -0.08718015 0.02764327
vt -0.08070517 0.03130026
vt -0.08436215 0.03777524
vt 0.02987234 0.07131904
vt 0.02393999 0.07132733
vt 0.02523428 0.06550635
vt -0.07438622 0.131477
vt -0.0807602 0.1353073
vt -0.08459054 0.1289334
vt -0.07821657 0.125103
vt 0.07438622 0.131477
vt 0.07821657 0.125103
vt 0.08459054 0.1289334
vt 0.0807602 0.1353073
vt 0.02963746 -0.05693339
vt 0.02472321 -0.05135225
vt 0.02370512 -0.0569193
vt 0.1325863 0.05954402
vt 0.1317321 0.0521569
vt 0.1364216 0.05538241
vt 0.1122211 0.09771088
vt 0.1071112 0.09520404
vt 0.1138034 0.0919615
vt -0.145897 0.04563797
vt -0.1411219 0.05060489
vt -0.1439296 0.05330418
vt -0.1487047 0.04833727
vt 0.145897 0.04563798
vt 0.1487047 0.04833727
vt 0.1439296 0.05330419
vt 0.1411219 0.05060489
vt -0.09876306 0.02928255
vt -0.0951895 0.02356778
vt -0.08934767 0.02722079
vt -0.09292122 0.03293556
vt 0.09876305 0.02928255
vt 0.09292123 0.03293556
vt 0.08934766 0.02722078
vt 0.0951895 0.02356778
vt -0.07747774 0.1366433
vt -0.08081581 0.13865
vt -0.08428851 0.1328734
vt -0.08095045 0.1308667
vt 0.07747775 0.1366433
vt 0.08095045 0.1308667
vt 0.08428852 0.1328734
vt 0.08081581 0.13865
vt -0.1174134 -0.03892262
vt -0.1073176 -0.03670996
vt -0.1109687 -0.03029808
vt 0.1459477 0.09291255
vt 0.1516205 0.09789588
vt 0.1471646 0.1087629
vt 0.1388856 0.09925069
vt -0.004090501 -0.09799325
vt 0.002409064 -0.1045286
vt 0.008742457 -0.1114767
vt 0.01604189 -0.1047633
vt 0.02224619 -0.09905711
vt 0.01842302 -0.09486289
vt 0.01651144 -0.09276577
vt 0.01459985 -0.09066866
vt 0.01144259 -0.08720496
vt 0.009886796 -0.08549818
vt 0.002960273 -0.09186859
vt -0.1762515 0.01185122
vt -0.1784907 0.01869174
vt -0.1859756 0.008484224
vt -0.1741537 0.01858419
vt -0.1762849 0.02064668
vt -0.1865691 0.01554644
vt -0.1750886 0.008460854
vt 0.1009911 0.03152627
vt 0.1029443 0.03029932
vt 0.1047702 0.03299511
vt 0.1045865 0.03293179
vt 0.1011 0.03172985
vt -0.1133888 0.09225173
vt -0.1216415 0.08779578
vt -0.1177755 0.07867087
vt -0.1101525 0.08651529
vt 0.1376558 -0.08909848
vt 0.1407987 -0.1017845
vt 0.1451777 -0.1020708
vt 0.1447614 -0.09150217
vt -0.0497762 0.05418073
vt -0.04210661 0.05911907
vt -0.04220677 0.05935261
vt -0.0460949 0.06519052
vt -0.05413134 0.05964936
vt 0.1404757 0.004548601
vt 0.1428024 0.003125036
vt 0.1487545 0.009694858
vt 0.1454439 0.01254437
vt -0.06493749 -0.06062707
vt -0.06453561 -0.06108495
vt -0.05203392 -0.06185918
vt -0.04448425 -0.0557444
vt -0.05778821 -0.05359231
vt -0.1023527 -0.1372032
vt -0.1102578 -0.1283112
vt -0.1115639 -0.1358157
vt -0.1110718 -0.1407009
vt 0.1728169 0.06963294
vt 0.1724491 0.07013617
vt 0.1700137 0.07346766
vt 0.1675783 0.07679914
vt 0.1646912 0.07155022
vt 0.1658278 0.06471057
vt -0.005312704 0.1568669
vt -0.004120009 0.1670432
vt -0.01651064 0.1689007
vt -0.01687174 0.1603853
vt 0.1863864 0.01836129
vt 0.1814428 0.0170261
vt 0.1743542 0.01491492
vt 0.1770291 0.006901613
vt 0.1895179 0.01033594
vt -0.170059 0.06283624
vt -0.1646849 0.05699471
vt -0.1575285 0.06289486
vt -0.1660804 0.07325415
vt -0.1667533 -0.00438778
vt -0.1705635 0.0009454009
vt -0.1801063 -0.002814167
vt -0.1801366 -0.002829132
vt -0.1771711 -0.009265946
vt -0.1694403 0.03918534
vt -0.1725201 0.04218721
vt -0.1748867 0.0372814
vt -0.172959 0.03114813
vt -0.1073287 0.09657965
vt -0.1095593 0.09964581
vt -0.1173117 0.09479532
vt -0.1148107 0.0909977
vt 0.1518322 0.07416673
vt 0.1533477 0.08089142
vt 0.1509604 0.08491872
vt 0.14685 0.08018476
vt 0.1686213 0.02411566
vt 0.1735031 0.03052436
vt 0.1642829 0.03105096
vt 0.1817856 0.01321364
vt 0.1867983 0.01387776
vt 0.1832363 0.02119737
vt 0.1751504 0.01807489
vt 0.08530094 0.08728014
vt 0.07834579 0.09102909
vt 0.07795603 0.08440412
vt 0.1029655 -0.09274368
vt 0.1038653 -0.08597428
vt 0.1010693 -0.09146079
vt 0.1441683 0.08547978
vt 0.1414282 0.07790382
vt 0.1459546 0.07876062
vt 0.1892786 0.04195047
vt 0.1874387 0.04307901
vt 0.1854872 0.04427604
vt 0.1854387 0.03732365
vt 0.1414282 0.07790378
vt 0.1477409 0.07204141
vt 0.1459546 0.07876058
vt -0.05146607 -0.1178479
vt -0.0431829 -0.1076467
vt -0.05286 -0.1092801
vt -0.0521425 -0.1136902
vt -0.05150254 -0.1176237
vt 0.1810529 0.03038357
vt 0.1751164 0.02847829
vt 0.1814754 0.02168218
vt 0.1544977 0.0102751
vt 0.1589853 0.007333949
vt 0.1660386 0.008514856
vt 0.1597515 0.01353706
vt 0.1825435 0.02359016
vt 0.1744204 0.02680624
vt 0.1737744 0.02581696
vt 0.1745701 0.02039701
vt 0.09853251 -0.09529515
vt 0.09719221 -0.1031728
vt 0.09690128 -0.1048828
vt 0.1001464 -0.1060777
vt 0.1024742 -0.09597085
vt -0.0535096 -0.01886942
vt -0.05347517 -0.0188439
vt -0.05957826 -0.009372288
vt -0.06680519 -0.01641221
vt 0.140324 0.1149058
vt 0.1389195 0.1100748
vt 0.1434951 0.1065858
vt 0.1487263 0.1098918
vt -0.1466176 -0.0280225
vt -0.155992 -0.02871884
vt -0.152263 -0.03935149
vt 0.01955072 -0.05517373
vt 0.01254142 -0.04940701
vt 0.008221772 -0.05208097
vt 0.008025141 -0.05220269
vt -0.02216437 -0.1087095
vt -0.01772404 -0.112611
vt -0.01110346 -0.1053163
vt -0.01410105 -0.1020784
vt -0.03056493 -0.05213062
vt -0.02756247 -0.0549212
vt -0.02088978 -0.04737275
vt -0.02531363 -0.04292003
vt 0.04564557 -0.1087737
vt 0.04708909 -0.1103286
vt 0.04777294 -0.1087327
vt 0.04790645 -0.1023421
vt -0.1057613 -0.1001315
vt -0.1054605 -0.09615759
vt -0.1094907 -0.09926565
vt 0.1393122 -0.0745684
vt 0.1345179 -0.06817551
vt 0.1374687 -0.08044384
vt -0.08459704 -0.1167422
vt -0.08096463 -0.1131839
vt -0.08113445 -0.1087242
vt -0.08161148 -0.1093331
vt -0.09478546 -0.06513584
vt -0.08823156 -0.06020047
vt -0.08823275 -0.05998597
vt -0.09200995 -0.05936477
vt 0.138136 0.1058036
vt 0.1375227 0.09883708
vt 0.1427332 0.1022608
vt -0.1479338 0.1033487
vt -0.1495863 0.09940591
vt -0.1462787 0.09773254
vt -0.1436854 0.100788
vt 0.1565205 -0.03011423
vt 0.1614344 -0.02879729
vt 0.1614802 -0.02858407
vt 0.1568606 -0.02529896
vt -0.1291058 0.09389675
vt -0.1266001 0.09103297
vt -0.1265696 0.09099814
vt -0.1224826 0.092452
vt -0.1260963 0.09770765
vt 0.1760684 0.02104586
vt 0.1740431 0.01757126
vt 0.1821372 0.01398945
vt 0.1694996 0.04721636
vt 0.1636384 0.04509068
vt 0.1680045 0.04348285
vt 0.1097747 0.03952623
vt 0.1121749 0.03805026
vt 0.117818 0.04118284
vt 0.1155004 0.04633112
vt 0.1420068 -0.02753064
vt 0.1376506 -0.02589626
vt 0.1408536 -0.02897333
vt 0.1730254 0.02242897
vt 0.1638538 0.03109505
vt 0.1632703 0.03164639
vt 0.1638049 0.02295117
vt -0.1419191 0.09216569
vt -0.1451603 0.09533298
vt -0.1515909 0.08898506
vt -0.148603 0.0859742
vt -0.1773069 0.02286343
vt -0.1813101 0.0245079
vt -0.1793361 0.01758618
vt -0.1674451 -0.004714473
vt -0.1705653 -0.003269227
vt -0.1705999 -0.003263412
vt -0.1722048 -0.01246352
vt -0.1651008 -0.01446749
vt -0.1668506 0.00902628
vt -0.1737998 0.01101037
vt -0.1755163 0.002405645
vt -0.173397 0.0006136862
vt 0.1030426 0.01590635
vt 0.1070064 0.01338847
vt 0.1123164 0.02120227
vt 0.1048685 0.01860685
vt 0.04530984 0.1329899
vt 0.04678149 0.1257903
vt 0.05005855 0.1274915
vt -0.03959449 0.1275822
vt -0.04344434 0.1276376
vt -0.04416589 0.1248844
vt -0.03811333 0.1213084
vt -0.03799705 0.1214487
vt -0.1533623 -0.02006645
vt -0.1431553 -0.01844211
vt -0.146429 -0.01182957
vt 0.1732657 0.08949483
vt 0.1787142 0.09472246
vt 0.1737854 0.1053834
vt 0.1659321 0.09551674
vt -0.05132769 -0.09551709
vt -0.0459683 -0.1030159
vt -0.04083953 -0.1108952
vt -0.03255215 -0.1054481
vt -0.02550812 -0.1008183
vt -0.02860412 -0.09606192
vt -0.03015211 -0.09368373
vt -0.03170011 -0.09130555
vt -0.03425686 -0.08737764
vt -0.03551674 -0.0854421
vt -0.04338074 -0.09061089
vt -0.1870562 -0.007749999
vt -0.1899629 -0.001165294
vt -0.1963984 -0.01206484
vt -0.1922564 0.02643345
vt -0.1945525 0.02831065
vt -0.2043746 0.02236893
vt -0.1923421 0.0162674
vt 0.09009716 0.0284457
vt 0.0918454 0.02694106
vt 0.09405307 0.02933427
vt 0.09386196 0.02929906
vt 0.09023523 0.02863076
vt -0.1164589 0.09676906
vt -0.1238398 0.09098254
vt -0.1184873 0.08264221
vt -0.1122996 0.09166206
vt 0.1721027 -0.06531892
vt 0.1757299 -0.07787498
vt 0.1801167 -0.07799312
vt 0.1792952 -0.06744825
vt -0.07703915 0.0720741
vt -0.0688652 0.07612336
vt -0.06893861 0.07636664
vt -0.07214919 0.0826029
vt -0.08075511 0.07799564
vt 0.1340558 -0.011615
vt 0.1361612 -0.01334909
vt 0.1429713 -0.007673426
vt 0.1400904 -0.004390132
vt -0.02827724 -0.0681392
vt -0.0278089 -0.06852884
vt -0.01533934 -0.06734479
vt -0.008835157 -0.0601279
vt -0.02231196 -0.06007598
vt 0.01286377 -0.1858994
vt 0.001484117 -0.1824263
vt 0.004277975 -0.1895128
vt 0.007242546 -0.1934266
vt 0.201441 0.05828009
vt 0.2010814 0.05878929
vt 0.198701 0.06216025
vt 0.1963205 0.06553121
vt 0.1933478 0.06033032
vt 0.1943721 0.05347297
vt -0.01921027 0.1754795
vt -0.02064657 0.1856243
vt -0.03310195 0.1842673
vt -0.03128412 0.1759405
vt 0.1980836 -0.03389496
vt 0.1929927 -0.03444654
vt 0.1856623 -0.0354317
vt 0.1870608 -0.0437631
vt 0.1999314 -0.04230917
vt -0.1847636 0.06418609
vt -0.1784681 0.05935183
vt -0.1724285 0.06639099
vt -0.182629 0.07513167
vt -0.1708157 -0.02933616
vt -0.1752296 -0.02449082
vt -0.1842611 -0.02935218
vt -0.1842894 -0.02937063
vt -0.1805837 -0.03541171
vt -0.1942396 0.0250631
vt -0.1974506 0.02792412
vt -0.1995953 0.02291729
vt -0.197395 0.01687646
vt -0.1343203 0.1083471
vt -0.1363249 0.1115656
vt -0.1444057 0.1072844
vt -0.1421839 0.103317
vt 0.1643013 0.07715987
vt 0.1669641 0.08351816
vt 0.1653142 0.08789949
vt 0.1604426 0.08395317
vt 0.1687952 0.01426115
vt 0.1744754 0.01997418
vt 0.1654039 0.02170554
vt 0.1954007 0.01159453
vt 0.2004527 0.01180845
vt 0.1975584 0.01941685
vt 0.189226 0.01702876
vt 0.08021542 0.0941049
vt 0.07398239 0.09896062
vt 0.0724939 0.09249327
vt 0.1429073 -0.07265003
vt 0.1433411 -0.06583486
vt 0.1409277 -0.07150012
vt 0.1735193 0.08593358
vt 0.1709279 0.07830545
vt 0.1754367 0.07925063
vt 0.2110496 0.01521483
vt 0.2092995 0.01647807
vt 0.2074432 0.01781798
vt 0.2068738 0.01088877
vt 0.1709279 0.07830539
vt 0.1773541 0.07256763
vt 0.1754367 0.07925057
vt 0.002587722 -0.1309647
vt 0.00866389 -0.1193132
vt -0.0004911898 -0.1228486
vt 0.001093609 -0.1270262
vt 0.002507164 -0.1307523
vt 0.1921118 0.02018141
vt 0.1860124 0.01888932
vt 0.1916478 0.01148213
vt 0.153136 -0.004103956
vt 0.1572035 -0.007603103
vt 0.1643504 -0.007348379
vt 0.158769 -0.001552077
vt 0.1950553 0.01957941
vt 0.1872795 0.0235625
vt 0.1865413 0.02264
vt 0.1868116 0.01716861
vt 0.1398671 -0.07508071
vt 0.1391567 -0.08303998
vt 0.1390025 -0.08476767
vt 0.1423323 -0.08570103
vt 0.1438501 -0.07544122
vt -0.02554787 -0.02046571
vt -0.02551765 -0.02043534
vt -0.03296844 -0.01198284
vt -0.03906141 -0.02002428
vt 0.173424 0.09813706
vt 0.1705121 0.09403448
vt 0.1736893 0.0892372
vt 0.1797158 0.09064361
vt -0.1335605 -0.0606579
vt -0.1427025 -0.06284584
vt -0.1373195 -0.07274447
vt 0.05920491 -0.04668842
vt 0.05148762 -0.04191046
vt 0.04756421 -0.04513787
vt 0.04738561 -0.04528479
vt 0.02795109 -0.1115461
vt 0.03298976 -0.1146364
vt 0.0382746 -0.1063228
vt 0.03477043 -0.1036413
vt 0.007165303 -0.05074431
vt 0.01053308 -0.05308102
vt 0.01606815 -0.04466277
vt 0.01105769 -0.04088225
vt 0.09282777 -0.09536519
vt 0.09444649 -0.09673665
vt 0.09493504 -0.09507059
vt 0.09430511 -0.08870976
vt -0.05813409 -0.1331675
vt -0.0587217 -0.1292258
vt -0.06196271 -0.1331498
vt 0.1727024 -0.05352844
vt 0.1677324 -0.04727115
vt 0.1710227 -0.0594528
vt -0.02929907 -0.1425767
vt -0.02656557 -0.138289
vt -0.02773963 -0.1339833
vt -0.02806657 -0.1346844
vt -0.05900588 -0.08283056
vt -0.05337989 -0.07685899
vt -0.0534173 -0.07664777
vt -0.05724515 -0.07667357
vt 0.1578078 0.1046644
vt 0.1555931 0.09803095
vt 0.1614564 0.1001507
vt 0.1873069 -0.06316306
vt 0.1884635 -0.05904744
vt 0.1849757 -0.05779229
vt 0.1827766 -0.06114271
vt 0.1834245 -0.01260681
vt 0.1883607 -0.01137584
vt 0.1884102 -0.01116345
vt 0.1838486 -0.007798215
vt -0.1575739 0.09925001
vt -0.1551994 0.09627647
vt -0.1551705 0.09624032
vt -0.1510223 0.09750895
vt -0.1543961 0.1029218
vt 0.1946671 0.02313369
vt 0.1924008 0.01981131
vt 0.2002208 0.01566502
vt 0.1797943 0.0476836
vt 0.1737141 0.04630392
vt 0.1778461 0.04416522
vt 0.1006281 0.03800868
vt 0.1027782 0.03618748
vt 0.1088292 0.03843281
vt 0.1073149 0.04387182
vt 0.1251757 -0.05848735
vt 0.1211479 -0.05615843
vt 0.1238009 -0.05972062
vt 0.1722754 0.008479976
vt 0.1643229 0.01827671
vt 0.1638169 0.0189
vt 0.1632036 0.01020996
vt -0.1708085 0.08991207
vt -0.1739727 0.09315623
vt -0.1805538 0.08696442
vt -0.177639 0.08388273
vt -0.193749 0.005081634
vt -0.1978734 0.006392884
vt -0.1953394 -0.0003440109
vt -0.1678284 -0.0683104
vt -0.1711901 -0.06758695
vt -0.1712252 -0.06758891
vt -0.1707669 -0.07691669
vt -0.1633961 -0.0773088
vt -0.1793775 -0.02115308
vt -0.1864971 -0.01991235
vt -0.1872973 -0.02865004
vt -0.185001 -0.0302087
vt 0.08929659 0.009244239
vt 0.09284066 0.006163472
vt 0.0992564 0.01309815
vt 0.09150475 0.0116423
vt 0.0508101 0.147417
vt 0.05073984 0.1400689
vt 0.05430071 0.1410454
vt -0.0525602 0.1472985
vt -0.05635679 0.147939
vt -0.05748888 0.1453277
vt -0.05205096 0.1408723
vt -0.05191468 0.1409933
vt -0.1801538 -0.06465937
vt -0.1667742 -0.05771652
vt -0.1743465 -0.05007029
vt 0.1976002 0.00583306
vt 0.206343 0.01252918
vt 0.2009231 0.02877886
vt 0.1879444 0.01574759
vt -0.02793566 -0.1408831
vt -0.01470056 -0.1432368
vt -0.00131791 -0.1462224
vt 0.001768627 -0.1320917
vt 0.004392092 -0.1200811
vt -0.003686378 -0.1182788
vt -0.00772561 -0.1173777
vt -0.01176485 -0.1164765
vt -0.01843625 -0.1149882
vt -0.02172369 -0.1142548
vt -0.02465254 -0.1276635
vt -0.1546215 0.0304837
vt -0.1550516 0.04097244
vt -0.1696045 0.02961437
vt -0.1274361 0.1273564
vt -0.1291754 0.1313168
vt -0.1458738 0.1301055
vt -0.1342838 0.1142051
vt 0.001974379 0.03966331
vt 0.005323134 0.0393431
vt 0.005937667 0.04405184
vt 0.005739712 0.04384901
vt 0.001983014 0.03999994
vt 0.03120492 0.1230851
vt 0.01754414 0.1237821
vt 0.01545112 0.109481
vt 0.03089369 0.1134841
vt -0.01087505 -0.1912097
vt -0.02913136 -0.1966906
vt -0.02923691 -0.20309
vt -0.01387099 -0.2017315
vt -0.1455633 -0.004905789
vt -0.1372989 0.005519857
vt -0.137547 0.005795133
vt -0.1456611 0.01202507
vt -0.1541484 0.0005946444
vt 0.07514226 0.0255093
vt 0.0790863 0.0249902
vt 0.08312737 0.03727186
vt 0.07702734 0.03910854
vt -0.01950794 -0.07536643
vt -0.01932277 -0.07623546
vt -0.00396524 -0.08612843
vt 0.009999074 -0.0837263
vt -0.005397611 -0.07150827
vt -0.1695074 -0.08615789
vt -0.1650566 -0.06938588
vt -0.1752349 -0.07383841
vt -0.18078 -0.07836936
vt 0.213448 0.02133262
vt 0.212894 0.02205342
vt 0.2092259 0.02682518
vt 0.2055579 0.03159696
vt 0.201533 0.02384234
vt 0.2034307 0.01390986
vt 0.1546769 0.08637737
vt 0.1637534 0.09824829
vt 0.1496013 0.1098079
vt 0.1428049 0.09940004
vt 0.1894642 -0.004190876
vt 0.1829938 -0.007920231
vt 0.1737891 -0.01354501
vt 0.180554 -0.02384268
vt 0.1968775 -0.01433492
vt -0.00498918 0.1790762
vt -0.005435505 0.1675083
vt 0.008033449 0.1662543
vt 0.00983719 0.1857628
vt -0.1393305 0.005021335
vt -0.1421766 0.01414713
vt -0.157111 0.0132909
vt -0.1571599 0.013284
vt -0.1559871 0.003014487
vt -0.1882081 0.0141635
vt -0.1922414 0.01896714
vt -0.1963884 0.01219152
vt -0.1944817 0.003010903
vt -0.182548 0.03141559
vt -0.1865228 0.03526027
vt -0.196442 0.02634427
vt -0.1918948 0.02151668
vt -0.005524867 0.1591769
vt -0.01011969 0.1681191
vt -0.0165583 0.1703922
vt -0.01672919 0.1612501
vt 0.099516 0.07757077
vt 0.1021449 0.08902265
vt 0.08957885 0.08417363
vt 0.1496627 0.08213386
vt 0.1562905 0.08536805
vt 0.1479818 0.09384848
vt 0.1382383 0.08579396
vt -0.0477919 0.08979873
vt -0.05931485 0.08968271
vt -0.05514256 0.08094921
vt 0.1319027 -0.1248529
vt 0.1371242 -0.1163716
vt 0.1301397 -0.1220174
vt 0.1957697 0.036123
vt 0.1911869 0.02530385
vt 0.197846 0.02619782
vt 0.2029535 0.02231977
vt 0.2000469 0.0235285
vt 0.1969639 0.02481061
vt 0.1984704 0.01478312
vt 0.1911869 0.0253038
vt 0.1999223 0.01627259
vt 0.197846 0.02619777
vt -0.05723848 -0.1230337
vt -0.03841167 -0.119449
vt -0.05073645 -0.1121709
vt -0.05408322 -0.1177623
vt -0.05706836 -0.1227495
vt 0.1377985 0.08618512
vt 0.1304895 0.08077559
vt 0.1424534 0.074363
vt 0.09418669 0.04213771
vt 0.1018824 0.04071927
vt 0.1106984 0.04629295
vt 0.09940718 0.04949252
vt 0.1413126 0.09289071
vt 0.1285807 0.09339695
vt 0.128169 0.09172367
vt 0.1318798 0.08464818
vt 0.1206112 -0.1345807
vt 0.1133214 -0.1436737
vt 0.111739 -0.1456475
vt 0.1150294 -0.1494699
vt 0.1251575 -0.1382347
vt 0.02233809 -0.042218
vt 0.02239977 -0.0422079
vt 0.02081255 -0.0258514
vt 0.006740714 -0.03015243
vt -0.1363602 0.1388241
vt -0.1306045 0.1342734
vt -0.1233775 0.1385393
vt -0.1249714 0.1474228
vt -0.1073601 -0.02177234
vt -0.120232 -0.01705277
vt -0.1216806 -0.03342214
vt 0.0787923 -0.09792604
vt 0.07384726 -0.08564644
vt 0.06644898 -0.08605208
vt 0.06611221 -0.08607055
vt -0.01384833 -0.130528
vt -0.01209307 -0.1389682
vt 0.002018699 -0.1362696
vt 0.001363358 -0.1298677
vt 0.02248843 -0.07810999
vt 0.0244506 -0.08375707
vt 0.03820583 -0.07858957
vt 0.03554773 -0.06982966
vt 0.05484363 -0.1469577
vt 0.05534685 -0.1500107
vt 0.05746353 -0.1486209
vt 0.06277213 -0.1409576
vt -0.1019333 -0.08991224
vt -0.09814377 -0.08550514
vt -0.1055647 -0.08567034
vt 0.1817475 -0.06991273
vt 0.177129 -0.05921253
vt 0.1771297 -0.07761562
vt -0.09429916 -0.1052113
vt -0.0869007 -0.1046994
vt -0.08286916 -0.09958932
vt -0.0839748 -0.09981374
vt -0.05687104 -0.06460191
vt -0.0449856 -0.06321827
vt -0.04482906 -0.0629474
vt -0.04912575 -0.0593827
vt -0.07339866 0.1611768
vt -0.06629623 0.1538564
vt -0.06510522 0.1628712
vt -0.1945606 0.01147848
vt -0.1965988 0.005586024
vt -0.1916288 0.003458428
vt -0.1881387 0.008147078
vt 0.1837396 0.04573064
vt 0.1906997 0.04830116
vt 0.1907377 0.04861697
vt 0.1835887 0.05276937
vt -0.1910084 0.03222072
vt -0.1869298 0.02845691
vt -0.1868803 0.02841114
vt -0.1811792 0.03115422
vt -0.187236 0.03821453
vt 0.1545288 0.09039558
vt 0.1529923 0.08473484
vt 0.1657488 0.08275561
vt 0.07895174 0.1354965
vt 0.07275023 0.1288463
vt 0.0794875 0.1296555
vt 0.008164525 0.05488739
vt 0.01226189 0.05457147
vt 0.01749638 0.06239513
vt 0.01105974 0.06753059
vt 0.09629656 -0.01597553
vt 0.08954058 -0.01660975
vt 0.09570408 -0.01860319
vt 0.1086259 0.07317545
vt 0.09129874 0.07937562
vt 0.09019636 0.0797701
vt 0.09600532 0.06847022
vt -0.1921214 0.02800157
vt -0.1970986 0.03235022
vt -0.2059467 0.02258362
vt -0.2013509 0.01844216
vt -0.1679261 0.03351498
vt -0.1731052 0.03712283
vt -0.1724847 0.02664363
vt -0.1648608 -0.0315401
vt -0.1684857 -0.02807429
vt -0.1685308 -0.02804992
vt -0.1750835 -0.0399907
vt -0.1662239 -0.04610592
vt -0.157406 -0.006522053
vt -0.1665621 -0.001300844
vt -0.1719784 -0.01289494
vt -0.1695979 -0.01616855
vt 0.01432564 0.02185185
vt 0.02113685 0.02113544
vt 0.02300175 0.03478714
vt 0.01495806 0.02656398
vt -0.1173697 0.09823978
vt -0.1100164 0.0904429
vt -0.1072594 0.09506875
vt -0.1554318 0.05823078
vt -0.16073 0.05636996
vt -0.1603328 0.05223803
vt -0.1502483 0.05038713
vt -0.1501597 0.05063767
vt -0.10298 -0.04417467
vt -0.09516104 -0.04024499
vt -0.1036729 -0.03142446
vt 0.1060572 0.1311391
vt 0.1128866 0.1444448
vt 0.09895739 0.1445663
vt 0.09596771 0.1361249
vt 0.02613512 -0.03450192
vt 0.03520749 -0.0410026
vt 0.0367929 -0.03876906
vt 0.04001028 -0.0342364
vt 0.04195827 -0.03149207
vt 0.04390625 -0.02874775
vt 0.04780221 -0.02325909
vt 0.03967581 -0.01743624
vt 0.03011502 -0.01058559
vt 0.02366103 -0.01967799
vt 0.01695192 -0.02830846
vt -0.1833188 0.05886677
vt -0.1897333 0.04529428
vt -0.1813351 0.04682452
vt -0.1410694 0.06626086
vt -0.1546654 0.07469653
vt -0.1546364 0.06108194
vt -0.1513195 0.05991138
vt 0.1711681 -0.017548
vt 0.1747439 -0.01502945
vt 0.1749323 -0.01489675
vt 0.1710725 -0.01478148
vt 0.1708967 -0.01751142
vt -0.1755668 0.06893317
vt -0.1676725 0.07922743
vt -0.179045 0.08219493
vt -0.1828548 0.07174452
vt 0.05367471 0.07706474
vt 0.04590039 0.08690927
vt 0.04217521 0.08327453
vt 0.04912539 0.06941965
vt -0.1085039 -0.1284839
vt -0.104173 -0.1392206
vt -0.09650931 -0.1359849
vt -0.09625753 -0.1358192
vt -0.1006194 -0.1259189
vt 0.1824642 0.01265381
vt 0.1819811 0.01781169
vt 0.1715412 0.01656562
vt 0.1713207 0.01333824
vt -0.09152266 -0.04877816
vt -0.07595612 -0.05240558
vt -0.08148741 -0.04229765
vt -0.09555341 -0.03751949
vt -0.0962005 -0.03784098
vt -0.04444888 0.1047549
vt -0.04841431 0.1004907
vt -0.0525571 0.09246241
vt -0.03871472 0.09520185
vt 0.1696777 0.09065711
vt 0.1775743 0.08836295
vt 0.1841595 0.0910299
vt 0.1805761 0.09436358
vt 0.1769927 0.09769727
vt 0.1764515 0.09820084
vt -0.001750397 0.1906312
vt -0.004353306 0.2003986
vt -0.01822402 0.1950687
vt -0.01423205 0.1835915
vt 0.1373536 0.106463
vt 0.1294011 0.09332002
vt 0.137682 0.0876796
vt 0.1423804 0.09508723
vt 0.1455007 0.1002975
vt -0.1314836 0.1160059
vt -0.1182872 0.1070798
vt -0.1121299 0.1161952
vt -0.1196336 0.12188
vt -0.1668615 0.05728435
vt -0.1752277 0.05647438
vt -0.1752249 0.05643438
vt -0.1733716 0.04441195
vt -0.165631 0.04369706
vt -0.1712824 0.06487119
vt -0.1789049 0.06467924
vt -0.1835011 0.06013987
vt -0.1789501 0.0578367
vt -0.1781235 0.06490999
vt -0.1826307 0.06787141
vt -0.1883734 0.05867078
vt -0.1847341 0.0560292
vt 0.1401646 0.1033598
vt 0.1460977 0.1078414
vt 0.141525 0.1109911
vt 0.1334457 0.1097405
vt 0.1911261 0.04843232
vt 0.1957275 0.05837191
vt 0.1862953 0.05684612
vt 0.1711632 0.05220715
vt 0.1788652 0.05901587
vt 0.1731032 0.06676234
vt 0.1696673 0.0618471
vt 0.1814312 0.03561127
vt 0.1891966 0.03432742
vt 0.1866812 0.0433543
vt 0.05181313 0.01030798
vt 0.05790001 0.006272204
vt 0.05302333 0.01273858
vt 0.1859684 0.06627488
vt 0.1842414 0.06109128
vt 0.1935812 0.06310673
vt 0.1780138 0.08284982
vt 0.1859033 0.08045208
vt 0.1852363 0.08308411
vt 0.1846075 0.0855655
vt 0.1859684 0.06627471
vt 0.1783556 0.06944285
vt 0.1842415 0.06109111
vt -0.0634227 0.01175883
vt -0.06539541 0.007463662
vt -0.06760709 0.002648155
vt -0.05705897 -0.002272479
vt -0.06331028 0.0120036
vt 0.1898355 0.05269539
vt 0.1933391 0.04222787
vt 0.1986752 0.04734671
vt 0.1831692 0.0340997
vt 0.1820422 0.0435763
vt 0.1764398 0.03720839
vt 0.1765957 0.0308468
vt 0.1751828 0.05230475
vt 0.1804704 0.04852957
vt 0.1818641 0.04867529
vt 0.1828705 0.05898796
vt 0.05362723 0.01469504
vt 0.04575045 0.0241428
vt 0.04295663 0.02114026
vt 0.04418041 0.01948666
vt 0.04981821 0.01186872
vt -0.1190093 -0.06398349
vt -0.115618 -0.07545845
vt -0.1038098 -0.06920164
vt -0.1038306 -0.06915527
vt 0.04962059 0.1563175
vt 0.04839648 0.1490809
vt 0.05430759 0.1456706
vt 0.05895104 0.1494176
vt -0.1459938 0.03838833
vt -0.1585609 0.03384433
vt -0.1521731 0.02470713
vt -0.01964949 -0.08099861
vt -0.01941815 -0.08114593
vt -0.01433595 -0.08438239
vt -0.005936291 -0.07764973
vt -0.03617112 -0.02017402
vt -0.03211331 -0.01686944
vt -0.03867658 -0.007203699
vt -0.04453882 -0.01104791
vt -0.06135949 -0.07987746
vt -0.05519522 -0.07570401
vt -0.06123984 -0.06539684
vt -0.06537072 -0.06795995
vt 0.01150829 -0.01394434
vt 0.009609764 -0.006605077
vt 0.008384867 -0.00494987
vt 0.007143231 -0.007138393
vt -0.102826 0.03306382
vt -0.1006202 0.02744519
vt -0.09850395 0.03167146
vt 0.0716524 0.04264964
vt 0.07833774 0.02926076
vt 0.07781042 0.03872328
vt -0.08341564 0.0221018
vt -0.08318438 0.02121399
vt -0.08089283 0.02598523
vt -0.08316333 0.03157222
vt -0.1183505 -0.02119584
vt -0.1140639 -0.02269116
vt -0.113941 -0.02246842
vt -0.1179682 -0.01361055
vt 0.09788053 0.1434662
vt 0.09527479 0.1365462
vt 0.1031761 0.1390687
vt -0.03288092 0.1295994
vt -0.02814545 0.130008
vt -0.02749146 0.1343554
vt -0.03243861 0.1354658
vt 0.1160814 0.03218574
vt 0.1165909 0.03888936
vt 0.1163618 0.03900934
vt 0.1114335 0.0355285
vt -0.1871925 0.07026701
vt -0.1809359 0.06601537
vt -0.1792383 0.07087196
vt -0.1792798 0.07090787
vt -0.1826925 0.07386104
vt 0.1725649 0.05230812
vt 0.1715953 0.04185545
vt 0.1763643 0.04194427
vt 0.1709031 0.07163912
vt 0.170862 0.06612123
vt 0.1756719 0.07173754
vt 0.1868061 0.00872835
vt 0.1829542 0.01420551
vt 0.1763463 0.01034143
vt 0.1764012 0.007000062
vt 0.1552678 0.0145162
vt 0.1553629 0.009249345
vt 0.1574524 0.01435651
vt 0.1910193 0.04113589
vt 0.1995759 0.03534492
vt 0.1993649 0.03627335
vt 0.1960479 0.05086629
vt -0.1580183 0.1056386
vt -0.1613194 0.1094348
vt -0.1693875 0.1023813
vt -0.1659234 0.09827192
vt -0.1824532 0.05126525
vt -0.1908457 0.04970443
vt -0.1869846 0.04632257
vt -0.1017455 0.08734598
vt -0.1065248 0.09468032
vt -0.1163733 0.08961215
vt -0.1163545 0.08957496
vt -0.1136156 0.08655325
vt -0.1538038 0.06489588
vt -0.1567614 0.06634042
vt -0.1652823 0.06036677
vt -0.1598089 0.05377085
vt 0.1674412 -0.02349662
vt 0.1755012 -0.01874935
vt 0.16436 -0.01756037
vt 0.1635978 -0.02307731
vt 0.1020658 0.1517697
vt 0.1028492 0.1474612
vt 0.1106698 0.1513074
vt -0.1176716 0.1434581
vt -0.1174591 0.1434186
vt -0.114662 0.151273
vt -0.1174103 0.1532328
vt -0.1208751 0.1502584
vt -0.03865209 -0.1268991
vt -0.03575344 -0.1216456
vt -0.04398668 -0.1199569
vt -0.00600643 0.1454367
vt -0.009708934 0.1549996
vt -0.01612019 0.1479203
vt -0.01315908 0.1425413
vt 0.06852851 -0.04290679
vt 0.07616636 -0.0424325
vt 0.07604162 -0.04055862
vt 0.07578849 -0.03675584
vt 0.07563523 -0.03445343
vt 0.07548196 -0.032151
vt 0.07517543 -0.02754618
vt 0.06833397 -0.02797102
vt 0.06028492 -0.02847084
vt 0.06079271 -0.03609912
vt 0.06096481 -0.04359238
vt -0.1657263 0.07986361
vt -0.1734196 0.07302548
vt -0.1677107 0.07173419
vt -0.147864 0.001725401
vt -0.1578297 0.006312607
vt -0.156656 -0.002948252
vt -0.1543 -0.003463554
vt 0.1782158 0.02557009
vt 0.1797283 0.02815959
vt 0.179808 0.02829605
vt 0.1773679 0.0272682
vt 0.1780361 0.02551558
vt -0.1746461 0.05135353
vt -0.1687823 0.05804196
vt -0.1764299 0.06058329
vt -0.1795061 0.05360449
vt 0.06230772 0.0006788303
vt 0.06070495 0.009129108
vt 0.05728755 0.008101431
vt 0.05711716 -0.00252515
vt 0.1807043 -0.004306401
vt 0.1849354 0.002409971
vt 0.1800611 0.005372153
vt 0.1798679 0.005445658
vt 0.1761142 -0.0009523327
vt 0.1771486 0.04549668
vt 0.1754164 0.0485977
vt 0.169214 0.04492329
vt 0.1699701 0.04283808
vt -0.1259949 -0.01236919
vt -0.1194789 -0.02118096
vt -0.1178751 -0.01344507
vt -0.1230962 -0.004699281
vt -0.123577 -0.004579585
vt -0.001840344 0.07136107
vt -0.005751522 0.07055862
vt -0.01125987 0.0677253
vt -0.002441225 0.06374523
vt 0.06752042 0.1646074
vt 0.07221623 0.1677281
vt 0.07373339 0.1723572
vt 0.07040171 0.1719556
vt 0.06707004 0.1715539
vt 0.06656677 0.1714933
vt -0.1134259 0.1244744
vt -0.1190746 0.1284903
vt -0.1240627 0.1196064
vt -0.1169324 0.115296
vt 0.06461192 0.133134
vt 0.0661893 0.12272
vt 0.07302712 0.1233819
vt 0.07225205 0.1293464
vt 0.07160967 0.1334606
vt -0.1459084 0.04307192
vt -0.1356885 0.03921422
vt -0.1330294 0.04627224
vt -0.1389374 0.04887218
vt -0.1499494 0.08061741
vt -0.1553478 0.0826353
vt -0.1553581 0.08260981
vt -0.1578331 0.07464486
vt -0.153279 0.07187568
vt -0.126028 0.1234491
vt -0.1302997 0.1264633
vt -0.1346859 0.1258474
vt -0.1331251 0.1227178
vt 0.0405943 0.1797495
vt 0.0425863 0.1828649
vt 0.03622944 0.1867238
vt 0.03444934 0.1842062
vt 0.1519237 0.04286249
vt 0.1564553 0.04519838
vt 0.1537332 0.04786
vt 0.1481285 0.04795753
vt 0.1833618 0.05128821
vt 0.1846389 0.05868882
vt 0.1786651 0.05599924
vt 0.1738755 0.02150138
vt 0.1787048 0.02663558
vt 0.1742825 0.03156126
vt 0.1722465 0.02798876
vt 0.1770056 0.05105495
vt 0.1823954 0.05132773
vt 0.1793932 0.05700837
vt 0.03116759 -0.06311421
vt 0.03332627 -0.06763254
vt 0.03273573 -0.06211082
vt 0.06213955 0.1772656
vt 0.06460229 0.1744426
vt 0.06665886 0.1806627
vt 0.113008 0.1395779
vt 0.118271 0.1416431
vt 0.1167931 0.1427751
vt 0.1153997 0.1438424
vt 0.06213953 0.1772656
vt 0.05762023 0.1738684
vt 0.06460227 0.1744426
vt -0.0677399 0.005045678
vt -0.07058521 0.003494313
vt -0.07377524 0.001755011
vt -0.06999657 -0.005274347
vt -0.06757774 0.005134088
vt 0.1833319 0.04876027
vt 0.1873725 0.04236067
vt 0.1900913 0.04664006
vt 0.1763832 0.05183126
vt 0.1734172 0.05766392
vt 0.1713171 0.05224089
vt 0.1729216 0.04818346
vt 0.1764173 0.0288451
vt 0.1803505 0.02675365
vt 0.1812848 0.02697783
vt 0.181043 0.03407824
vt 0.03111022 -0.05867808
vt 0.02987942 -0.05033443
vt 0.02717139 -0.0510923
vt 0.0272962 -0.0524973
vt 0.02787123 -0.05896991
vt -0.1536477 -0.002883609
vt -0.1569534 -0.01039247
vt -0.1480013 -0.01234562
vt -0.1479916 -0.01231213
vt 0.1006011 0.08072325
vt 0.09767213 0.07663117
vt 0.1002904 0.07275317
vt 0.1042781 0.07366712
vt -0.1319104 0.0657685
vt -0.1409039 0.06752099
vt -0.1403638 0.05989595
vt -0.09368147 -0.07120685
vt -0.09364069 -0.07139044
vt -0.09274471 -0.07542334
vt -0.08540785 -0.07622953
vt -0.06616809 -0.02974231
vt -0.06258039 -0.02968536
vt -0.06201161 -0.02169475
vt -0.06679999 -0.02127634
vt -0.1230395 -0.04166548
vt -0.1180413 -0.04269976
vt -0.1158654 -0.03480116
vt -0.1191001 -0.03399635
vt -0.02139901 -0.05875108
vt -0.01943056 -0.05394038
vt -0.01942428 -0.05252852
vt -0.02100434 -0.0532213
vt -0.08704238 0.04229309
vt -0.08806871 0.03828367
vt -0.08519696 0.03978553
vt 0.06756144 -0.04063939
vt 0.06778451 -0.05089792
vt 0.0702291 -0.04487717
vt -0.07571404 0.02483123
vt -0.07594402 0.02424574
vt -0.07274862 0.02596631
vt -0.07175323 0.02997972
vt -0.1286947 0.01373262
vt -0.1269681 0.01114258
vt -0.1268088 0.01121362
vt -0.1253499 0.01772384
vt 0.1306742 0.06981261
vt 0.127501 0.06585836
vt 0.1331879 0.06581803
vt 0.03036234 0.09127437
vt 0.03315657 0.08959711
vt 0.03526793 0.09174851
vt 0.03296697 0.09435448
vt 0.1073744 -0.04860838
vt 0.109205 -0.04437784
vt 0.1090834 -0.04424878
vt 0.1051103 -0.04540163
vt -0.02105955 0.188089
vt -0.02228169 0.1830484
vt -0.01875507 0.1831285
vt -0.01874201 0.1831638
vt -0.01766834 0.1860659
vt 0.1743893 0.0106962
vt 0.1740121 0.003508398
vt 0.1772769 0.003700228
vt 0.1724971 0.03300474
vt 0.1725781 0.02922212
vt 0.1757636 0.03316648
vt 0.1831623 0.04120237
vt 0.1793521 0.04376386
vt 0.1760697 0.03966842
vt 0.1769248 0.03754262
vt 0.1451209 0.0527636
vt 0.1470617 0.04971747
vt 0.1464557 0.05345212
vt 0.1819355 0.05355614
vt 0.1887493 0.05161754
vt 0.188413 0.05217702
vt 0.1831261 0.06097115
vt -0.02070827 0.1734886
vt -0.01970665 0.1767894
vt -0.0267436 0.1789044
vt -0.0278677 0.1753949
vt -0.1644219 0.0816498
vt -0.170097 0.08308221
vt -0.1686608 0.07986929
vt -0.04961773 0.1036861
vt -0.04896856 0.1096532
vt -0.05639514 0.1112409
vt -0.0564013 0.111213
vt -0.05626027 0.1084203
vt -0.1211925 0.1041947
vt -0.1223447 0.1061353
vt -0.1294764 0.1059154
vt -0.1288194 0.1000754
vt 0.1757422 0.02449784
vt 0.1791453 0.02993435
vt 0.1719908 0.02713544
vt 0.1732713 0.02353786
vt 0.1468537 0.0889561
vt 0.1463321 0.08599921
vt 0.1522763 0.08661121
vt 0.1229674 0.1304187
vt 0.1229574 0.1302708
vt 0.1285284 0.1289884
vt 0.1296453 0.1310155
vt 0.1273449 0.1331395
vt -0.05982185 -0.1485234
vt -0.05754449 -0.1429722
vt -0.06591703 -0.1422384
vt -0.05472725 0.120061
vt -0.05925714 0.1292609
vt -0.06502037 0.1216447
vt -0.06159727 0.1165472
vt 0.04595744 -0.07116117
vt 0.05344639 -0.06958719
vt 0.05305195 -0.06775106
vt 0.05225148 -0.06402487
vt 0.05176682 -0.06176883
vt 0.05128217 -0.05951279
vt 0.05031287 -0.05500071
vt 0.04360479 -0.05641057
vt 0.03571265 -0.05806927
vt 0.03731838 -0.0655439
vt 0.03857243 -0.07293348
vt -0.1394658 0.1011842
vt -0.1482534 0.09582458
vt -0.1428655 0.09353779
vt -0.171763 -8.24356E-05
vt -0.1813506 0.005250137
vt -0.1808853 -0.004073198
vt -0.1785754 -0.00476637
vt 0.1748787 0.01302825
vt 0.1760042 0.01580792
vt 0.1760634 0.01595439
vt 0.1737961 0.01458721
vt 0.1747087 0.01294854
vt -0.1865673 0.03267074
vt -0.1800544 0.03872892
vt -0.1874043 0.04203395
vt -0.1911735 0.03540375
vt 0.09832342 -0.02948234
vt 0.09705471 -0.02097549
vt 0.09359948 -0.02186778
vt 0.09301071 -0.0324794
vt 0.1882857 0.004115912
vt 0.1903923 0.0117693
vt 0.1848693 0.01319425
vt 0.1846632 0.01320872
vt 0.1829215 0.005998244
vt 0.1633621 0.04423428
vt 0.161189 0.04704399
vt 0.1556005 0.04249006
vt 0.1566575 0.04054009
vt -0.1087572 -0.03371464
vt -0.1037928 -0.04348501
vt -0.1009283 -0.03612223
vt -0.1046267 -0.02663167
vt -0.1050809 -0.02643391
vt 0.03935174 0.04004341
vt 0.03538594 0.0395812
vt 0.0296538 0.03723341
vt 0.03809641 0.03250775
vt 0.002659886 0.166331
vt 0.006676318 0.170288
vt 0.007285198 0.1751212
vt 0.00409076 0.1740931
vt 0.0008963197 0.173065
vt 0.0004137786 0.1729097
vt -0.1429895 0.09167818
vt -0.1485482 0.09581786
vt -0.1537313 0.08704626
vt -0.146698 0.08257943
vt 0.01461143 0.1208441
vt 0.01759993 0.1107442
vt 0.0242827 0.1123362
vt 0.02269823 0.1181384
vt 0.02149854 0.1221259
vt -0.1720701 0.02214007
vt -0.1620462 0.0177986
vt -0.159053 0.02472155
vt -0.16483 0.02760072
vt -0.121685 0.09140389
vt -0.1266682 0.09429906
vt -0.1266826 0.09427568
vt -0.1304592 0.08683903
vt -0.1264343 0.08334486
vt -0.06939992 0.1514226
vt -0.07283527 0.1553635
vt -0.07724251 0.1558049
vt -0.07646808 0.1523945
vt 0.0957327 0.1561841
vt 0.09804802 0.1590672
vt 0.09214278 0.1635871
vt 0.09010239 0.1612754
vt 0.174902 0.02299067
vt 0.1792794 0.02560424
vt 0.1763968 0.02809116
vt 0.1707968 0.02783945
vt 0.1798588 0.0510003
vt 0.1801306 0.05850535
vt 0.1745721 0.05503809
vt 0.1818612 0.03620343
vt 0.1859791 0.04192401
vt 0.1809518 0.04623038
vt 0.1793994 0.04242271
vt 0.1853729 0.03067461
vt 0.1906916 0.03158847
vt 0.1870332 0.03687036
vt 0.06233676 -0.08920318
vt 0.06414254 -0.09387377
vt 0.06397724 -0.08832301
vt -0.01369109 0.1811202
vt -0.01065127 0.1789308
vt -0.010062 0.1854555
vt 0.0579463 0.1514937
vt 0.06272011 0.1545228
vt 0.0610537 0.1553528
vt 0.05948266 0.1561354
vt -0.01369151 0.1811201
vt -0.01732058 0.1767848
vt -0.01065169 0.1789307
vt -0.03699937 -0.02290084
vt -0.0400205 -0.02407359
vt -0.04340763 -0.0253884
vt -0.04056389 -0.03284517
vt -0.0368272 -0.022834
vt 0.176911 0.06582422
vt 0.1818728 0.06010913
vt 0.1839133 0.0647504
vt 0.1650296 0.05457333
vt 0.1612398 0.05990762
vt 0.1599582 0.05423511
vt 0.1621407 0.05045705
vt 0.1810699 0.04259793
vt 0.1852484 0.04105369
vt 0.1861441 0.04140133
vt 0.1849509 0.04840494
vt 0.06232073 -0.08694378
vt 0.06175847 -0.0785286
vt 0.05899867 -0.07906836
vt 0.05901117 -0.08047883
vt 0.05906879 -0.08697668
vt -0.1421475 -0.02055288
vt -0.1466872 -0.02738675
vt -0.1382002 -0.03084028
vt -0.138185 -0.03080893
vt 0.1338492 0.04923849
vt 0.1309397 0.04513258
vt 0.1335763 0.04126703
vt 0.1375596 0.04219988
vt -0.1026742 0.05875668
vt -0.111299 0.06184975
vt -0.1119188 0.05423079
vt -0.08061571 -0.09439801
vt -0.08060857 -0.09458593
vt -0.08045159 -0.09871419
vt -0.07337888 -0.1008252
vt -0.0407361 -0.05823122
vt -0.03717488 -0.05867004
vt -0.03550857 -0.05083444
vt -0.04019336 -0.04975906
vt -0.1104732 -0.06222073
vt -0.1057517 -0.06415993
vt -0.1021552 -0.05679875
vt -0.1051857 -0.05541064
vt 0.005123434 -0.08833508
vt 0.007663824 -0.08380033
vt 0.00784222 -0.08239977
vt 0.006189477 -0.08289471
vt -0.05295233 0.0188549
vt -0.05449426 0.01501417
vt -0.05145074 0.01612752
vt 0.1019178 -0.06277157
vt 0.101814 -0.07303201
vt 0.1044491 -0.06709219
vt -0.04240863 -0.001117851
vt -0.04271 -0.001669997
vt -0.03932458 -0.0003623857
vt -0.03783529 0.003495112
vt -0.1054806 -0.006054178
vt -0.1041724 -0.008878751
vt -0.104004 -0.008833028
vt -0.1015622 -0.002624246
vt 0.157834 0.04258249
vt 0.1548138 0.0385102
vt 0.160498 0.0386866
vt 0.07160432 0.0585538
vt 0.07430036 0.05672289
vt 0.07652874 0.05875282
vt 0.07437713 0.06148341
vt 0.1410547 -0.06202527
vt 0.1428338 -0.05777282
vt 0.1427106 -0.05764525
vt 0.1387518 -0.05884623
vt 0.04632918 0.1764596
vt 0.04428484 0.1716928
vt 0.04777558 0.1711846
vt 0.04779433 0.1712173
vt 0.04933621 0.1739002
vt 0.1862541 0.03083792
vt 0.1868214 0.02366262
vt 0.190033 0.02428034
vt 0.1856045 0.0294845
vt 0.1860693 0.02572967
vt 0.1888377 0.02997719
vt 0.1818517 0.02804994
vt 0.1777275 0.03006718
vt 0.175035 0.02556191
vt 0.1761723 0.02357278
vt 0.1182558 0.04433485
vt 0.1206309 0.04161376
vt 0.1194724 0.04521551
vt 0.1738373 0.05444073
vt 0.1808566 0.05348371
vt 0.1804446 0.0539901
vt 0.1739689 0.06194954
vt 0.0400997 0.1601734
vt 0.04157366 0.163292
vt 0.0349221 0.1664143
vt 0.0332964 0.1631071
vt -0.1329992 0.1113591
vt -0.138278 0.1138876
vt -0.1375069 0.1104538
vt -0.004195354 0.08507773
vt -0.002828388 0.09092228
vt -0.01000805 0.09339757
vt -0.01001755 0.09337062
vt -0.01021574 0.09058137
vt -0.07839273 0.1144886
vt -0.0791789 0.1166041
vt -0.08623474 0.1176648
vt -0.086634 0.1118015
vt 0.1682139 0.01273578
vt 0.1707711 0.01861767
vt 0.1641121 0.01478656
vt 0.165913 0.01141924
vt 0.1672308 0.06010384
vt 0.1669132 0.05711811
vt 0.1728015 0.05813643
vt 0.1475949 0.1014022
vt 0.1475921 0.1012541
vt 0.1532192 0.1002459
vt 0.1542355 0.1023252
vt 0.1518339 0.104334
o group1656777012
g mesh1656777012
usemtl mat10
f 53/149/29 52/148/29 51/147/29 50/146/29 49/145/29
f 57/153/30 56/152/30 55/151/30 54/150/30
f 50/157/31 59/156/31 58/155/31 49/154/31
f 58/167/33 64/166/33 63/165/33 53/164/33 49/163/33
f 51/171/34 65/170/34 59/169/34 50/168/34
f 70/177/35 69/176/35 68/175/35 67/174/35 66/173/35 64/172/35
f 57/181/36 72/180/36 71/179/36 56/178/36
f 65/185/37 74/184/37 73/183/37 59/182/37
f 79/193/38 78/192/38 77/191/38 76/190/38 75/189/38 74/188/38 65/187/38 51/186/38
f 59/201/39 73/200/39 81/199/39 80/198/39 72/197/39 57/196/39 54/195/39 58/194/39
f 87/219/43 86/218/43 54/217/43 55/216/43
f 86/229/44 94/228/44 93/227/44 92/226/44 91/225/44 90/224/44 89/223/44 88/222/44 58/221/44 54/220/44
f 88/234/45 95/233/45 70/232/45 64/231/45 58/230/45
f 98/238/46 97/237/46 96/236/46 95/235/46
f 100/242/47 99/241/47 90/240/47 91/239/47
f 103/246/48 102/245/48 89/244/48 101/243/48
f 102/252/49 106/251/49 105/250/49 104/249/49 88/248/49 89/247/49
f 104/257/50 107/256/50 98/255/50 95/254/50 88/253/50
f 111/290/53 135/289/53 134/288/53 133/287/53 132/286/53 131/285/53 130/284/53 129/283/53 128/282/53 127/281/53 126/280/53 125/279/53 124/278/53 123/277/53 122/276/53 121/275/53 120/274/53 119/273/53 118/272/53 117/271/53 116/270/53 115/269/53 114/268/53 113/267/53 104/266/53 105/265/53
f 113/296/54 137/295/54 136/294/54 109/293/54 107/292/54 104/291/54
f 142/309/57 145/308/57 144/307/57 113/306/57 114/305/57
f 144/313/58 140/312/58 137/311/58 113/310/58
f 166/367/70 110/366/70 105/365/70 106/364/70
f 99/371/71 101/370/71 89/369/71 90/368/71
f 168/375/72 167/374/72 115/373/72 116/372/72
f 170/391/76 169/390/76 120/389/76 121/388/76
f 187/429/83 186/428/83 185/427/83 184/426/83 183/425/83 182/424/83 181/423/83 180/422/83 179/421/83 178/420/83 177/419/83 176/418/83 121/417/83 122/416/83
f 188/433/84 168/432/84 116/431/84 117/430/84
f 189/437/85 188/436/85 117/435/85 118/434/85
f 190/441/86 189/440/86 118/439/86 119/438/86
f 74/445/87 75/444/87 81/443/87 73/442/87
f 72/451/88 80/450/88 77/449/88 78/448/88 82/447/88 71/446/88
f 80/455/89 81/454/89 75/453/89 76/452/89
f 80/458/90 76/457/90 77/456/90
f 195/478/94 194/477/94 188/476/94 189/475/94
f 196/482/95 195/481/95 189/480/95 190/479/95
f 176/497/99 198/496/99 170/495/99 121/494/99
f 198/504/100 202/503/100 201/502/100 200/501/100 199/500/100 171/499/100 170/498/100
f 199/508/101 186/507/101 187/506/101 171/505/101
f 205/513/102 204/512/102 203/511/102 184/510/102 185/509/102
f 176/517/103 177/516/103 206/515/103 198/514/103
f 200/521/104 208/520/104 207/519/104 199/518/104
f 210/525/105 209/524/105 183/523/105 184/522/105
f 212/528/106 211/527/106 210/526/106
f 215/531/107 214/530/107 213/529/107
f 199/535/108 207/534/108 185/533/108 186/532/108
f 208/539/109 217/538/109 216/537/109 207/536/109
f 216/543/110 219/542/110 218/541/110 207/540/110
f 209/547/111 220/546/111 182/545/111 183/544/111
f 222/551/112 221/550/112 220/549/112 209/548/112
f 203/555/113 223/554/113 210/553/113 184/552/113
f 223/558/114 224/557/114 210/556/114
f 225/562/115 205/561/115 185/560/115 207/559/115
f 225/566/116 226/565/116 204/564/116 205/563/116
f 226/570/117 225/569/117 207/568/117 218/567/117
f 219/574/118 212/573/118 224/572/118 218/571/118
f 211/577/119 209/576/119 210/575/119
f 227/581/120 226/580/120 218/579/120 224/578/120
f 212/584/121 210/583/121 224/582/121
f 212/588/122 219/587/122 222/586/122 211/585/122
f 211/591/123 222/590/123 209/589/123
f 69/607/127 70/606/127 95/605/127 228/604/127
f 228/628/131 95/627/131 96/626/131
f 97/633/132 98/632/132 107/631/132 108/630/132 238/629/132
f 223/636/133 227/635/133 224/634/133
f 226/641/134 227/640/134 223/639/134 203/638/134 204/637/134
f 240/648/136 201/647/136 202/646/136 239/645/136
f 241/651/137 215/650/137 213/649/137
f 222/655/138 219/654/138 242/653/138 200/652/138
f 240/659/139 222/658/139 200/657/139 201/656/139
f 243/663/140 221/662/140 222/661/140 240/660/140
f 243/666/141 241/665/141 244/664/141
f 244/670/142 245/669/142 180/668/142 181/667/142
f 220/674/143 244/673/143 181/672/143 182/671/143
f 221/678/144 243/677/144 244/676/144 220/675/144
f 177/682/145 178/681/145 214/680/145 206/679/145
f 239/685/146 198/684/146 206/683/146
f 243/688/147 240/687/147 239/686/147
f 239/691/148 202/690/148 198/689/148
f 178/695/149 179/694/149 213/693/149 214/692/149
f 215/699/150 239/698/150 206/697/150 214/696/150
f 241/703/151 243/702/151 239/701/151 215/700/151
f 241/706/152 245/705/152 244/704/152
f 245/710/153 213/709/153 179/708/153 180/707/153
f 241/713/154 213/712/154 245/711/154
f 247/725/157 167/724/157 168/723/157 246/722/157
f 246/729/158 168/728/158 188/727/158 194/726/158
f 233/772/170 234/771/170 92/770/170 93/769/170
f 234/777/171 235/776/171 100/775/171 91/774/171 92/773/171
f 87/781/172 232/780/172 94/779/172 86/778/172
f 232/785/173 233/784/173 93/783/173 94/782/173
f 103/789/174 166/788/174 106/787/174 102/786/174
f 61/834/184 62/833/184 64/832/184 66/831/184
f 63/837/185 64/836/185 62/835/185
f 230/851/188 251/850/188 69/849/188 228/848/188 229/847/188
f 231/855/189 250/854/189 251/853/189 230/852/189
f 169/864/191 190/863/191 119/862/191 120/861/191
f 236/870/192 237/869/192 68/868/192 69/867/192 251/866/192 250/865/192
f 217/874/193 242/873/193 219/872/193 216/871/193
f 217/878/194 208/877/194 200/876/194 242/875/194
usemtl mat22
f 63/162/32 62/161/32 61/160/32 60/159/32 53/158/32
f 83/205/40 82/204/40 78/203/40 79/202/40
f 60/211/41 61/210/41 66/209/41 67/208/41 84/207/41 55/206/41
f 60/215/42 85/214/42 52/213/42 53/212/42
f 109/260/51 108/259/51 107/258/51
f 112/264/52 111/263/52 105/262/52 110/261/52
f 140/300/55 139/299/55 138/298/55 137/297/55
f 143/304/56 142/303/56 114/302/56 141/301/56
f 144/318/59 145/317/59 146/316/59 139/315/59 140/314/59
f 148/322/60 147/321/60 125/320/60 126/319/60
f 150/326/61 149/325/61 132/324/61 133/323/61
f 152/330/62 151/329/62 134/328/62 135/327/62
f 155/335/63 154/334/63 153/333/63 129/332/63 130/331/63
f 158/342/64 157/341/64 154/340/64 155/339/64 156/338/64 149/337/64 150/336/64
f 159/345/65 158/344/65 150/343/65
f 161/351/66 160/350/66 159/349/66 150/348/66 151/347/66 152/346/66
f 162/356/67 137/355/67 138/354/67 161/353/67 152/352/67
f 163/359/68 162/358/68 152/357/68
f 136/363/69 165/362/69 164/361/69 110/360/69
f 149/379/73 156/378/73 131/377/73 132/376/73
f 167/383/74 141/382/74 114/381/74 115/380/74
f 143/387/75 146/386/75 145/385/75 142/384/75
f 172/395/77 171/394/77 122/393/77 123/392/77
f 174/399/78 173/398/78 127/397/78 128/396/78
f 153/403/79 174/402/79 128/401/79 129/400/79
f 156/407/80 155/406/80 130/405/80 131/404/80
f 173/411/81 148/410/81 126/409/81 127/408/81
f 175/415/82 172/414/82 123/413/82 124/412/82
f 157/465/91 191/464/91 148/463/91 173/462/91 174/461/91 153/460/91 154/459/91
f 191/470/92 193/469/92 192/468/92 147/467/92 148/466/92
f 193/474/93 172/473/93 175/472/93 192/471/93
f 197/485/96 170/484/96 171/483/96
f 193/488/97 197/487/97 172/486/97
f 197/493/98 196/492/98 190/491/98 169/490/98 170/489/98
f 96/594/124 101/593/124 99/592/124
f 229/598/125 228/597/125 96/596/125 99/595/125
f 231/603/126 230/602/126 229/601/126 99/600/126 100/599/126
f 237/616/128 236/615/128 235/614/128 234/613/128 233/612/128 232/611/128 87/610/128 55/609/128 84/608/128
f 97/620/129 238/619/129 110/618/129 166/617/129
f 97/625/130 166/624/130 103/623/130 101/622/130 96/621/130
f 187/644/135 122/643/135 171/642/135
f 157/717/155 247/716/155 246/715/155 191/714/155
f 191/721/156 246/720/156 194/719/156 193/718/156
f 195/732/159 193/731/159 194/730/159
f 196/735/160 193/734/160 195/733/160
f 197/738/161 193/737/161 196/736/161
f 197/741/162 171/740/162 172/739/162
f 249/744/163 248/743/163 247/742/163
f 158/748/164 249/747/164 247/746/164 157/745/164
f 248/752/165 141/751/165 167/750/165 247/749/165
f 161/755/166 141/754/166 248/753/166
f 160/759/167 161/758/167 248/757/167 249/756/167
f 159/763/168 160/762/168 249/761/168 158/760/168
f 147/768/169 192/767/169 175/766/169 124/765/169 125/764/169
f 151/793/175 150/792/175 133/791/175 134/790/175
f 112/797/176 152/796/176 135/795/176 111/794/176
f 164/801/177 163/800/177 112/799/177 110/798/177
f 164/804/178 165/803/178 163/802/178
f 163/809/179 165/808/179 136/807/179 137/806/179 162/805/179
f 163/812/180 152/811/180 112/810/180
f 139/818/181 146/817/181 143/816/181 141/815/181 161/814/181 138/813/181
f 85/823/182 83/822/182 79/821/182 51/820/182 52/819/182
f 83/830/183 85/829/183 60/828/183 55/827/183 56/826/183 71/825/183 82/824/183
f 68/841/186 237/840/186 84/839/186 67/838/186
f 236/846/187 250/845/187 231/844/187 100/843/187 235/842/187
f 109/860/190 136/859/190 110/858/190 238/857/190 108/856/190
o group1971097135
g mesh1971097135
usemtl mat11
f 256/883/195 255/882/195 254/881/195 253/880/195 252/879/195
f 253/887/196 258/886/196 257/885/196 252/884/196
f 259/890/197 254/889/197 255/888/197
f 262/894/198 261/893/198 260/892/198 252/891/198
f 254/900/199 265/899/199 264/898/199 263/897/199 258/896/199 253/895/199
f 263/903/200 257/902/200 258/901/200
f 269/910/202 268/909/202 257/908/202 263/907/202
f 273/916/203 272/915/203 271/914/203 270/913/203 252/912/203 257/911/203
f 271/920/204 275/919/204 274/918/204 270/917/204
f 282/928/206 281/927/206 280/926/206
f 288/939/209 287/938/209 270/937/209 274/936/209
f 287/945/210 290/944/210 289/943/210 262/942/210 252/941/210 270/940/210
f 289/950/211 292/949/211 291/948/211 261/947/211 262/946/211
f 268/958/212 297/957/212 296/956/212 295/955/212 294/954/212 293/953/212 273/952/212 257/951/212
f 293/963/213 299/962/213 298/961/213 280/960/213 273/959/213
f 298/967/214 301/966/214 300/965/214 280/964/214
f 307/974/215 306/973/215 305/972/215 304/971/215 303/970/215 295/969/215 302/968/215
f 303/979/216 309/978/216 308/977/216 294/976/216 295/975/216
f 308/983/217 311/982/217 310/981/217 294/980/217
f 311/986/218 312/985/218 310/984/218
f 314/989/219 313/988/219 304/987/219
f 320/997/220 319/996/220 318/995/220 317/994/220 316/993/220 315/992/220 309/991/220 303/990/220
f 315/1002/221 323/1001/221 322/1000/221 321/999/221 309/998/221
f 322/1006/222 325/1005/222 324/1004/222 321/1003/222
f 332/1016/223 331/1015/223 330/1014/223 329/1013/223 328/1012/223 327/1011/223 323/1010/223 315/1009/223 316/1008/223 326/1007/223
f 333/1020/224 292/1019/224 289/1018/224 290/1017/224
f 335/1024/225 334/1023/225 292/1022/225 333/1021/225
f 288/1028/226 333/1027/226 290/1026/226 287/1025/226
f 335/1035/228 333/1034/228 288/1033/228 336/1032/228
f 334/1038/229 291/1037/229 292/1036/229
f 336/1042/230 288/1041/230 338/1040/230 337/1039/230
f 337/1045/231 340/1044/231 339/1043/231
f 345/1050/232 344/1049/232 343/1048/232 342/1047/232 341/1046/232
f 348/1053/233 347/1052/233 346/1051/233
f 350/1056/234 349/1055/234 265/1054/234
f 341/1060/235 350/1059/235 265/1058/235 254/1057/235
f 353/1064/236 352/1063/236 351/1062/236 265/1061/236
f 356/1067/237 355/1066/237 354/1065/237
f 358/1070/238 357/1069/238 264/1068/238
f 360/1073/239 359/1072/239 254/1071/239
f 357/1079/241 263/1078/241 264/1077/241
f 346/1084/242 363/1083/242 362/1082/242 296/1081/242 297/1080/242
f 368/1089/243 367/1088/243 366/1087/243 365/1086/243 364/1085/243
f 372/1094/244 368/1093/244 371/1092/244 370/1091/244 369/1090/244
f 374/1097/245 373/1096/245 364/1095/245
f 269/1101/246 346/1100/246 297/1099/246 268/1098/246
f 366/1105/247 376/1104/247 375/1103/247 365/1102/247
f 379/1108/248 378/1107/248 377/1106/248
f 381/1112/249 380/1111/249 269/1110/249 263/1109/249
f 384/1117/250 383/1116/250 382/1115/250 346/1114/250 269/1113/250
f 387/1121/251 386/1120/251 385/1119/251 357/1118/251
f 389/1124/252 388/1123/252 387/1122/252
f 392/1129/253 391/1128/253 390/1127/253 386/1126/253 387/1125/253
f 388/1133/254 394/1132/254 393/1131/254 387/1130/254
f 385/1136/255 263/1135/255 357/1134/255
f 395/1139/256 364/1138/256 365/1137/256
f 398/1145/257 397/1144/257 396/1143/257 381/1142/257 263/1141/257 276/1140/257
f 402/1149/258 401/1148/258 400/1147/258 399/1146/258
f 390/1158/260 391/1157/260 279/1156/260 263/1155/260 385/1154/260
f 380/1163/261 408/1162/261 407/1161/261 384/1160/261 269/1159/261
f 381/1167/262 396/1166/262 408/1165/262 380/1164/262
f 382/1173/263 411/1172/263 410/1171/263 409/1170/263 348/1169/263 346/1168/263
f 418/1182/265 417/1181/265 416/1180/265 415/1179/265 414/1178/265
f 421/1185/266 420/1184/266 419/1183/266
f 425/1191/267 424/1190/267 423/1189/267 422/1188/267 302/1187/267 362/1186/267
f 362/1195/268 302/1194/268 295/1193/268 296/1192/268
f 428/1198/269 427/1197/269 426/1196/269
f 429/1202/270 425/1201/270 362/1200/270 363/1199/270
f 420/1205/271 427/1204/271 419/1203/271
f 348/1208/272 420/1207/272 347/1206/272
f 409/1212/273 430/1211/273 427/1210/273 348/1209/273
f 348/1215/274 427/1214/274 420/1213/274
f 427/1218/275 428/1217/275 419/1216/275
f 347/1221/276 420/1220/276 421/1219/276
f 347/1225/277 429/1224/277 363/1223/277 346/1222/277
f 432/1229/278 431/1228/278 378/1227/278 369/1226/278
f 434/1234/279 433/1233/279 399/1232/279 400/1231/279 377/1230/279
f 433/1238/280 435/1237/280 422/1236/280 399/1235/280
f 437/1242/281 436/1241/281 305/1240/281 306/1239/281
f 441/1246/282 440/1245/282 439/1244/282 438/1243/282
f 434/1250/283 441/1249/283 438/1248/283 433/1247/283
f 435/1254/284 437/1253/284 306/1252/284 307/1251/284
f 440/1258/285 443/1257/285 442/1256/285 439/1255/285
f 436/1262/286 444/1261/286 304/1260/286 305/1259/286
f 450/1268/287 449/1267/287 448/1266/287 447/1265/287 446/1264/287 445/1263/287
f 452/1272/288 451/1271/288 442/1270/288 443/1269/288
f 451/1276/289 314/1275/289 444/1274/289 442/1273/289
f 456/1280/290 455/1279/290 454/1278/290 453/1277/290
f 453/1284/291 454/1283/291 458/1282/291 457/1281/291
f 451/1288/292 453/1287/292 457/1286/292 314/1285/292
f 452/1292/293 456/1291/293 453/1290/293 451/1289/293
f 454/1297/294 332/1296/294 326/1295/294 459/1294/294 458/1293/294
f 455/1301/295 331/1300/295 332/1299/295 454/1298/295
f 436/1305/296 439/1304/296 442/1303/296 444/1302/296
f 437/1309/297 438/1308/297 439/1307/297 436/1306/297
f 435/1313/298 433/1312/298 438/1311/298 437/1310/298
f 435/1317/299 307/1316/299 302/1315/299 422/1314/299
f 423/1321/300 402/1320/300 399/1319/300 422/1318/300
f 429/1325/301 347/1324/301 421/1323/301 425/1322/301
f 460/1328/302 379/1327/302 377/1326/302
f 401/1331/303 460/1330/303 377/1329/303
f 423/1334/304 424/1333/304 402/1332/304
f 461/1337/305 421/1336/305 460/1335/305
f 424/1340/306 421/1339/306 461/1338/306
f 424/1343/307 425/1342/307 421/1341/307
f 424/1346/308 461/1345/308 402/1344/308
f 342/1349/309 462/1348/309 341/1347/309
f 355/1353/310 464/1352/310 463/1351/310 354/1350/310
f 349/1357/311 465/1356/311 353/1355/311 265/1354/311
f 351/1371/315 358/1370/315 264/1369/315 265/1368/315
f 358/1380/317 472/1379/317 387/1378/317 357/1377/317
f 460/1383/318 421/1382/318 419/1381/318
f 460/1386/319 419/1385/319 379/1384/319
f 419/1391/320 428/1390/320 367/1389/320 368/1388/320 372/1387/320
f 379/1395/321 419/1394/321 372/1393/321 369/1392/321
f 431/1399/322 434/1398/322 377/1397/322 378/1396/322
f 474/1403/323 473/1402/323 440/1401/323 441/1400/323
f 476/1407/324 475/1406/324 473/1405/324 474/1404/324
f 431/1411/325 474/1410/325 441/1409/325 434/1408/325
f 432/1415/326 476/1414/326 474/1413/326 431/1412/326
f 473/1419/327 446/1418/327 443/1417/327 440/1416/327
f 475/1423/328 445/1422/328 446/1421/328 473/1420/328
f 447/1427/329 452/1426/329 443/1425/329 446/1424/329
f 478/1431/330 477/1430/330 455/1429/330 456/1428/330
f 480/1435/331 479/1434/331 477/1433/331 478/1432/331
f 477/1439/332 330/1438/332 331/1437/332 455/1436/332
f 479/1443/333 329/1442/333 330/1441/333 477/1440/333
f 447/1447/334 478/1446/334 456/1445/334 452/1444/334
f 448/1451/335 480/1450/335 478/1449/335 447/1448/335
f 401/1455/336 402/1454/336 461/1453/336 460/1452/336
f 401/1458/337 377/1457/337 400/1456/337
f 379/1461/338 369/1460/338 378/1459/338
f 340/1464/339 482/1463/339 481/1462/339
f 485/1468/340 484/1467/340 483/1466/340 481/1465/340
f 373/1471/341 486/1470/341 364/1469/341
f 487/1474/342 482/1473/342 275/1472/342
f 489/1478/343 488/1477/343 487/1476/343 275/1475/343
f 491/1482/344 282/1481/344 300/1480/344 490/1479/344
f 493/1486/345 492/1485/345 486/1484/345 490/1483/345
f 371/1490/346 495/1489/346 494/1488/346 370/1487/346
f 496/1493/347 432/1492/347 370/1491/347
f 271/1497/348 272/1496/348 281/1495/348 275/1494/348
f 293/1501/349 294/1500/349 310/1499/349 299/1498/349
f 308/1506/350 309/1505/350 321/1504/350 497/1503/350 311/1502/350
f 500/1509/351 499/1508/351 498/1507/351
f 312/1513/352 496/1512/352 370/1511/352 494/1510/352
f 495/1517/353 502/1516/353 501/1515/353 494/1514/353
f 371/1521/354 368/1520/354 364/1519/354 486/1518/354
f 373/1525/355 491/1524/355 490/1523/355 486/1522/355
f 503/1528/356 491/1527/356 373/1526/356
f 484/1531/357 504/1530/357 483/1529/357
f 507/1536/358 506/1535/358 505/1534/358 321/1533/358 324/1532/358
f 325/1542/359 511/1541/359 510/1540/359 509/1539/359 508/1538/359 324/1537/359
f 515/1548/360 514/1547/360 450/1546/360 445/1545/360 513/1544/360 512/1543/360
f 496/1551/361 498/1550/361 432/1549/361
f 432/1554/362 369/1553/362 370/1552/362
f 498/1557/363 476/1556/363 432/1555/363
f 312/1561/364 500/1560/364 498/1559/364 496/1558/364
f 312/1565/365 494/1564/365 501/1563/365 310/1562/365
f 311/1568/366 500/1567/366 312/1566/366
f 505/1574/367 518/1573/367 517/1572/367 516/1571/367 497/1570/367 321/1569/367
f 516/1578/368 519/1577/368 311/1576/368 497/1575/368
f 519/1582/369 520/1581/369 500/1580/369 311/1579/369
f 517/1587/370 523/1586/370 522/1585/370 521/1584/370 516/1583/370
f 499/1591/371 525/1590/371 524/1589/371 498/1588/371
f 527/1597/372 526/1596/372 508/1595/372 509/1594/372 512/1593/372 524/1592/372
f 524/1601/373 513/1600/373 445/1599/373 475/1598/373
f 498/1604/374 475/1603/374 476/1602/374
f 498/1607/375 524/1606/375 475/1605/375
f 301/1611/376 528/1610/376 490/1609/376 300/1608/376
f 502/1615/377 299/1614/377 310/1613/377 501/1612/377
f 282/1618/378 280/1617/378 300/1616/378
f 298/1622/379 299/1621/379 502/1620/379 301/1619/379
f 301/1626/380 502/1625/380 495/1624/380 528/1623/380
f 282/1629/381 491/1628/381 489/1627/381
f 488/1633/382 485/1632/382 481/1631/382 487/1630/382
f 282/1636/383 489/1635/383 281/1634/383
f 489/1639/384 275/1638/384 281/1637/384
f 272/1643/385 273/1642/385 280/1641/385 281/1640/385
f 487/1646/386 481/1645/386 482/1644/386
f 482/1649/387 274/1648/387 275/1647/387
f 338/1652/388 274/1651/388 482/1650/388
f 288/1655/389 274/1654/389 338/1653/389
f 492/1658/390 371/1657/390 486/1656/390
f 529/1661/391 528/1660/391 495/1659/391
f 529/1665/392 493/1664/392 490/1663/392 528/1662/392
f 529/1670/393 495/1669/393 371/1668/393 492/1667/393 493/1666/393
f 313/1674/394 530/1673/394 319/1672/394 320/1671/394
f 531/1678/395 459/1677/395 317/1676/395 318/1675/395
f 459/1682/396 326/1681/396 316/1680/396 317/1679/396
f 313/1686/397 320/1685/397 303/1684/397 304/1683/397
f 530/1690/398 531/1689/398 318/1688/398 319/1687/398
f 457/1693/399 313/1692/399 314/1691/399
f 314/1696/400 304/1695/400 444/1694/400
f 458/1699/401 531/1698/401 457/1697/401
f 313/1702/402 457/1701/402 530/1700/402
f 530/1705/403 457/1704/403 531/1703/403
f 531/1708/404 458/1707/404 459/1706/404
f 535/1712/405 534/1711/405 533/1710/405 532/1709/405
f 538/1716/406 537/1715/406 536/1714/406 276/1713/406
f 277/1721/407 540/1720/407 539/1719/407 538/1718/407 276/1717/407
f 547/1728/408 546/1727/408 545/1726/408 544/1725/408 543/1724/408 542/1723/408 541/1722/408
f 549/1733/409 541/1732/409 542/1731/409 339/1730/409 548/1729/409
f 548/1736/410 551/1735/410 550/1734/410
f 550/1739/411 504/1738/411 552/1737/411
f 556/1745/412 555/1744/412 554/1743/412 553/1742/412 544/1741/412 545/1740/412
f 556/1748/413 545/1747/413 546/1746/413
f 557/1753/414 336/1752/414 337/1751/414 553/1750/414 554/1749/414
f 557/1756/415 554/1755/415 555/1754/415
f 559/1761/416 558/1760/416 335/1759/416 336/1758/416 557/1757/416
f 260/1764/417 256/1763/417 252/1762/417
f 260/1767/418 560/1766/418 256/1765/418
f 261/1771/419 291/1770/419 561/1769/419 260/1768/419
f 561/1774/420 560/1773/420 260/1772/420
f 561/1780/421 291/1779/421 564/1778/421 563/1777/421 562/1776/421 560/1775/421
f 560/1783/422 565/1782/422 256/1781/422
f 565/1789/423 562/1788/423 566/1787/423 286/1786/423 255/1785/423 256/1784/423
f 560/1792/424 562/1791/424 565/1790/424
f 286/1795/425 559/1794/425 557/1793/425
f 555/1798/426 556/1797/426 546/1796/426
f 552/1801/427 504/1800/427 356/1799/427
f 356/1805/428 504/1804/428 567/1803/428 355/1802/428
f 355/1808/429 567/1807/429 464/1806/429
f 464/1812/430 567/1811/430 568/1810/430 389/1809/430
f 389/1816/431 568/1815/431 569/1814/431 388/1813/431
f 388/1820/432 569/1819/432 570/1818/432 394/1817/432
f 571/1825/433 538/1824/433 539/1823/433 393/1822/433 394/1821/433
f 571/1829/434 572/1828/434 537/1827/434 538/1826/434
f 574/1833/435 570/1832/435 573/1831/435 395/1830/435
f 575/1838/436 574/1837/436 395/1836/436 365/1835/436 375/1834/436
f 534/1842/437 575/1841/437 375/1840/437 533/1839/437
f 537/1846/438 535/1845/438 415/1844/438 536/1843/438
f 376/1850/439 532/1849/439 533/1848/439 375/1847/439
f 376/1854/440 418/1853/440 414/1852/440 532/1851/440
f 428/1857/441 417/1856/441 376/1855/441
f 417/1860/442 418/1859/442 376/1858/442
f 366/1864/443 367/1863/443 428/1862/443 376/1861/443
f 340/1868/444 337/1867/444 338/1866/444 482/1865/444
f 340/1872/445 481/1871/445 551/1870/445 339/1869/445
f 483/1875/446 504/1874/446 551/1873/446
f 481/1878/447 483/1877/447 551/1876/447
f 567/1881/448 504/1880/448 503/1879/448
f 395/1885/449 573/1884/449 374/1883/449 364/1882/449
f 576/1889/450 567/1888/450 503/1887/450 373/1886/450
f 374/1892/451 576/1891/451 373/1890/451
f 573/1896/452 577/1895/452 576/1894/452 374/1893/452
f 577/1899/453 567/1898/453 576/1897/453
f 551/1902/454 504/1901/454 550/1900/454
f 548/1905/455 339/1904/455 551/1903/455
f 488/1909/456 489/1908/456 491/1907/456 485/1906/456
f 485/1913/457 491/1912/457 503/1911/457 484/1910/457
f 484/1916/458 503/1915/458 504/1914/458
f 417/1919/459 428/1918/459 426/1917/459
f 416/1926/460 579/1925/460 578/1924/460 398/1923/460 276/1922/460 536/1921/460 415/1920/460
f 416/1929/461 417/1928/461 426/1927/461
f 535/1933/462 532/1932/462 414/1931/462 415/1930/462
f 535/1937/463 537/1936/463 572/1935/463 534/1934/463
f 534/1941/464 572/1940/464 571/1939/464 575/1938/464
f 575/1944/465 571/1943/465 574/1942/465
f 574/1948/466 571/1947/466 394/1946/466 570/1945/466
f 569/1951/467 573/1950/467 570/1949/467
f 568/1956/468 567/1955/468 577/1954/468 573/1953/468 569/1952/468
f 334/1963/470 582/1962/470 564/1961/470 291/1960/470
f 584/1966/471 583/1965/471 359/1964/471
f 547/1970/472 541/1969/472 585/1968/472 259/1967/472
f 259/1974/473 586/1973/473 360/1972/473 254/1971/473
f 359/1977/474 587/1976/474 254/1975/474
f 462/1981/475 552/1980/475 356/1979/475 354/1978/475
f 462/1984/476 467/1983/476 341/1982/476
f 588/1988/477 549/1987/477 548/1986/477 343/1985/477
f 343/1992/478 548/1991/478 550/1990/478 342/1989/478
f 342/1996/479 550/1995/479 552/1994/479 462/1993/479
f 585/2000/480 541/1999/480 549/1998/480 588/1997/480
f 585/2004/481 361/2003/481 586/2002/481 259/2001/481
f 361/2012/483 585/2011/483 588/2010/483 584/2009/483 359/2008/483
f 583/2017/484 584/2016/484 588/2015/484 343/2014/484 344/2013/484
f 583/2023/486 344/2022/486 345/2021/486
f 467/2029/488 462/2028/488 354/2027/488
f 463/2036/490 464/2035/490 389/2034/490 387/2033/490
f 283/2054/495 589/2053/495 546/2052/495 547/2051/495 259/2050/495
f 590/2058/496 555/2057/496 546/2056/496 589/2055/496
f 591/2062/497 557/2061/497 555/2060/497 590/2059/497
f 285/2066/498 286/2065/498 557/2064/498 591/2063/498
f 286/2073/500 566/2072/500 592/2071/500 559/2070/500
f 559/2078/501 592/2077/501 580/2076/501 593/2075/501 558/2074/501
f 582/2082/502 334/2081/502 335/2080/502 558/2079/502
f 582/2086/503 594/2085/503 563/2084/503 564/2083/503
f 581/2096/506 595/2095/506 593/2094/506 580/2093/506
f 595/2106/508 594/2105/508 582/2104/508 558/2103/508 593/2102/508
f 285/2109/509 591/2108/509 284/2107/509
f 284/2113/510 591/2112/510 590/2111/510 267/2110/510
f 267/2117/511 590/2116/511 589/2115/511 266/2114/511
f 266/2120/512 589/2119/512 283/2118/512
f 587/2123/513 341/2122/513 254/2121/513
f 413/2132/515 579/2131/515 416/2130/515 426/2129/515 412/2128/515
f 405/2138/516 412/2137/516 426/2136/516 427/2135/516 430/2134/516 404/2133/516
f 383/2150/519 403/2149/519 411/2148/519 382/2147/519
f 407/2155/520 406/2154/520 403/2153/520 383/2152/520 384/2151/520
f 396/2160/521 397/2159/521 406/2158/521 407/2157/521 408/2156/521
f 398/2164/522 578/2163/522 406/2162/522 397/2161/522
f 391/2172/524 392/2171/524 278/2170/524 279/2169/524
f 390/2175/525 385/2174/525 386/2173/525
f 472/2179/526 358/2178/526 351/2177/526 471/2176/526
f 470/2184/527 471/2183/527 351/2182/527 352/2181/527 469/2180/527
f 543/2200/531 339/2199/531 542/2198/531
f 553/2205/532 337/2204/532 339/2203/532 543/2202/532 544/2201/532
f 599/2210/533 598/2209/533 597/2208/533 596/2207/533 527/2206/533
f 500/2214/534 522/2213/534 601/2212/534 600/2211/534
f 526/2219/535 602/2218/535 507/2217/535 324/2216/535 508/2215/535
f 510/2224/536 603/2223/536 515/2222/536 512/2221/536 509/2220/536
f 322/2229/537 323/2228/537 327/2227/537 511/2226/537 325/2225/537
f 511/2234/538 327/2233/538 328/2232/538 603/2231/538 510/2230/538
f 514/2243/539 515/2242/539 603/2241/539 328/2240/539 329/2239/539 479/2238/539 480/2237/539 448/2236/539 449/2235/539
f 524/2246/540 512/2245/540 513/2244/540
f 514/2249/541 449/2248/541 450/2247/541
f 525/2253/542 599/2252/542 527/2251/542 524/2250/542
f 500/2256/543 600/2255/543 499/2254/543
f 520/2260/544 519/2259/544 516/2258/544 521/2257/544
f 520/2264/545 521/2263/545 522/2262/545 500/2261/545
f 517/2267/546 518/2266/546 523/2265/546
f 598/2271/547 601/2270/547 522/2269/547 523/2268/547
f 525/2276/548 499/2275/548 600/2274/548 598/2273/548 599/2272/548
f 598/2280/549 523/2279/549 518/2278/549 597/2277/549
f 598/2283/550 600/2282/550 601/2281/550
f 602/2286/551 506/2285/551 507/2284/551
f 506/2289/552 518/2288/552 505/2287/552
f 602/2294/553 596/2293/553 597/2292/553 518/2291/553 506/2290/553
f 526/2298/554 527/2297/554 596/2296/554 602/2295/554
usemtl mat21
f 267/906/201 266/905/201 255/904/201
f 279/925/205 278/924/205 277/923/205 276/922/205 263/921/205
f 266/931/207 283/930/207 255/929/207
f 286/935/208 285/934/208 284/933/208 255/932/208
f 284/1031/227 267/1030/227 255/1029/227
f 361/1076/240 359/1075/240 360/1074/240
f 406/1153/259 405/1152/259 404/1151/259 403/1150/259
f 413/1177/264 412/1176/264 405/1175/264 406/1174/264
f 467/1360/312 354/1359/312 466/1358/312
f 463/1363/313 387/1362/313 468/1361/313
f 470/1367/314 469/1366/314 354/1365/314 468/1364/314
f 472/1376/316 471/1375/316 470/1374/316 468/1373/316 387/1372/316
f 581/1959/469 580/1958/469 562/1957/469
f 361/2007/482 360/2006/482 586/2005/482
f 583/2020/485 587/2019/485 359/2018/485
f 467/2026/487 466/2025/487 341/2024/487
f 463/2032/489 468/2031/489 354/2030/489
f 393/2039/491 392/2038/491 387/2037/491
f 539/2042/492 392/2041/492 393/2040/492
f 540/2045/493 392/2044/493 539/2043/493
f 579/2049/494 413/2048/494 406/2047/494 578/2046/494
f 283/2069/499 259/2068/499 255/2067/499
f 592/2089/504 562/2088/504 580/2087/504
f 566/2092/505 562/2091/505 592/2090/505
f 594/2101/507 595/2100/507 581/2099/507 562/2098/507 563/2097/507
f 583/2127/514 345/2126/514 341/2125/514 587/2124/514
f 409/2143/517 410/2142/517 403/2141/517 404/2140/517 430/2139/517
f 411/2146/518 403/2145/518 410/2144/518
f 278/2168/523 392/2167/523 540/2166/523 277/2165/523
f 353/2189/528 465/2188/528 354/2187/528 469/2186/528 352/2185/528
f 349/2193/529 466/2192/529 354/2191/529 465/2190/529
f 350/2197/530 341/2196/530 466/2195/530 349/2194/530
o group1452617283
g mesh1452617283
usemtl mat10
f 713/2734/669 712/2733/669 711/2732/669 710/2731/669
f 718/2739/670 717/2738/670 716/2737/670 715/2736/670 714/2735/670
f 711/2758/671 733/2757/671 732/2756/671 731/2755/671 730/2754/671 729/2753/671 728/2752/671 727/2751/671 726/2750/671 725/2749/671 724/2748/671 723/2747/671 718/2746/671 714/2745/671 722/2744/671 721/2743/671 720/2742/671 719/2741/671 710/2740/671
f 736/2763/672 735/2762/672 734/2761/672 712/2760/672 713/2759/672
f 719/2767/673 736/2766/673 713/2765/673 710/2764/673
f 738/2771/674 737/2770/674 730/2769/674 731/2768/674
f 741/2776/675 740/2775/675 739/2774/675 732/2773/675 733/2772/675
f 720/2780/676 721/2779/676 742/2778/676 735/2777/676
f 712/2784/677 741/2783/677 733/2782/677 711/2781/677
f 719/2788/678 720/2787/678 735/2786/678 736/2785/678
f 725/2792/679 726/2791/679 744/2790/679 743/2789/679
f 746/2796/680 745/2795/680 728/2794/680 729/2793/680
f 739/2800/681 738/2799/681 731/2798/681 732/2797/681
f 737/2804/682 746/2803/682 729/2802/682 730/2801/682
f 722/2808/683 714/2807/683 715/2806/683 747/2805/683
f 723/2812/684 724/2811/684 749/2810/684 748/2809/684
f 724/2817/685 725/2816/685 743/2815/685 750/2814/685 749/2813/685
f 718/2821/686 723/2820/686 748/2819/686 717/2818/686
f 721/2825/687 722/2824/687 747/2823/687 742/2822/687
f 726/2829/688 727/2828/688 751/2827/688 744/2826/688
f 734/2833/689 753/2832/689 752/2831/689 712/2830/689
f 752/2837/690 755/2836/690 754/2835/690 712/2834/690
f 753/2841/691 756/2840/691 750/2839/691 743/2838/691
f 756/2847/692 716/2846/692 717/2845/692 748/2844/692 749/2843/692 750/2842/692
f 754/2852/693 757/2851/693 740/2850/693 741/2849/693 712/2848/693
f 757/2858/694 746/2857/694 737/2856/694 738/2855/694 739/2854/694 740/2853/694
f 756/2864/695 735/2863/695 742/2862/695 747/2861/695 715/2860/695 716/2859/695
f 745/2868/696 751/2867/696 727/2866/696 728/2865/696
f 757/2871/697 745/2870/697 746/2869/697
f 755/2875/698 751/2874/698 745/2873/698 754/2872/698
f 755/2879/699 752/2878/699 744/2877/699 751/2876/699
f 753/2883/700 743/2882/700 744/2881/700 752/2880/700
f 753/2887/701 734/2886/701 735/2885/701 756/2884/701
f 754/2890/702 745/2889/702 757/2888/702
o group1926126815
g mesh1926126815
usemtl mat5
f 761/2894/703 760/2893/703 759/2892/703 758/2891/703
f 760/2898/704 763/2897/704 762/2896/704 759/2895/704
f 763/2902/705 765/2901/705 764/2900/705 762/2899/705
f 765/2906/706 767/2905/706 766/2904/706 764/2903/706
f 767/2910/707 769/2909/707 768/2908/707 766/2907/707
f 769/2914/708 771/2913/708 770/2912/708 768/2911/708
f 771/2918/709 773/2917/709 772/2916/709 770/2915/709
f 773/2922/710 775/2921/710 774/2920/710 772/2919/710
f 775/2926/711 777/2925/711 776/2924/711 774/2923/711
f 777/2930/712 779/2929/712 778/2928/712 776/2927/712
f 779/2934/713 781/2933/713 780/2932/713 778/2931/713
f 781/2938/714 761/2937/714 758/2936/714 780/2935/714
f 758/2950/715 759/2949/715 762/2948/715 764/2947/715 766/2946/715 768/2945/715 770/2944/715 772/2943/715 774/2942/715 776/2941/715 778/2940/715 780/2939/715
f 781/2962/716 779/2961/716 777/2960/716 775/2959/716 773/2958/716 771/2957/716 769/2956/716 767/2955/716 765/2954/716 763/2953/716 760/2952/716 761/2951/716
o group269306622
g mesh269306622
usemtl mat21
f 785/2966/717 784/2965/717 783/2964/717 782/2963/717
f 789/2970/718 788/2969/718 787/2968/718 786/2967/718
f 791/2974/719 790/2973/719 786/2972/719 782/2971/719
f 787/2978/720 788/2977/720 784/2976/720 785/2975/720
f 786/2982/721 787/2981/721 785/2980/721 782/2979/721
f 784/2986/722 788/2985/722 789/2984/722 783/2983/722
f 790/2990/723 792/2989/723 789/2988/723 786/2987/723
f 792/2994/724 793/2993/724 783/2992/724 789/2991/724
f 793/2998/725 791/2997/725 782/2996/725 783/2995/725
f 795/3002/726 794/3001/726 790/3000/726 791/2999/726
f 794/3006/727 796/3005/727 792/3004/727 790/3003/727
f 796/3010/728 797/3009/728 793/3008/728 792/3007/728
f 797/3014/729 795/3013/729 791/3012/729 793/3011/729
f 799/3018/730 798/3017/730 794/3016/730 795/3015/730
f 798/3022/731 800/3021/731 796/3020/731 794/3019/731
f 800/3026/732 801/3025/732 797/3024/732 796/3023/732
f 801/3030/733 799/3029/733 795/3028/733 797/3027/733
f 802/3033/734 798/3032/734 799/3031/734
f 802/3037/735 803/3036/735 800/3035/735 798/3034/735
f 803/3040/736 801/3039/736 800/3038/736
f 801/3044/737 803/3043/737 802/3042/737 799/3041/737
o group62122215
g mesh62122215
usemtl mat21
f 807/3048/738 806/3047/738 805/3046/738 804/3045/738
f 811/3052/739 810/3051/739 809/3050/739 808/3049/739
f 805/3056/740 812/3055/740 808/3054/740 804/3053/740
f 809/3060/741 815/3059/741 814/3058/741 813/3057/741
f 817/3064/742 816/3063/742 813/3062/742 804/3061/742
f 814/3068/743 815/3067/743 812/3066/743 805/3065/743
f 810/3072/744 818/3071/744 815/3070/744 809/3069/744
f 818/3076/745 819/3075/745 812/3074/745 815/3073/745
f 819/3080/746 811/3079/746 808/3078/746 812/3077/746
f 821/3084/747 820/3083/747 810/3082/747 811/3081/747
f 820/3088/748 822/3087/748 818/3086/748 810/3085/748
f 822/3092/749 823/3091/749 819/3090/749 818/3089/749
f 823/3096/750 821/3095/750 811/3094/750 819/3093/750
f 825/3100/751 824/3099/751 820/3098/751 821/3097/751
f 824/3104/752 826/3103/752 822/3102/752 820/3101/752
f 826/3108/753 827/3107/753 823/3106/753 822/3105/753
f 827/3112/754 825/3111/754 821/3110/754 823/3109/754
f 829/3116/755 828/3115/755 824/3114/755 825/3113/755
f 828/3120/756 830/3119/756 826/3118/756 824/3117/756
f 830/3124/757 831/3123/757 827/3122/757 826/3121/757
f 831/3128/758 829/3127/758 825/3126/758 827/3125/758
f 833/3132/759 832/3131/759 828/3130/759 829/3129/759
f 832/3136/760 834/3135/760 830/3134/760 828/3133/760
f 834/3140/761 835/3139/761 831/3138/761 830/3137/761
f 835/3144/762 833/3143/762 829/3142/762 831/3141/762
f 837/3148/763 836/3147/763 832/3146/763 833/3145/763
f 836/3152/764 838/3151/764 834/3150/764 832/3149/764
f 838/3156/765 839/3155/765 835/3154/765 834/3153/765
f 839/3160/766 837/3159/766 833/3158/766 835/3157/766
f 841/3164/767 840/3163/767 836/3162/767 837/3161/767
f 840/3168/768 842/3167/768 838/3166/768 836/3165/768
f 842/3172/769 843/3171/769 839/3170/769 838/3169/769
f 843/3176/770 841/3175/770 837/3174/770 839/3173/770
f 845/3180/771 844/3179/771 840/3178/771 841/3177/771
f 844/3184/772 846/3183/772 842/3182/772 840/3181/772
f 846/3188/773 847/3187/773 843/3186/773 842/3185/773
f 847/3192/774 845/3191/774 841/3190/774 843/3189/774
f 849/3196/775 848/3195/775 844/3194/775 845/3193/775
f 848/3200/776 850/3199/776 846/3198/776 844/3197/776
f 850/3204/777 851/3203/777 847/3202/777 846/3201/777
f 851/3208/778 849/3207/778 845/3206/778 847/3205/778
f 853/3212/779 852/3211/779 848/3210/779 849/3209/779
f 852/3216/780 854/3215/780 850/3214/780 848/3213/780
f 854/3220/781 855/3219/781 851/3218/781 850/3217/781
f 855/3224/782 853/3223/782 849/3222/782 851/3221/782
f 857/3228/783 856/3227/783 852/3226/783 853/3225/783
f 856/3232/784 858/3231/784 854/3230/784 852/3229/784
f 858/3236/785 859/3235/785 855/3234/785 854/3233/785
f 859/3240/786 857/3239/786 853/3238/786 855/3237/786
f 861/3244/787 860/3243/787 856/3242/787 857/3241/787
f 860/3248/788 862/3247/788 858/3246/788 856/3245/788
f 862/3252/789 863/3251/789 859/3250/789 858/3249/789
f 863/3256/790 861/3255/790 857/3254/790 859/3253/790
f 865/3260/791 864/3259/791 860/3258/791 861/3257/791
f 864/3264/792 866/3263/792 862/3262/792 860/3261/792
f 866/3268/793 867/3267/793 863/3266/793 862/3265/793
f 867/3272/794 865/3271/794 861/3270/794 863/3269/794
f 869/3276/795 868/3275/795 864/3274/795 865/3273/795
f 868/3280/796 870/3279/796 866/3278/796 864/3277/796
f 870/3284/797 871/3283/797 867/3282/797 866/3281/797
f 871/3288/798 869/3287/798 865/3286/798 867/3285/798
f 873/3292/799 872/3291/799 868/3290/799 869/3289/799
f 872/3296/800 874/3295/800 870/3294/800 868/3293/800
f 874/3300/801 875/3299/801 871/3298/801 870/3297/801
f 875/3304/802 873/3303/802 869/3302/802 871/3301/802
f 877/3308/803 876/3307/803 872/3306/803 873/3305/803
f 876/3312/804 878/3311/804 874/3310/804 872/3309/804
f 878/3316/805 879/3315/805 875/3314/805 874/3313/805
f 879/3320/806 877/3319/806 873/3318/806 875/3317/806
f 881/3324/807 880/3323/807 876/3322/807 877/3321/807
f 816/3328/808 882/3327/808 809/3326/808 813/3325/808
f 882/3332/809 883/3331/809 808/3330/809 809/3329/809
f 883/3336/810 817/3335/810 804/3334/810 808/3333/810
f 885/3340/811 884/3339/811 816/3338/811 817/3337/811
f 884/3344/812 886/3343/812 882/3342/812 816/3341/812
f 886/3348/813 887/3347/813 883/3346/813 882/3345/813
f 887/3352/814 885/3351/814 817/3350/814 883/3349/814
f 887/3356/815 886/3355/815 884/3354/815 885/3353/815
f 806/3360/816 888/3359/816 814/3358/816 805/3357/816
f 888/3364/817 889/3363/817 813/3362/817 814/3361/817
f 889/3368/818 807/3367/818 804/3366/818 813/3365/818
f 891/3372/819 890/3371/819 806/3370/819 807/3369/819
f 890/3376/820 892/3375/820 888/3374/820 806/3373/820
f 892/3380/821 893/3379/821 889/3378/821 888/3377/821
f 893/3384/822 891/3383/822 807/3382/822 889/3381/822
f 895/3388/823 894/3387/823 890/3386/823 891/3385/823
f 894/3392/824 896/3391/824 892/3390/824 890/3389/824
f 896/3396/825 897/3395/825 893/3394/825 892/3393/825
f 897/3400/826 895/3399/826 891/3398/826 893/3397/826
f 899/3404/827 898/3403/827 894/3402/827 895/3401/827
f 898/3408/828 900/3407/828 896/3406/828 894/3405/828
f 900/3412/829 901/3411/829 897/3410/829 896/3409/829
f 901/3416/830 899/3415/830 895/3414/830 897/3413/830
f 903/3420/831 902/3419/831 898/3418/831 899/3417/831
f 902/3424/832 904/3423/832 900/3422/832 898/3421/832
f 904/3428/833 905/3427/833 901/3426/833 900/3425/833
f 905/3432/834 903/3431/834 899/3430/834 901/3429/834
f 907/3436/835 906/3435/835 902/3434/835 903/3433/835
f 906/3440/836 908/3439/836 904/3438/836 902/3437/836
f 908/3444/837 909/3443/837 905/3442/837 904/3441/837
f 909/3448/838 907/3447/838 903/3446/838 905/3445/838
f 911/3452/839 910/3451/839 906/3450/839 907/3449/839
f 910/3456/840 912/3455/840 908/3454/840 906/3453/840
f 912/3460/841 913/3459/841 909/3458/841 908/3457/841
f 913/3464/842 911/3463/842 907/3462/842 909/3461/842
f 915/3468/843 914/3467/843 910/3466/843 911/3465/843
f 914/3472/844 916/3471/844 912/3470/844 910/3469/844
f 916/3476/845 917/3475/845 913/3474/845 912/3473/845
f 917/3480/846 915/3479/846 911/3478/846 913/3477/846
f 919/3484/847 918/3483/847 914/3482/847 915/3481/847
f 918/3488/848 920/3487/848 916/3486/848 914/3485/848
f 920/3492/849 921/3491/849 917/3490/849 916/3489/849
f 921/3496/850 919/3495/850 915/3494/850 917/3493/850
f 921/3500/851 920/3499/851 918/3498/851 919/3497/851
f 880/3504/852 922/3503/852 878/3502/852 876/3501/852
f 922/3508/853 923/3507/853 879/3506/853 878/3505/853
f 923/3512/854 881/3511/854 877/3510/854 879/3509/854
f 925/3516/855 924/3515/855 880/3514/855 881/3513/855
f 924/3520/856 926/3519/856 922/3518/856 880/3517/856
f 926/3524/857 927/3523/857 923/3522/857 922/3521/857
f 927/3528/858 925/3527/858 881/3526/858 923/3525/858
f 929/3532/859 928/3531/859 924/3530/859 925/3529/859
f 928/3536/860 930/3535/860 926/3534/860 924/3533/860
f 930/3540/861 931/3539/861 927/3538/861 926/3537/861
f 931/3544/862 929/3543/862 925/3542/862 927/3541/862
f 933/3548/863 932/3547/863 928/3546/863 929/3545/863
f 932/3552/864 934/3551/864 930/3550/864 928/3549/864
f 934/3556/865 935/3555/865 931/3554/865 930/3553/865
f 935/3560/866 933/3559/866 929/3558/866 931/3557/866
f 937/3564/867 936/3563/867 932/3562/867 933/3561/867
f 936/3568/868 938/3567/868 934/3566/868 932/3565/868
f 938/3572/869 939/3571/869 935/3570/869 934/3569/869
f 939/3576/870 937/3575/870 933/3574/870 935/3573/870
f 941/3580/871 940/3579/871 936/3578/871 937/3577/871
f 940/3584/872 942/3583/872 938/3582/872 936/3581/872
f 942/3588/873 943/3587/873 939/3586/873 938/3585/873
f 943/3592/874 941/3591/874 937/3590/874 939/3589/874
f 945/3596/875 944/3595/875 940/3594/875 941/3593/875
f 944/3600/876 946/3599/876 942/3598/876 940/3597/876
f 946/3604/877 947/3603/877 943/3602/877 942/3601/877
f 947/3608/878 945/3607/878 941/3606/878 943/3605/878
f 947/3612/879 946/3611/879 944/3610/879 945/3609/879
o group462179313
g mesh462179313
usemtl mat21
f 951/3616/880 950/3615/880 949/3614/880 948/3613/880
f 955/3620/881 954/3619/881 953/3618/881 952/3617/881
f 957/3624/882 956/3623/882 952/3622/882 948/3621/882
f 953/3628/883 954/3627/883 950/3626/883 951/3625/883
f 952/3632/884 953/3631/884 951/3630/884 948/3629/884
f 950/3636/885 954/3635/885 955/3634/885 949/3633/885
f 956/3640/886 958/3639/886 955/3638/886 952/3637/886
f 958/3644/887 959/3643/887 949/3642/887 955/3641/887
f 959/3648/888 957/3647/888 948/3646/888 949/3645/888
f 961/3652/889 960/3651/889 956/3650/889 957/3649/889
f 960/3656/890 962/3655/890 958/3654/890 956/3653/890
f 962/3660/891 963/3659/891 959/3658/891 958/3657/891
f 963/3664/892 961/3663/892 957/3662/892 959/3661/892
f 965/3668/893 964/3667/893 960/3666/893 961/3665/893
f 964/3672/894 966/3671/894 962/3670/894 960/3669/894
f 966/3676/895 967/3675/895 963/3674/895 962/3673/895
f 967/3680/896 965/3679/896 961/3678/896 963/3677/896
f 969/3684/897 968/3683/897 964/3682/897 965/3681/897
f 968/3688/898 970/3687/898 966/3686/898 964/3685/898
f 970/3692/899 971/3691/899 967/3690/899 966/3689/899
f 971/3696/900 969/3695/900 965/3694/900 967/3693/900
f 973/3700/901 972/3699/901 968/3698/901 969/3697/901
f 972/3704/902 974/3703/902 970/3702/902 968/3701/902
f 974/3708/903 975/3707/903 971/3706/903 970/3705/903
f 975/3712/904 973/3711/904 969/3710/904 971/3709/904
f 975/3716/905 974/3715/905 972/3714/905 973/3713/905
o group32002972
g mesh32002972
usemtl mat21
f 979/3720/906 978/3719/906 977/3718/906 976/3717/906
f 983/3724/907 982/3723/907 981/3722/907 980/3721/907
f 977/3728/908 983/3727/908 980/3726/908 976/3725/908
f 981/3732/909 982/3731/909 978/3730/909 979/3729/909
f 980/3736/910 981/3735/910 979/3734/910 976/3733/910
f 978/3740/911 982/3739/911 983/3738/911 977/3737/911
o group1859955707
g mesh1859955707
usemtl mat21
f 987/3744/912 986/3743/912 985/3742/912 984/3741/912
f 991/3748/913 990/3747/913 989/3746/913 988/3745/913
f 993/3752/914 992/3751/914 988/3750/914 984/3749/914
f 989/3756/915 990/3755/915 986/3754/915 987/3753/915
f 988/3760/916 989/3759/916 987/3758/916 984/3757/916
f 986/3764/917 990/3763/917 991/3762/917 985/3761/917
f 992/3768/918 994/3767/918 991/3766/918 988/3765/918
f 994/3772/919 995/3771/919 985/3770/919 991/3769/919
f 995/3776/920 993/3775/920 984/3774/920 985/3773/920
f 997/3780/921 996/3779/921 992/3778/921 993/3777/921
f 996/3784/922 998/3783/922 994/3782/922 992/3781/922
f 998/3788/923 999/3787/923 995/3786/923 994/3785/923
f 999/3792/924 997/3791/924 993/3790/924 995/3789/924
f 1001/3796/925 1000/3795/925 996/3794/925 997/3793/925
f 1000/3800/926 1002/3799/926 998/3798/926 996/3797/926
f 1002/3804/927 1003/3803/927 999/3802/927 998/3801/927
f 1003/3808/928 1001/3807/928 997/3806/928 999/3805/928
f 1005/3812/929 1004/3811/929 1000/3810/929 1001/3809/929
f 1004/3816/930 1006/3815/930 1002/3814/930 1000/3813/930
f 1006/3820/931 1007/3819/931 1003/3818/931 1002/3817/931
f 1007/3824/932 1005/3823/932 1001/3822/932 1003/3821/932
f 1007/3828/933 1006/3827/933 1004/3826/933 1005/3825/933
o group1600036614
g mesh1600036614
usemtl mat21
f 1011/3832/934 1010/3831/934 1009/3830/934 1008/3829/934
f 1015/3836/935 1014/3835/935 1013/3834/935 1012/3833/935
f 1009/3840/936 1015/3839/936 1012/3838/936 1008/3837/936
f 1017/3844/937 1016/3843/937 1010/3842/937 1011/3841/937
f 1012/3848/938 1013/3847/938 1011/3846/938 1008/3845/938
f 1010/3852/939 1014/3851/939 1015/3850/939 1009/3849/939
f 1016/3856/940 1018/3855/940 1014/3854/940 1010/3853/940
f 1018/3860/941 1019/3859/941 1013/3858/941 1014/3857/941
f 1019/3864/942 1017/3863/942 1011/3862/942 1013/3861/942
f 1021/3868/943 1020/3867/943 1016/3866/943 1017/3865/943
f 1020/3872/944 1022/3871/944 1018/3870/944 1016/3869/944
f 1022/3876/945 1023/3875/945 1019/3874/945 1018/3873/945
f 1023/3880/946 1021/3879/946 1017/3878/946 1019/3877/946
f 1023/3884/947 1022/3883/947 1020/3882/947 1021/3881/947
o group758244815
g mesh758244815
usemtl mat21
f 1027/3888/948 1026/3887/948 1025/3886/948 1024/3885/948
f 1031/3892/949 1030/3891/949 1029/3890/949 1028/3889/949
f 1033/3896/950 1032/3895/950 1028/3894/950 1024/3893/950
f 1029/3900/951 1030/3899/951 1026/3898/951 1027/3897/951
f 1028/3904/952 1029/3903/952 1027/3902/952 1024/3901/952
f 1026/3908/953 1030/3907/953 1031/3906/953 1025/3905/953
f 1032/3912/954 1034/3911/954 1031/3910/954 1028/3909/954
f 1034/3916/955 1035/3915/955 1025/3914/955 1031/3913/955
f 1035/3920/956 1033/3919/956 1024/3918/956 1025/3917/956
f 1037/3924/957 1036/3923/957 1032/3922/957 1033/3921/957
f 1036/3928/958 1038/3927/958 1034/3926/958 1032/3925/958
f 1038/3932/959 1039/3931/959 1035/3930/959 1034/3929/959
f 1039/3936/960 1037/3935/960 1033/3934/960 1035/3933/960
f 1041/3940/961 1040/3939/961 1036/3938/961 1037/3937/961
f 1040/3944/962 1042/3943/962 1038/3942/962 1036/3941/962
f 1042/3948/963 1043/3947/963 1039/3946/963 1038/3945/963
f 1043/3953/964 1044/3952/964 1041/3951/964 1037/3950/964 1039/3949/964
f 1046/3957/965 1045/3956/965 1040/3955/965 1041/3954/965
f 1045/3961/966 1047/3960/966 1042/3959/966 1040/3958/966
f 1047/3965/967 1048/3964/967 1043/3963/967 1042/3962/967
f 1048/3969/968 1049/3968/968 1044/3967/968 1043/3966/968
f 1051/3973/969 1050/3972/969 1045/3971/969 1046/3970/969
f 1050/3977/970 1052/3976/970 1047/3975/970 1045/3974/970
f 1052/3981/971 1053/3980/971 1048/3979/971 1047/3978/971
f 1053/3986/972 1051/3985/972 1046/3984/972 1049/3983/972 1048/3982/972
f 1055/3990/973 1054/3989/973 1050/3988/973 1051/3987/973
f 1054/3994/974 1056/3993/974 1052/3992/974 1050/3991/974
f 1056/3998/975 1057/3997/975 1053/3996/975 1052/3995/975
f 1057/4002/976 1055/4001/976 1051/4000/976 1053/3999/976
f 1059/4006/977 1058/4005/977 1054/4004/977 1055/4003/977
f 1058/4010/978 1060/4009/978 1056/4008/978 1054/4007/978
f 1060/4014/979 1061/4013/979 1057/4012/979 1056/4011/979
f 1061/4018/980 1059/4017/980 1055/4016/980 1057/4015/980
f 1063/4022/981 1062/4021/981 1058/4020/981 1059/4019/981
f 1062/4026/982 1064/4025/982 1060/4024/982 1058/4023/982
f 1064/4030/983 1065/4029/983 1061/4028/983 1060/4027/983
f 1065/4034/984 1063/4033/984 1059/4032/984 1061/4031/984
f 1065/4038/985 1064/4037/985 1062/4036/985 1063/4035/985
f 1049/4042/986 1046/4041/986 1041/4040/986 1044/4039/986
o group1297686250
g mesh1297686250
usemtl mat21
f 1069/4046/987 1068/4045/987 1067/4044/987 1066/4043/987
f 1073/4050/988 1072/4049/988 1071/4048/988 1070/4047/988
f 1075/4054/989 1074/4053/989 1070/4052/989 1066/4051/989
f 1071/4058/990 1072/4057/990 1068/4056/990 1069/4055/990
f 1070/4062/991 1071/4061/991 1069/4060/991 1066/4059/991
f 1068/4066/992 1072/4065/992 1073/4064/992 1067/4063/992
f 1074/4070/993 1076/4069/993 1073/4068/993 1070/4067/993
f 1076/4074/994 1077/4073/994 1067/4072/994 1073/4071/994
f 1077/4078/995 1075/4077/995 1066/4076/995 1067/4075/995
f 1079/4082/996 1078/4081/996 1074/4080/996 1075/4079/996
f 1078/4086/997 1080/4085/997 1076/4084/997 1074/4083/997
f 1080/4090/998 1081/4089/998 1077/4088/998 1076/4087/998
f 1081/4094/999 1079/4093/999 1075/4092/999 1077/4091/999
f 1083/4098/1000 1082/4097/1000 1078/4096/1000 1079/4095/1000
f 1082/4102/1001 1084/4101/1001 1080/4100/1001 1078/4099/1001
f 1084/4106/1002 1085/4105/1002 1081/4104/1002 1080/4103/1002
f 1085/4110/1003 1083/4109/1003 1079/4108/1003 1081/4107/1003
f 1087/4114/1004 1086/4113/1004 1082/4112/1004 1083/4111/1004
f 1086/4118/1005 1088/4117/1005 1084/4116/1005 1082/4115/1005
f 1088/4122/1006 1089/4121/1006 1085/4120/1006 1084/4119/1006
f 1089/4126/1007 1087/4125/1007 1083/4124/1007 1085/4123/1007
f 1091/4130/1008 1090/4129/1008 1086/4128/1008 1087/4127/1008
f 1090/4134/1009 1092/4133/1009 1088/4132/1009 1086/4131/1009
f 1092/4138/1010 1093/4137/1010 1089/4136/1010 1088/4135/1010
f 1093/4142/1011 1091/4141/1011 1087/4140/1011 1089/4139/1011
f 1095/4146/1012 1094/4145/1012 1090/4144/1012 1091/4143/1012
f 1094/4150/1013 1096/4149/1013 1092/4148/1013 1090/4147/1013
f 1096/4154/1014 1097/4153/1014 1093/4152/1014 1092/4151/1014
f 1097/4158/1015 1095/4157/1015 1091/4156/1015 1093/4155/1015
f 1099/4162/1016 1098/4161/1016 1094/4160/1016 1095/4159/1016
f 1098/4166/1017 1100/4165/1017 1096/4164/1017 1094/4163/1017
f 1100/4170/1018 1101/4169/1018 1097/4168/1018 1096/4167/1018
f 1101/4174/1019 1099/4173/1019 1095/4172/1019 1097/4171/1019
f 1103/4178/1020 1102/4177/1020 1098/4176/1020 1099/4175/1020
f 1102/4182/1021 1104/4181/1021 1100/4180/1021 1098/4179/1021
f 1104/4186/1022 1105/4185/1022 1101/4184/1022 1100/4183/1022
f 1105/4190/1023 1103/4189/1023 1099/4188/1023 1101/4187/1023
f 1105/4194/1024 1104/4193/1024 1102/4192/1024 1103/4191/1024
o group81821235
g mesh81821235
usemtl mat21
f 1109/4198/1025 1108/4197/1025 1107/4196/1025 1106/4195/1025
f 1113/4202/1026 1112/4201/1026 1111/4200/1026 1110/4199/1026
f 1115/4206/1027 1114/4205/1027 1110/4204/1027 1106/4203/1027
f 1111/4210/1028 1112/4209/1028 1108/4208/1028 1109/4207/1028
f 1110/4214/1029 1111/4213/1029 1109/4212/1029 1106/4211/1029
f 1108/4218/1030 1112/4217/1030 1113/4216/1030 1107/4215/1030
f 1114/4222/1031 1116/4221/1031 1113/4220/1031 1110/4219/1031
f 1116/4226/1032 1117/4225/1032 1107/4224/1032 1113/4223/1032
f 1117/4230/1033 1115/4229/1033 1106/4228/1033 1107/4227/1033
f 1119/4234/1034 1118/4233/1034 1114/4232/1034 1115/4231/1034
f 1118/4238/1035 1120/4237/1035 1116/4236/1035 1114/4235/1035
f 1120/4242/1036 1121/4241/1036 1117/4240/1036 1116/4239/1036
f 1121/4246/1037 1119/4245/1037 1115/4244/1037 1117/4243/1037
f 1123/4250/1038 1122/4249/1038 1118/4248/1038 1119/4247/1038
f 1122/4254/1039 1124/4253/1039 1120/4252/1039 1118/4251/1039
f 1124/4258/1040 1125/4257/1040 1121/4256/1040 1120/4255/1040
f 1125/4262/1041 1123/4261/1041 1119/4260/1041 1121/4259/1041
f 1125/4266/1042 1124/4265/1042 1122/4264/1042 1123/4263/1042
o group840029287
g mesh840029287
usemtl mat21
f 1129/4270/1043 1128/4269/1043 1127/4268/1043 1126/4267/1043
f 1133/4274/1044 1132/4273/1044 1131/4272/1044 1130/4271/1044
f 1135/4278/1045 1134/4277/1045 1130/4276/1045 1126/4275/1045
f 1131/4282/1046 1132/4281/1046 1128/4280/1046 1129/4279/1046
f 1130/4286/1047 1131/4285/1047 1129/4284/1047 1126/4283/1047
f 1128/4290/1048 1132/4289/1048 1133/4288/1048 1127/4287/1048
f 1134/4294/1049 1136/4293/1049 1133/4292/1049 1130/4291/1049
f 1136/4298/1050 1137/4297/1050 1127/4296/1050 1133/4295/1050
f 1137/4302/1051 1135/4301/1051 1126/4300/1051 1127/4299/1051
f 1139/4306/1052 1138/4305/1052 1134/4304/1052 1135/4303/1052
f 1138/4310/1053 1140/4309/1053 1136/4308/1053 1134/4307/1053
f 1140/4314/1054 1141/4313/1054 1137/4312/1054 1136/4311/1054
f 1141/4318/1055 1139/4317/1055 1135/4316/1055 1137/4315/1055
f 1143/4322/1056 1142/4321/1056 1138/4320/1056 1139/4319/1056
f 1142/4326/1057 1144/4325/1057 1140/4324/1057 1138/4323/1057
f 1144/4330/1058 1145/4329/1058 1141/4328/1058 1140/4327/1058
f 1145/4334/1059 1143/4333/1059 1139/4332/1059 1141/4331/1059
f 1145/4338/1060 1144/4337/1060 1142/4336/1060 1143/4335/1060
o group644830360
g mesh644830360
usemtl mat21
f 1149/4342/1061 1148/4341/1061 1147/4340/1061 1146/4339/1061
f 1153/4346/1062 1152/4345/1062 1151/4344/1062 1150/4343/1062
f 1147/4350/1063 1153/4349/1063 1150/4348/1063 1146/4347/1063
f 1155/4354/1064 1154/4353/1064 1148/4352/1064 1149/4351/1064
f 1150/4358/1065 1151/4357/1065 1149/4356/1065 1146/4355/1065
f 1148/4362/1066 1152/4361/1066 1153/4360/1066 1147/4359/1066
f 1154/4366/1067 1156/4365/1067 1152/4364/1067 1148/4363/1067
f 1156/4370/1068 1157/4369/1068 1151/4368/1068 1152/4367/1068
f 1157/4374/1069 1155/4373/1069 1149/4372/1069 1151/4371/1069
f 1159/4378/1070 1158/4377/1070 1154/4376/1070 1155/4375/1070
f 1158/4382/1071 1160/4381/1071 1156/4380/1071 1154/4379/1071
f 1160/4386/1072 1161/4385/1072 1157/4384/1072 1156/4383/1072
f 1161/4390/1073 1159/4389/1073 1155/4388/1073 1157/4387/1073
f 1163/4394/1074 1162/4393/1074 1158/4392/1074 1159/4391/1074
f 1162/4398/1075 1164/4397/1075 1160/4396/1075 1158/4395/1075
f 1164/4402/1076 1165/4401/1076 1161/4400/1076 1160/4399/1076
f 1165/4406/1077 1163/4405/1077 1159/4404/1077 1161/4403/1077
f 1167/4410/1078 1166/4409/1078 1162/4408/1078 1163/4407/1078
f 1166/4414/1079 1168/4413/1079 1164/4412/1079 1162/4411/1079
f 1168/4418/1080 1169/4417/1080 1165/4416/1080 1164/4415/1080
f 1169/4422/1081 1167/4421/1081 1163/4420/1081 1165/4419/1081
f 1171/4426/1082 1170/4425/1082 1166/4424/1082 1167/4423/1082
f 1170/4430/1083 1172/4429/1083 1168/4428/1083 1166/4427/1083
f 1172/4434/1084 1173/4433/1084 1169/4432/1084 1168/4431/1084
f 1173/4438/1085 1171/4437/1085 1167/4436/1085 1169/4435/1085
f 1175/4442/1086 1174/4441/1086 1170/4440/1086 1171/4439/1086
f 1174/4446/1087 1176/4445/1087 1172/4444/1087 1170/4443/1087
f 1176/4450/1088 1177/4449/1088 1173/4448/1088 1172/4447/1088
f 1177/4454/1089 1175/4453/1089 1171/4452/1089 1173/4451/1089
f 1179/4458/1090 1178/4457/1090 1174/4456/1090 1175/4455/1090
f 1178/4462/1091 1180/4461/1091 1176/4460/1091 1174/4459/1091
f 1180/4466/1092 1181/4465/1092 1177/4464/1092 1176/4463/1092
f 1181/4470/1093 1179/4469/1093 1175/4468/1093 1177/4467/1093
f 1181/4474/1094 1180/4473/1094 1178/4472/1094 1179/4471/1094
o group264317860
g mesh264317860
usemtl mat21
f 1185/4478/1095 1184/4477/1095 1183/4476/1095 1182/4475/1095
f 1189/4482/1096 1188/4481/1096 1187/4480/1096 1186/4479/1096
f 1191/4486/1097 1190/4485/1097 1186/4484/1097 1182/4483/1097
f 1187/4490/1098 1188/4489/1098 1184/4488/1098 1185/4487/1098
f 1186/4494/1099 1187/4493/1099 1185/4492/1099 1182/4491/1099
f 1184/4498/1100 1188/4497/1100 1189/4496/1100 1183/4495/1100
f 1190/4502/1101 1192/4501/1101 1189/4500/1101 1186/4499/1101
f 1192/4506/1102 1193/4505/1102 1183/4504/1102 1189/4503/1102
f 1193/4510/1103 1191/4509/1103 1182/4508/1103 1183/4507/1103
f 1193/4514/1104 1192/4513/1104 1190/4512/1104 1191/4511/1104
o group740519829
g mesh740519829
usemtl mat11
f 1248/4709/1157 1247/4708/1157 1246/4707/1157
f 1247/4712/1158 1249/4711/1158 1246/4710/1158
f 1249/4715/1159 1250/4714/1159 1246/4713/1159
f 1250/4718/1160 1251/4717/1160 1246/4716/1160
f 1251/4721/1161 1252/4720/1161 1246/4719/1161
f 1252/4724/1162 1253/4723/1162 1246/4722/1162
f 1253/4727/1163 1254/4726/1163 1246/4725/1163
f 1254/4730/1164 1255/4729/1164 1246/4728/1164
f 1255/4733/1165 1256/4732/1165 1246/4731/1165
f 1256/4736/1166 1257/4735/1166 1246/4734/1166
f 1257/4739/1167 1258/4738/1167 1246/4737/1167
f 1258/4742/1168 1248/4741/1168 1246/4740/1168
f 1258/4754/1169 1257/4753/1169 1256/4752/1169 1255/4751/1169 1254/4750/1169 1253/4749/1169 1252/4748/1169 1251/4747/1169 1250/4746/1169 1249/4745/1169 1247/4744/1169 1248/4743/1169
o group1921196339
g mesh1921196339
usemtl mat11
f 1261/4757/1170 1260/4756/1170 1259/4755/1170
f 1260/4760/1171 1262/4759/1171 1259/4758/1171
f 1262/4763/1172 1263/4762/1172 1259/4761/1172
f 1263/4766/1173 1264/4765/1173 1259/4764/1173
f 1264/4769/1174 1265/4768/1174 1259/4767/1174
f 1265/4772/1175 1266/4771/1175 1259/4770/1175
f 1266/4775/1176 1267/4774/1176 1259/4773/1176
f 1267/4778/1177 1268/4777/1177 1259/4776/1177
f 1268/4781/1178 1269/4780/1178 1259/4779/1178
f 1269/4784/1179 1270/4783/1179 1259/4782/1179
f 1270/4787/1180 1271/4786/1180 1259/4785/1180
f 1271/4790/1181 1261/4789/1181 1259/4788/1181
f 1271/4802/1182 1270/4801/1182 1269/4800/1182 1268/4799/1182 1267/4798/1182 1266/4797/1182 1265/4796/1182 1264/4795/1182 1263/4794/1182 1262/4793/1182 1260/4792/1182 1261/4791/1182
o group960292067
g mesh960292067
usemtl mat11
f 1287/4853/1196 1286/4852/1196 1285/4851/1196
f 1286/4856/1197 1288/4855/1197 1285/4854/1197
f 1288/4859/1198 1289/4858/1198 1285/4857/1198
f 1289/4862/1199 1290/4861/1199 1285/4860/1199
f 1290/4865/1200 1291/4864/1200 1285/4863/1200
f 1291/4868/1201 1292/4867/1201 1285/4866/1201
f 1292/4871/1202 1293/4870/1202 1285/4869/1202
f 1293/4874/1203 1294/4873/1203 1285/4872/1203
f 1294/4877/1204 1295/4876/1204 1285/4875/1204
f 1295/4880/1205 1296/4879/1205 1285/4878/1205
f 1296/4883/1206 1297/4882/1206 1285/4881/1206
f 1297/4886/1207 1287/4885/1207 1285/4884/1207
f 1297/4898/1208 1296/4897/1208 1295/4896/1208 1294/4895/1208 1293/4894/1208 1292/4893/1208 1291/4892/1208 1290/4891/1208 1289/4890/1208 1288/4889/1208 1286/4888/1208 1287/4887/1208
o group944212785
g mesh944212785
usemtl mat20
f 1421/5262/1279 1420/5261/1279 1419/5260/1279 1418/5259/1279
f 1425/5266/1280 1424/5265/1280 1423/5264/1280 1422/5263/1280
f 1419/5270/1281 1425/5269/1281 1422/5268/1281 1418/5267/1281
f 1422/5278/1283 1423/5277/1283 1421/5276/1283 1418/5275/1283
f 1420/5282/1284 1424/5281/1284 1425/5280/1284 1419/5279/1284
usemtl mat21
f 1423/5274/1282 1424/5273/1282 1420/5272/1282 1421/5271/1282
o group664967870
g mesh664967870
usemtl mat21
f 1429/5286/1285 1428/5285/1285 1427/5284/1285 1426/5283/1285
f 1433/5290/1286 1432/5289/1286 1431/5288/1286 1430/5287/1286
f 1427/5294/1287 1433/5293/1287 1430/5292/1287 1426/5291/1287
f 1435/5298/1288 1434/5297/1288 1428/5296/1288 1429/5295/1288
f 1430/5307/1289 1431/5306/1289 1439/5305/1289 1438/5304/1289 1437/5303/1289 1436/5302/1289 1435/5301/1289 1429/5300/1289 1426/5299/1289
f 1448/5316/1290 1447/5315/1290 1446/5314/1290 1445/5313/1290 1444/5312/1290 1443/5311/1290 1442/5310/1290 1441/5309/1290 1440/5308/1290
f 1450/5320/1291 1449/5319/1291 1444/5318/1291 1445/5317/1291
f 1449/5324/1292 1451/5323/1292 1443/5322/1292 1444/5321/1292
f 1452/5328/1293 1450/5327/1293 1445/5326/1293 1446/5325/1293
f 1456/5332/1294 1455/5331/1294 1454/5330/1294 1453/5329/1294
f 1460/5336/1295 1459/5335/1295 1458/5334/1295 1457/5333/1295
f 1457/5340/1296 1458/5339/1296 1462/5338/1296 1461/5337/1296
f 1466/5344/1297 1465/5343/1297 1464/5342/1297 1463/5341/1297
f 1469/5348/1298 1468/5347/1298 1467/5346/1298 1463/5345/1298
f 1471/5352/1299 1470/5351/1299 1468/5350/1299 1469/5349/1299
f 1453/5356/1300 1454/5355/1300 1470/5354/1300 1471/5353/1300
f 1475/5360/1301 1474/5359/1301 1473/5358/1301 1472/5357/1301
f 1472/5364/1302 1473/5363/1302 1477/5362/1302 1476/5361/1302
f 1480/5368/1303 1479/5367/1303 1432/5366/1303 1478/5365/1303
f 1482/5372/1304 1481/5371/1304 1464/5370/1304 1478/5369/1304
f 1484/5376/1305 1483/5375/1305 1481/5374/1305 1482/5373/1305
f 1486/5380/1306 1485/5379/1306 1483/5378/1306 1484/5377/1306
f 1488/5384/1307 1487/5383/1307 1485/5382/1307 1486/5381/1307
f 1492/5388/1308 1491/5387/1308 1490/5386/1308 1489/5385/1308
f 1489/5392/1309 1490/5391/1309 1494/5390/1309 1493/5389/1309
f 1493/5396/1310 1494/5395/1310 1496/5394/1310 1495/5393/1310
f 1495/5400/1311 1496/5399/1311 1498/5398/1311 1497/5397/1311
f 1500/5404/1312 1499/5403/1312 1467/5402/1312 1497/5401/1312
f 1504/5408/1313 1503/5407/1313 1502/5406/1313 1501/5405/1313
f 1506/5412/1314 1505/5411/1314 1503/5410/1314 1504/5409/1314
f 1434/5416/1315 1488/5415/1315 1486/5414/1315 1428/5413/1315
f 1474/5420/1316 1436/5419/1316 1437/5418/1316 1473/5417/1316
f 1473/5424/1317 1437/5423/1317 1438/5422/1317 1477/5421/1317
f 1479/5428/1318 1439/5427/1318 1431/5426/1318 1432/5425/1318
f 1433/5432/1319 1482/5431/1319 1478/5430/1319 1432/5429/1319
f 1427/5436/1320 1484/5435/1320 1482/5434/1320 1433/5433/1320
f 1428/5440/1321 1486/5439/1321 1484/5438/1321 1427/5437/1321
f 1487/5444/1322 1456/5443/1322 1453/5442/1322 1485/5441/1322
f 1459/5448/1323 1475/5447/1323 1472/5446/1323 1458/5445/1323
f 1458/5452/1324 1472/5451/1324 1476/5450/1324 1462/5449/1324
f 1465/5456/1325 1480/5455/1325 1478/5454/1325 1464/5453/1325
f 1481/5460/1326 1469/5459/1326 1463/5458/1326 1464/5457/1326
f 1483/5464/1327 1471/5463/1327 1469/5462/1327 1481/5461/1327
f 1485/5468/1328 1453/5467/1328 1471/5466/1328 1483/5465/1328
f 1455/5472/1329 1492/5471/1329 1489/5470/1329 1454/5469/1329
f 1505/5476/1330 1460/5475/1330 1457/5474/1330 1503/5473/1330
f 1503/5480/1331 1457/5479/1331 1461/5478/1331 1502/5477/1331
f 1499/5484/1332 1466/5483/1332 1463/5482/1332 1467/5481/1332
f 1468/5488/1333 1495/5487/1333 1497/5486/1333 1467/5485/1333
f 1470/5492/1334 1493/5491/1334 1495/5490/1334 1468/5489/1334
f 1454/5496/1335 1489/5495/1335 1493/5494/1335 1470/5493/1335
f 1491/5500/1336 1447/5499/1336 1448/5498/1336 1490/5497/1336
f 1452/5504/1337 1506/5503/1337 1504/5502/1337 1450/5501/1337
f 1450/5508/1338 1504/5507/1338 1501/5506/1338 1449/5505/1338
f 1451/5512/1339 1500/5511/1339 1497/5510/1339 1498/5509/1339
f 1496/5516/1340 1441/5515/1340 1442/5514/1340 1498/5513/1340
f 1494/5520/1341 1440/5519/1341 1441/5518/1341 1496/5517/1341
f 1490/5524/1342 1448/5523/1342 1440/5522/1342 1494/5521/1342
f 1435/5528/1343 1436/5527/1343 1474/5526/1343 1434/5525/1343
f 1434/5532/1344 1474/5531/1344 1475/5530/1344 1488/5529/1344
f 1488/5536/1345 1475/5535/1345 1459/5534/1345 1487/5533/1345
f 1487/5540/1346 1459/5539/1346 1460/5538/1346 1456/5537/1346
f 1456/5544/1347 1460/5543/1347 1505/5542/1347 1455/5541/1347
f 1455/5548/1348 1505/5547/1348 1506/5546/1348 1492/5545/1348
f 1492/5552/1349 1506/5551/1349 1452/5550/1349 1491/5549/1349
f 1491/5556/1350 1452/5555/1350 1446/5554/1350 1447/5553/1350
f 1480/5560/1351 1476/5559/1351 1477/5558/1351 1479/5557/1351
f 1465/5564/1352 1462/5563/1352 1476/5562/1352 1480/5561/1352
f 1466/5568/1353 1461/5567/1353 1462/5566/1353 1465/5565/1353
f 1499/5572/1354 1502/5571/1354 1461/5570/1354 1466/5569/1354
f 1500/5576/1355 1501/5575/1355 1502/5574/1355 1499/5573/1355
f 1451/5580/1356 1449/5579/1356 1501/5578/1356 1500/5577/1356
f 1451/5584/1357 1498/5583/1357 1442/5582/1357 1443/5581/1357
f 1479/5588/1358 1477/5587/1358 1438/5586/1358 1439/5585/1358
o group441989801
g mesh441989801
usemtl mat20
f 1515/5608/1364 1514/5607/1364 1513/5606/1364 1512/5605/1364
f 1519/5612/1365 1518/5611/1365 1517/5610/1365 1516/5609/1365
f 1513/5616/1366 1519/5615/1366 1516/5614/1366 1512/5613/1366
f 1516/5624/1368 1517/5623/1368 1515/5622/1368 1512/5621/1368
f 1514/5628/1369 1518/5627/1369 1519/5626/1369 1513/5625/1369
usemtl mat21
f 1517/5620/1367 1518/5619/1367 1514/5618/1367 1515/5617/1367
o group1533200203
g mesh1533200203
usemtl mat5
f 1523/5632/1370 1522/5631/1370 1521/5630/1370 1520/5629/1370
f 1527/5636/1371 1526/5635/1371 1525/5634/1371 1524/5633/1371
f 1521/5640/1372 1527/5639/1372 1524/5638/1372 1520/5637/1372
f 1524/5648/1374 1525/5647/1374 1523/5646/1374 1520/5645/1374
f 1522/5652/1375 1526/5651/1375 1527/5650/1375 1521/5649/1375
usemtl mat21
f 1525/5644/1373 1526/5643/1373 1522/5642/1373 1523/5641/1373
o group2085297235
g mesh2085297235
usemtl mat5
f 1531/5656/1376 1530/5655/1376 1529/5654/1376 1528/5653/1376
f 1535/5660/1377 1534/5659/1377 1533/5658/1377 1532/5657/1377
f 1529/5664/1378 1535/5663/1378 1532/5662/1378 1528/5661/1378
f 1532/5672/1380 1533/5671/1380 1531/5670/1380 1528/5669/1380
f 1530/5676/1381 1534/5675/1381 1535/5674/1381 1529/5673/1381
usemtl mat21
f 1533/5668/1379 1534/5667/1379 1530/5666/1379 1531/5665/1379
o group634886533
g mesh634886533
usemtl mat5
f 1539/5680/1382 1538/5679/1382 1537/5678/1382 1536/5677/1382
f 1543/5684/1383 1542/5683/1383 1541/5682/1383 1540/5681/1383
f 1537/5688/1384 1543/5687/1384 1540/5686/1384 1536/5685/1384
f 1540/5696/1386 1541/5695/1386 1539/5694/1386 1536/5693/1386
f 1538/5700/1387 1542/5699/1387 1543/5698/1387 1537/5697/1387
usemtl mat21
f 1541/5692/1385 1542/5691/1385 1538/5690/1385 1539/5689/1385
o group1023818653
g mesh1023818653
usemtl mat5
f 1547/5704/1388 1546/5703/1388 1545/5702/1388 1544/5701/1388
f 1551/5708/1389 1550/5707/1389 1549/5706/1389 1548/5705/1389
f 1545/5712/1390 1551/5711/1390 1548/5710/1390 1544/5709/1390
f 1548/5720/1392 1549/5719/1392 1547/5718/1392 1544/5717/1392
f 1546/5724/1393 1550/5723/1393 1551/5722/1393 1545/5721/1393
usemtl mat21
f 1549/5716/1391 1550/5715/1391 1546/5714/1391 1547/5713/1391
o group1895269739
g mesh1895269739
usemtl mat5
f 1555/5728/1394 1554/5727/1394 1553/5726/1394 1552/5725/1394
f 1559/5732/1395 1558/5731/1395 1557/5730/1395 1556/5729/1395
f 1553/5736/1396 1559/5735/1396 1556/5734/1396 1552/5733/1396
f 1556/5744/1398 1557/5743/1398 1555/5742/1398 1552/5741/1398
f 1554/5748/1399 1558/5747/1399 1559/5746/1399 1553/5745/1399
usemtl mat21
f 1557/5740/1397 1558/5739/1397 1554/5738/1397 1555/5737/1397
o group486381022
g mesh486381022
usemtl mat5
f 1563/5752/1400 1562/5751/1400 1561/5750/1400 1560/5749/1400
f 1567/5756/1401 1566/5755/1401 1565/5754/1401 1564/5753/1401
f 1561/5760/1402 1567/5759/1402 1564/5758/1402 1560/5757/1402
f 1564/5768/1404 1565/5767/1404 1563/5766/1404 1560/5765/1404
f 1562/5772/1405 1566/5771/1405 1567/5770/1405 1561/5769/1405
usemtl mat21
f 1565/5764/1403 1566/5763/1403 1562/5762/1403 1563/5761/1403
o group693226123
g mesh693226123
usemtl mat17
f 1571/5776/1406 1570/5775/1406 1569/5774/1406 1568/5773/1406
f 1575/5780/1407 1574/5779/1407 1573/5778/1407 1572/5777/1407
f 1569/5784/1408 1575/5783/1408 1572/5782/1408 1568/5781/1408
f 1573/5788/1409 1574/5787/1409 1570/5786/1409 1571/5785/1409
f 1572/5792/1410 1573/5791/1410 1571/5790/1410 1568/5789/1410
f 1570/5796/1411 1574/5795/1411 1575/5794/1411 1569/5793/1411
o group13433428
g mesh13433428
usemtl mat5
f 1579/5800/1412 1578/5799/1412 1577/5798/1412 1576/5797/1412
f 1583/5804/1413 1582/5803/1413 1581/5802/1413 1580/5801/1413
f 1577/5808/1414 1583/5807/1414 1580/5806/1414 1576/5805/1414
f 1580/5816/1416 1581/5815/1416 1579/5814/1416 1576/5813/1416
f 1578/5820/1417 1582/5819/1417 1583/5818/1417 1577/5817/1417
usemtl mat21
f 1581/5812/1415 1582/5811/1415 1578/5810/1415 1579/5809/1415
o group747770077
g mesh747770077
usemtl mat5
f 1587/5824/1418 1586/5823/1418 1585/5822/1418 1584/5821/1418
f 1591/5828/1419 1590/5827/1419 1589/5826/1419 1588/5825/1419
f 1585/5832/1420 1591/5831/1420 1588/5830/1420 1584/5829/1420
f 1588/5840/1422 1589/5839/1422 1587/5838/1422 1584/5837/1422
f 1586/5844/1423 1590/5843/1423 1591/5842/1423 1585/5841/1423
usemtl mat21
f 1589/5836/1421 1590/5835/1421 1586/5834/1421 1587/5833/1421
o group1755377577
g mesh1755377577
usemtl mat5
f 1595/5848/1424 1594/5847/1424 1593/5846/1424 1592/5845/1424
f 1599/5852/1425 1598/5851/1425 1597/5850/1425 1596/5849/1425
f 1593/5856/1426 1599/5855/1426 1596/5854/1426 1592/5853/1426
f 1596/5864/1428 1597/5863/1428 1595/5862/1428 1592/5861/1428
f 1594/5868/1429 1598/5867/1429 1599/5866/1429 1593/5865/1429
usemtl mat21
f 1597/5860/1427 1598/5859/1427 1594/5858/1427 1595/5857/1427
o group394304578
g mesh394304578
usemtl mat17
f 1603/5872/1430 1602/5871/1430 1601/5870/1430 1600/5869/1430
f 1607/5876/1431 1606/5875/1431 1605/5874/1431 1604/5873/1431
f 1601/5880/1432 1607/5879/1432 1604/5878/1432 1600/5877/1432
f 1605/5884/1433 1606/5883/1433 1602/5882/1433 1603/5881/1433
f 1604/5888/1434 1605/5887/1434 1603/5886/1434 1600/5885/1434
f 1602/5892/1435 1606/5891/1435 1607/5890/1435 1601/5889/1435
o group1148249337
g mesh1148249337
usemtl mat15
f 1611/5896/1436 1610/5895/1436 1609/5894/1436 1608/5893/1436
f 1609/5904/1438 1616/5903/1438 1612/5902/1438 1608/5901/1438
f 1613/5908/1439 1617/5907/1439 1610/5906/1439 1611/5905/1439
f 1612/5912/1440 1613/5911/1440 1611/5910/1440 1608/5909/1440
f 1610/5916/1441 1617/5915/1441 1616/5914/1441 1609/5913/1441
usemtl mat20
f 1615/5900/1437 1614/5899/1437 1613/5898/1437 1612/5897/1437
f 1615/5920/1442 1616/5919/1442 1617/5918/1442 1614/5917/1442
f 1613/5923/1443 1614/5922/1443 1617/5921/1443
f 1616/5926/1444 1615/5925/1444 1612/5924/1444
o group2072235421
g mesh2072235421
usemtl mat17
f 1621/5930/1445 1620/5929/1445 1619/5928/1445 1618/5927/1445
f 1625/5934/1446 1624/5933/1446 1623/5932/1446 1622/5931/1446
f 1619/5938/1447 1625/5937/1447 1622/5936/1447 1618/5935/1447
f 1623/5942/1448 1624/5941/1448 1620/5940/1448 1621/5939/1448
f 1622/5946/1449 1623/5945/1449 1621/5944/1449 1618/5943/1449
f 1620/5950/1450 1624/5949/1450 1625/5948/1450 1619/5947/1450
o group381120477
g mesh381120477
usemtl mat17
f 1629/5954/1451 1628/5953/1451 1627/5952/1451 1626/5951/1451
f 1633/5958/1452 1632/5957/1452 1631/5956/1452 1630/5955/1452
f 1627/5962/1453 1633/5961/1453 1630/5960/1453 1626/5959/1453
f 1631/5966/1454 1632/5965/1454 1628/5964/1454 1629/5963/1454
f 1630/5970/1455 1631/5969/1455 1629/5968/1455 1626/5967/1455
f 1628/5974/1456 1632/5973/1456 1633/5972/1456 1627/5971/1456
o group305972276
g mesh305972276
usemtl mat17
f 1637/5978/1457 1636/5977/1457 1635/5976/1457 1634/5975/1457
f 1641/5982/1458 1640/5981/1458 1639/5980/1458 1638/5979/1458
f 1635/5986/1459 1641/5985/1459 1638/5984/1459 1634/5983/1459
f 1639/5990/1460 1640/5989/1460 1636/5988/1460 1637/5987/1460
f 1638/5994/1461 1639/5993/1461 1637/5992/1461 1634/5991/1461
f 1636/5998/1462 1640/5997/1462 1641/5996/1462 1635/5995/1462
o group411193827
g mesh411193827
usemtl mat17
f 1645/6002/1463 1644/6001/1463 1643/6000/1463 1642/5999/1463
f 1649/6006/1464 1648/6005/1464 1647/6004/1464 1646/6003/1464
f 1643/6010/1465 1649/6009/1465 1646/6008/1465 1642/6007/1465
f 1647/6014/1466 1648/6013/1466 1644/6012/1466 1645/6011/1466
f 1646/6018/1467 1647/6017/1467 1645/6016/1467 1642/6015/1467
f 1644/6022/1468 1648/6021/1468 1649/6020/1468 1643/6019/1468
o group1914318900
g mesh1914318900
usemtl mat3
f 1716/6250/1522 1715/6249/1522 1714/6248/1522 1713/6247/1522
f 1720/6254/1523 1719/6253/1523 1718/6252/1523 1717/6251/1523
f 1717/6265/1526 1718/6264/1526 1716/6263/1526 1713/6262/1526
f 1715/6269/1527 1719/6268/1527 1720/6267/1527 1714/6266/1527
usemtl mat21
f 1714/6258/1524 1720/6257/1524 1717/6256/1524 1713/6255/1524
f 1718/6261/1525 1721/6260/1525 1716/6259/1525
f 1721/6272/1528 1715/6271/1528 1716/6270/1528
f 1721/6275/1529 1719/6274/1529 1715/6273/1529
f 1718/6278/1530 1719/6277/1530 1721/6276/1530
o group1589297463
g mesh1589297463
usemtl mat21
f 1725/6282/1531 1724/6281/1531 1723/6280/1531 1722/6279/1531
f 1723/6300/1533 1739/6299/1533 1738/6298/1533 1737/6297/1533 1736/6296/1533 1735/6295/1533 1734/6294/1533 1726/6293/1533 1722/6292/1533
f 1727/6304/1534 1728/6303/1534 1741/6302/1534 1740/6301/1534
f 1746/6320/1538 1745/6319/1538 1739/6318/1538 1723/6317/1538
f 1748/6324/1539 1747/6323/1539 1736/6322/1539 1737/6321/1539
f 1730/6332/1541 1731/6331/1541 1743/6330/1541 1744/6329/1541
f 1732/6336/1542 1733/6335/1542 1742/6334/1542 1750/6333/1542
f 1731/6340/1543 1732/6339/1543 1750/6338/1543 1743/6337/1543
f 1728/6344/1544 1729/6343/1544 1749/6342/1544 1741/6341/1544
f 1729/6348/1545 1730/6347/1545 1744/6346/1545 1749/6345/1545
f 1751/6356/1547 1752/6355/1547 1741/6354/1547 1749/6353/1547
f 1753/6372/1551 1754/6371/1551 1740/6370/1551 1741/6369/1551
f 1756/6384/1554 1755/6383/1554 1735/6382/1554 1736/6381/1554
f 1747/6388/1555 1757/6387/1555 1750/6386/1555 1736/6385/1555
f 1757/6392/1556 1758/6391/1556 1743/6390/1556 1750/6389/1556
f 1759/6408/1560 1760/6407/1560 1750/6406/1560 1742/6405/1560
f 1760/6412/1561 1756/6411/1561 1736/6410/1561 1750/6409/1561
usemtl mat3
f 1734/6291/1532 1733/6290/1532 1732/6289/1532 1731/6288/1532 1730/6287/1532 1729/6286/1532 1728/6285/1532 1727/6284/1532 1726/6283/1532
f 1726/6308/1535 1727/6307/1535 1740/6306/1535 1722/6305/1535
f 1742/6312/1536 1733/6311/1536 1734/6310/1536 1735/6309/1536
f 1744/6316/1537 1743/6315/1537 1737/6314/1537 1738/6313/1537
f 1749/6328/1540 1744/6327/1540 1738/6326/1540 1739/6325/1540
f 1745/6352/1546 1751/6351/1546 1749/6350/1546 1739/6349/1546
f 1752/6360/1548 1746/6359/1548 1723/6358/1548 1741/6357/1548
f 1752/6364/1549 1751/6363/1549 1745/6362/1549 1746/6361/1549
f 1724/6368/1550 1753/6367/1550 1741/6366/1550 1723/6365/1550
f 1754/6376/1552 1725/6375/1552 1722/6374/1552 1740/6373/1552
f 1754/6380/1553 1753/6379/1553 1724/6378/1553 1725/6377/1553
f 1758/6396/1557 1748/6395/1557 1737/6394/1557 1743/6393/1557
f 1758/6400/1558 1757/6399/1558 1747/6398/1558 1748/6397/1558
f 1755/6404/1559 1759/6403/1559 1742/6402/1559 1735/6401/1559
f 1760/6416/1562 1759/6415/1562 1755/6414/1562 1756/6413/1562
o group149046089
g mesh149046089
usemtl mat21
f 1764/6420/1563 1763/6419/1563 1762/6418/1563 1761/6417/1563
f 1762/6438/1565 1778/6437/1565 1777/6436/1565 1776/6435/1565 1775/6434/1565 1774/6433/1565 1773/6432/1565 1765/6431/1565 1761/6430/1565
f 1766/6442/1566 1767/6441/1566 1780/6440/1566 1779/6439/1566
f 1785/6458/1570 1784/6457/1570 1778/6456/1570 1762/6455/1570
f 1787/6462/1571 1786/6461/1571 1775/6460/1571 1776/6459/1571
f 1769/6470/1573 1770/6469/1573 1782/6468/1573 1783/6467/1573
f 1771/6474/1574 1772/6473/1574 1781/6472/1574 1789/6471/1574
f 1770/6478/1575 1771/6477/1575 1789/6476/1575 1782/6475/1575
f 1767/6482/1576 1768/6481/1576 1788/6480/1576 1780/6479/1576
f 1768/6486/1577 1769/6485/1577 1783/6484/1577 1788/6483/1577
f 1790/6494/1579 1791/6493/1579 1780/6492/1579 1788/6491/1579
f 1791/6498/1580 1785/6497/1580 1762/6496/1580 1780/6495/1580
f 1763/6506/1582 1792/6505/1582 1780/6504/1582 1762/6503/1582
f 1792/6510/1583 1793/6509/1583 1779/6508/1583 1780/6507/1583
f 1795/6522/1586 1794/6521/1586 1774/6520/1586 1775/6519/1586
f 1786/6526/1587 1796/6525/1587 1789/6524/1587 1775/6523/1587
f 1796/6530/1588 1797/6529/1588 1782/6528/1588 1789/6527/1588
f 1798/6546/1592 1799/6545/1592 1789/6544/1592 1781/6543/1592
f 1799/6550/1593 1795/6549/1593 1775/6548/1593 1789/6547/1593
usemtl mat5
f 1773/6429/1564 1772/6428/1564 1771/6427/1564 1770/6426/1564 1769/6425/1564 1768/6424/1564 1767/6423/1564 1766/6422/1564 1765/6421/1564
f 1765/6446/1567 1766/6445/1567 1779/6444/1567 1761/6443/1567
f 1781/6450/1568 1772/6449/1568 1773/6448/1568 1774/6447/1568
f 1783/6454/1569 1782/6453/1569 1776/6452/1569 1777/6451/1569
f 1788/6466/1572 1783/6465/1572 1777/6464/1572 1778/6463/1572
f 1784/6490/1578 1790/6489/1578 1788/6488/1578 1778/6487/1578
f 1791/6502/1581 1790/6501/1581 1784/6500/1581 1785/6499/1581
f 1793/6514/1584 1764/6513/1584 1761/6512/1584 1779/6511/1584
f 1793/6518/1585 1792/6517/1585 1763/6516/1585 1764/6515/1585
f 1797/6534/1589 1787/6533/1589 1776/6532/1589 1782/6531/1589
f 1797/6538/1590 1796/6537/1590 1786/6536/1590 1787/6535/1590
f 1794/6542/1591 1798/6541/1591 1781/6540/1591 1774/6539/1591
f 1799/6554/1594 1798/6553/1594 1794/6552/1594 1795/6551/1594
o group209975484
g mesh209975484
usemtl mat21
f 1803/6558/1595 1802/6557/1595 1801/6556/1595 1800/6555/1595
f 1801/6576/1597 1817/6575/1597 1816/6574/1597 1815/6573/1597 1814/6572/1597 1813/6571/1597 1812/6570/1597 1804/6569/1597 1800/6568/1597
f 1805/6580/1598 1806/6579/1598 1819/6578/1598 1818/6577/1598
f 1824/6596/1602 1823/6595/1602 1817/6594/1602 1801/6593/1602
f 1826/6600/1603 1825/6599/1603 1814/6598/1603 1815/6597/1603
f 1808/6608/1605 1809/6607/1605 1821/6606/1605 1822/6605/1605
f 1810/6612/1606 1811/6611/1606 1820/6610/1606 1828/6609/1606
f 1809/6616/1607 1810/6615/1607 1828/6614/1607 1821/6613/1607
f 1806/6620/1608 1807/6619/1608 1827/6618/1608 1819/6617/1608
f 1807/6624/1609 1808/6623/1609 1822/6622/1609 1827/6621/1609
f 1829/6632/1611 1830/6631/1611 1819/6630/1611 1827/6629/1611
f 1830/6636/1612 1824/6635/1612 1801/6634/1612 1819/6633/1612
f 1802/6644/1614 1831/6643/1614 1819/6642/1614 1801/6641/1614
f 1831/6648/1615 1832/6647/1615 1818/6646/1615 1819/6645/1615
f 1834/6660/1618 1833/6659/1618 1813/6658/1618 1814/6657/1618
f 1825/6664/1619 1835/6663/1619 1828/6662/1619 1814/6661/1619
f 1835/6668/1620 1836/6667/1620 1821/6666/1620 1828/6665/1620
f 1837/6684/1624 1838/6683/1624 1828/6682/1624 1820/6681/1624
f 1838/6688/1625 1834/6687/1625 1814/6686/1625 1828/6685/1625
usemtl mat12
f 1812/6567/1596 1811/6566/1596 1810/6565/1596 1809/6564/1596 1808/6563/1596 1807/6562/1596 1806/6561/1596 1805/6560/1596 1804/6559/1596
f 1804/6584/1599 1805/6583/1599 1818/6582/1599 1800/6581/1599
f 1820/6588/1600 1811/6587/1600 1812/6586/1600 1813/6585/1600
f 1822/6592/1601 1821/6591/1601 1815/6590/1601 1816/6589/1601
f 1827/6604/1604 1822/6603/1604 1816/6602/1604 1817/6601/1604
f 1823/6628/1610 1829/6627/1610 1827/6626/1610 1817/6625/1610
f 1830/6640/1613 1829/6639/1613 1823/6638/1613 1824/6637/1613
f 1832/6652/1616 1803/6651/1616 1800/6650/1616 1818/6649/1616
f 1832/6656/1617 1831/6655/1617 1802/6654/1617 1803/6653/1617
f 1836/6672/1621 1826/6671/1621 1815/6670/1621 1821/6669/1621
f 1836/6676/1622 1835/6675/1622 1825/6674/1622 1826/6673/1622
f 1833/6680/1623 1837/6679/1623 1820/6678/1623 1813/6677/1623
f 1838/6692/1626 1837/6691/1626 1833/6690/1626 1834/6689/1626
o group1367155909
g mesh1367155909
usemtl mat18
f 1842/6696/1627 1841/6695/1627 1840/6694/1627 1839/6693/1627
f 1846/6700/1628 1845/6699/1628 1844/6698/1628 1843/6697/1628
f 1843/6718/1631 1844/6717/1631 1842/6716/1631 1839/6715/1631
f 1854/6722/1632 1853/6721/1632 1849/6720/1632 1850/6719/1632
f 1856/6746/1638 1854/6745/1638 1850/6744/1638 1851/6743/1638
f 1847/6750/1639 1848/6749/1639 1859/6748/1639 1866/6747/1639
f 1846/6754/1640 1847/6753/1640 1866/6752/1640 1845/6751/1640
f 1848/6758/1641 1849/6757/1641 1853/6756/1641 1859/6755/1641
f 1868/6762/1642 1867/6761/1642 1859/6760/1642 1856/6759/1642
f 1867/6766/1643 1869/6765/1643 1866/6764/1643 1859/6763/1643
f 1872/6774/1645 1871/6773/1645 1868/6772/1645 1870/6771/1645
f 1873/6782/1647 1875/6781/1647 1845/6780/1647 1866/6779/1647
f 1875/6786/1648 1876/6785/1648 1841/6784/1648 1845/6783/1648
f 1878/6790/1649 1877/6789/1649 1874/6788/1649 1876/6787/1649
f 1857/6794/1650 1879/6793/1650 1868/6792/1650 1856/6791/1650
f 1880/6806/1653 1879/6805/1653 1857/6804/1653 1858/6803/1653
f 1882/6818/1656 1861/6817/1656 1841/6816/1656 1876/6815/1656
f 1882/6822/1657 1881/6821/1657 1860/6820/1657 1861/6819/1657
f 1883/6830/1659 1884/6829/1659 1841/6828/1659 1855/6827/1659
f 1884/6834/1660 1865/6833/1660 1840/6832/1660 1841/6831/1660
f 1884/6838/1661 1883/6837/1661 1864/6836/1661 1865/6835/1661
f 1862/6842/1662 1885/6841/1662 1856/6840/1662 1851/6839/1662
f 1886/6854/1665 1885/6853/1665 1862/6852/1665 1863/6851/1665
f 1887/6862/1667 1888/6861/1667 1875/6860/1667 1873/6859/1667
f 1888/6866/1668 1878/6865/1668 1876/6864/1668 1875/6863/1668
f 1871/6874/1670 1889/6873/1670 1867/6872/1670 1868/6871/1670
f 1889/6878/1671 1890/6877/1671 1869/6876/1671 1867/6875/1671
usemtl mat21
f 1840/6710/1629 1852/6709/1629 1851/6708/1629 1850/6707/1629 1849/6706/1629 1848/6705/1629 1847/6704/1629 1846/6703/1629 1843/6702/1629 1839/6701/1629
f 1844/6714/1630 1845/6713/1630 1841/6712/1630 1842/6711/1630
f 1858/6726/1633 1857/6725/1633 1856/6724/1633 1855/6723/1633
f 1859/6730/1634 1853/6729/1634 1854/6728/1634 1856/6727/1634
f 1861/6734/1635 1860/6733/1635 1855/6732/1635 1841/6731/1635
f 1863/6738/1636 1862/6737/1636 1851/6736/1636 1852/6735/1636
f 1865/6742/1637 1864/6741/1637 1852/6740/1637 1840/6739/1637
f 1869/6770/1644 1870/6769/1644 1855/6768/1644 1866/6767/1644
f 1874/6778/1646 1873/6777/1646 1866/6776/1646 1855/6775/1646
f 1879/6798/1651 1880/6797/1651 1870/6796/1651 1868/6795/1651
f 1880/6802/1652 1858/6801/1652 1855/6800/1652 1870/6799/1652
f 1860/6810/1654 1881/6809/1654 1874/6808/1654 1855/6807/1654
f 1881/6814/1655 1882/6813/1655 1876/6812/1655 1874/6811/1655
f 1864/6826/1658 1883/6825/1658 1855/6824/1658 1852/6823/1658
f 1885/6846/1663 1886/6845/1663 1855/6844/1663 1856/6843/1663
f 1886/6850/1664 1863/6849/1664 1852/6848/1664 1855/6847/1664
f 1877/6858/1666 1887/6857/1666 1873/6856/1666 1874/6855/1666
f 1888/6870/1669 1887/6869/1669 1877/6868/1669 1878/6867/1669
f 1890/6882/1672 1872/6881/1672 1870/6880/1672 1869/6879/1672
f 1890/6886/1673 1889/6885/1673 1871/6884/1673 1872/6883/1673
o group368050660
g mesh368050660
usemtl mat21
f 1894/6890/1674 1893/6889/1674 1892/6888/1674 1891/6887/1674
f 1892/6898/1676 1898/6897/1676 1895/6896/1676 1891/6895/1676
f 1896/6901/1677 1899/6900/1677 1894/6899/1677
f 1899/6912/1680 1893/6911/1680 1894/6910/1680
f 1899/6915/1681 1897/6914/1681 1893/6913/1681
f 1896/6918/1682 1897/6917/1682 1899/6916/1682
usemtl mat19
f 1898/6894/1675 1897/6893/1675 1896/6892/1675 1895/6891/1675
f 1895/6905/1678 1896/6904/1678 1894/6903/1678 1891/6902/1678
f 1893/6909/1679 1897/6908/1679 1898/6907/1679 1892/6906/1679
o group308963709
g mesh308963709
usemtl mat10
f 1903/6922/1683 1902/6921/1683 1901/6920/1683 1900/6919/1683
f 1907/6926/1684 1906/6925/1684 1905/6924/1684 1904/6923/1684
f 1904/6938/1687 1905/6937/1687 1903/6936/1687 1900/6935/1687
f 1902/6942/1688 1906/6941/1688 1907/6940/1688 1901/6939/1688
usemtl mat21
f 1901/6930/1685 1907/6929/1685 1904/6928/1685 1900/6927/1685
f 1905/6934/1686 1906/6933/1686 1902/6932/1686 1903/6931/1686
o group500483907
g mesh500483907
usemtl mat9
f 1911/6946/1689 1910/6945/1689 1909/6944/1689 1908/6943/1689
f 1915/6950/1690 1914/6949/1690 1913/6948/1690 1912/6947/1690
f 1910/6966/1694 1914/6965/1694 1915/6964/1694 1909/6963/1694
usemtl mat21
f 1909/6954/1691 1915/6953/1691 1912/6952/1691 1908/6951/1691
f 1913/6958/1692 1914/6957/1692 1910/6956/1692 1911/6955/1692
f 1912/6962/1693 1913/6961/1693 1911/6960/1693 1908/6959/1693
o group748734138
g mesh748734138
usemtl mat18
f 1919/6970/1695 1918/6969/1695 1917/6968/1695 1916/6967/1695
f 1924/6987/1699 1928/6986/1699 1927/6985/1699 1919/6984/1699 1916/6983/1699
f 1918/6992/1700 1926/6991/1700 1929/6990/1700 1925/6989/1700 1917/6988/1700
f 1936/7001/1702 1935/7000/1702 1934/6999/1702 1932/6998/1702 1933/6997/1702
f 1930/7010/1704 1931/7009/1704 1939/7008/1704 1937/7007/1704 1938/7006/1704
f 1924/7019/1706 1936/7018/1706 1933/7017/1706 1941/7016/1706 1928/7015/1706
f 1929/7028/1708 1940/7027/1708 1930/7026/1708 1938/7025/1708 1925/7024/1708
f 1935/7037/1710 1920/7036/1710 1921/7035/1710 1943/7034/1710 1934/7033/1710
f 1939/7046/1712 1942/7045/1712 1922/7044/1712 1923/7043/1712 1937/7042/1712
usemtl mat21
f 1923/6974/1696 1922/6973/1696 1921/6972/1696 1920/6971/1696
f 1917/6978/1697 1925/6977/1697 1924/6976/1697 1916/6975/1697
f 1927/6982/1698 1926/6981/1698 1918/6980/1698 1919/6979/1698
f 1933/6996/1701 1932/6995/1701 1931/6994/1701 1930/6993/1701
f 1938/7005/1703 1937/7004/1703 1935/7003/1703 1936/7002/1703
f 1928/7014/1705 1941/7013/1705 1940/7012/1705 1929/7011/1705
f 1925/7023/1707 1938/7022/1707 1936/7021/1707 1924/7020/1707
f 1934/7032/1709 1943/7031/1709 1942/7030/1709 1939/7029/1709
f 1937/7041/1711 1923/7040/1711 1920/7039/1711 1935/7038/1711
f 1932/7050/1713 1934/7049/1713 1939/7048/1713 1931/7047/1713
f 1941/7054/1714 1933/7053/1714 1930/7052/1714 1940/7051/1714
f 1927/7058/1715 1928/7057/1715 1929/7056/1715 1926/7055/1715
f 1943/7062/1716 1921/7061/1716 1922/7060/1716 1942/7059/1716
o group57321760
g mesh57321760
usemtl mat9
f 1947/7066/1717 1946/7065/1717 1945/7064/1717 1944/7063/1717
f 1951/7070/1718 1950/7069/1718 1949/7068/1718 1948/7067/1718
f 1948/7082/1721 1949/7081/1721 1947/7080/1721 1944/7079/1721
f 1946/7086/1722 1950/7085/1722 1951/7084/1722 1945/7083/1722
usemtl mat21
f 1945/7074/1719 1951/7073/1719 1948/7072/1719 1944/7071/1719
f 1949/7078/1720 1950/7077/1720 1946/7076/1720 1947/7075/1720
o group1978860707
g mesh1978860707
usemtl mat20
f 1955/7090/1723 1954/7089/1723 1953/7088/1723 1952/7087/1723
f 1959/7094/1724 1958/7093/1724 1957/7092/1724 1956/7091/1724
f 1956/7106/1727 1957/7105/1727 1955/7104/1727 1952/7103/1727
f 1954/7110/1728 1958/7109/1728 1959/7108/1728 1953/7107/1728
usemtl mat21
f 1953/7098/1725 1959/7097/1725 1956/7096/1725 1952/7095/1725
f 1957/7102/1726 1958/7101/1726 1954/7100/1726 1955/7099/1726
o group270291541
g mesh270291541
usemtl mat10
f 1963/7114/1729 1962/7113/1729 1961/7112/1729 1960/7111/1729
f 1967/7118/1730 1966/7117/1730 1965/7116/1730 1964/7115/1730
f 1964/7129/1733 1965/7128/1733 1963/7127/1733 1960/7126/1733
f 1962/7133/1734 1966/7132/1734 1967/7131/1734 1961/7130/1734
usemtl mat21
f 1961/7122/1731 1967/7121/1731 1964/7120/1731 1960/7119/1731
f 1965/7125/1732 1968/7124/1732 1963/7123/1732
f 1968/7136/1735 1962/7135/1735 1963/7134/1735
f 1968/7139/1736 1966/7138/1736 1962/7137/1736
f 1965/7142/1737 1966/7141/1737 1968/7140/1737
o group1236667903
g mesh1236667903
usemtl mat4
f 1972/7146/1738 1971/7145/1738 1970/7144/1738 1969/7143/1738
f 1976/7150/1739 1975/7149/1739 1974/7148/1739 1973/7147/1739
f 1973/7161/1742 1974/7160/1742 1972/7159/1742 1969/7158/1742
f 1971/7165/1743 1975/7164/1743 1976/7163/1743 1970/7162/1743
usemtl mat21
f 1970/7154/1740 1976/7153/1740 1973/7152/1740 1969/7151/1740
f 1974/7157/1741 1977/7156/1741 1972/7155/1741
f 1977/7168/1744 1971/7167/1744 1972/7166/1744
f 1977/7171/1745 1975/7170/1745 1971/7169/1745
f 1974/7174/1746 1975/7173/1746 1977/7172/1746
o group984249092
g mesh984249092
usemtl mat16
f 1982/7179/1747 1981/7178/1747 1980/7177/1747 1979/7176/1747 1978/7175/1747
f 1987/7184/1748 1986/7183/1748 1985/7182/1748 1984/7181/1748 1983/7180/1748
f 1983/7196/1751 1984/7195/1751 1982/7194/1751 1978/7193/1751
f 1980/7200/1752 1986/7199/1752 1987/7198/1752 1979/7197/1752
usemtl mat21
f 1979/7188/1749 1987/7187/1749 1983/7186/1749 1978/7185/1749
f 1984/7192/1750 1985/7191/1750 1981/7190/1750 1982/7189/1750
f 1985/7204/1753 1986/7203/1753 1980/7202/1753 1981/7201/1753
o group713317902
g mesh713317902
usemtl mat20
f 1991/7208/1754 1990/7207/1754 1989/7206/1754 1988/7205/1754
f 1995/7212/1755 1994/7211/1755 1993/7210/1755 1992/7209/1755
f 1989/7216/1756 1995/7215/1756 1992/7214/1756 1988/7213/1756
f 1992/7224/1758 1993/7223/1758 1991/7222/1758 1988/7221/1758
f 1990/7228/1759 1994/7227/1759 1995/7226/1759 1989/7225/1759
usemtl mat21
f 1993/7220/1757 1994/7219/1757 1990/7218/1757 1991/7217/1757
o group592530000
g mesh592530000
usemtl mat3
f 2001/7234/1760 2000/7233/1760 1999/7232/1760 1998/7231/1760 1997/7230/1760 1996/7229/1760
f 2007/7240/1761 2006/7239/1761 2005/7238/1761 2004/7237/1761 2003/7236/1761 2002/7235/1761
f 2010/7251/1764 2009/7250/1764 2001/7249/1764 1996/7248/1764
f 1998/7255/1765 2006/7254/1765 2007/7253/1765 1997/7252/1765
f 2004/7259/1766 2005/7258/1766 1999/7257/1766 2000/7256/1766
f 2012/7263/1767 2011/7262/1767 2000/7261/1767 2001/7260/1767
f 2013/7271/1769 2014/7270/1769 2003/7269/1769 2004/7268/1769
f 2014/7275/1770 2012/7274/1770 2001/7273/1770 2003/7272/1770
f 2014/7279/1771 2013/7278/1771 2011/7277/1771 2012/7276/1771
f 2009/7283/1772 2015/7282/1772 2003/7281/1772 2001/7280/1772
f 2015/7287/1773 2016/7286/1773 2002/7285/1773 2003/7284/1773
f 2016/7291/1774 2010/7290/1774 1996/7289/1774 2002/7288/1774
f 2016/7295/1775 2015/7294/1775 2009/7293/1775 2010/7292/1775
usemtl mat20
f 1997/7244/1762 2007/7243/1762 2002/7242/1762 1996/7241/1762
usemtl mat21
f 2005/7247/1763 2008/7246/1763 1999/7245/1763
f 2011/7267/1768 2013/7266/1768 2004/7265/1768 2000/7264/1768
f 2008/7298/1776 1998/7297/1776 1999/7296/1776
f 2008/7301/1777 2006/7300/1777 1998/7299/1777
f 2005/7304/1778 2006/7303/1778 2008/7302/1778
o group308072958
g mesh308072958
usemtl mat16
f 2021/7309/1779 2020/7308/1779 2019/7307/1779 2018/7306/1779 2017/7305/1779
f 2026/7314/1780 2025/7313/1780 2024/7312/1780 2023/7311/1780 2022/7310/1780
f 2022/7326/1783 2023/7325/1783 2021/7324/1783 2017/7323/1783
f 2019/7330/1784 2025/7329/1784 2026/7328/1784 2018/7327/1784
usemtl mat21
f 2018/7318/1781 2026/7317/1781 2022/7316/1781 2017/7315/1781
f 2023/7322/1782 2024/7321/1782 2020/7320/1782 2021/7319/1782
f 2024/7334/1785 2025/7333/1785 2019/7332/1785 2020/7331/1785
o group1735703239
g mesh1735703239
usemtl mat16
f 2031/7339/1786 2030/7338/1786 2029/7337/1786 2028/7336/1786 2027/7335/1786
f 2036/7344/1787 2035/7343/1787 2034/7342/1787 2033/7341/1787 2032/7340/1787
f 2032/7356/1790 2033/7355/1790 2031/7354/1790 2027/7353/1790
f 2029/7360/1791 2035/7359/1791 2036/7358/1791 2028/7357/1791
usemtl mat21
f 2028/7348/1788 2036/7347/1788 2032/7346/1788 2027/7345/1788
f 2033/7352/1789 2034/7351/1789 2030/7350/1789 2031/7349/1789
f 2034/7364/1792 2035/7363/1792 2029/7362/1792 2030/7361/1792
o group721168951
g mesh721168951
usemtl mat13
f 2041/7369/1793 2040/7368/1793 2039/7367/1793 2038/7366/1793 2037/7365/1793
f 2046/7374/1794 2045/7373/1794 2044/7372/1794 2043/7371/1794 2042/7370/1794
f 2042/7386/1797 2043/7385/1797 2041/7384/1797 2037/7383/1797
f 2039/7390/1798 2045/7389/1798 2046/7388/1798 2038/7387/1798
usemtl mat21
f 2038/7378/1795 2046/7377/1795 2042/7376/1795 2037/7375/1795
f 2043/7382/1796 2044/7381/1796 2040/7380/1796 2041/7379/1796
f 2044/7394/1799 2045/7393/1799 2039/7392/1799 2040/7391/1799
o group608434854
g mesh608434854
usemtl mat13
f 2051/7399/1800 2050/7398/1800 2049/7397/1800 2048/7396/1800 2047/7395/1800
f 2056/7404/1801 2055/7403/1801 2054/7402/1801 2053/7401/1801 2052/7400/1801
f 2052/7416/1804 2053/7415/1804 2051/7414/1804 2047/7413/1804
f 2049/7420/1805 2055/7419/1805 2056/7418/1805 2048/7417/1805
usemtl mat21
f 2048/7408/1802 2056/7407/1802 2052/7406/1802 2047/7405/1802
f 2053/7412/1803 2054/7411/1803 2050/7410/1803 2051/7409/1803
f 2054/7424/1806 2055/7423/1806 2049/7422/1806 2050/7421/1806
o group1862259937
g mesh1862259937
usemtl mat13
f 2061/7429/1807 2060/7428/1807 2059/7427/1807 2058/7426/1807 2057/7425/1807
f 2066/7434/1808 2065/7433/1808 2064/7432/1808 2063/7431/1808 2062/7430/1808
f 2062/7446/1811 2063/7445/1811 2061/7444/1811 2057/7443/1811
f 2059/7450/1812 2065/7449/1812 2066/7448/1812 2058/7447/1812
usemtl mat21
f 2058/7438/1809 2066/7437/1809 2062/7436/1809 2057/7435/1809
f 2063/7442/1810 2064/7441/1810 2060/7440/1810 2061/7439/1810
f 2064/7454/1813 2065/7453/1813 2059/7452/1813 2060/7451/1813
o group334606726
g mesh334606726
usemtl mat21
f 2070/7458/1814 2069/7457/1814 2068/7456/1814 2067/7455/1814
f 2074/7462/1815 2073/7461/1815 2072/7460/1815 2071/7459/1815
f 2068/7466/1816 2074/7465/1816 2071/7464/1816 2067/7463/1816
f 2072/7469/1817 2075/7468/1817 2070/7467/1817
f 2075/7480/1820 2069/7479/1820 2070/7478/1820
f 2075/7483/1821 2073/7482/1821 2069/7481/1821
f 2072/7486/1822 2073/7485/1822 2075/7484/1822
usemtl mat19
f 2071/7473/1818 2072/7472/1818 2070/7471/1818 2067/7470/1818
f 2069/7477/1819 2073/7476/1819 2074/7475/1819 2068/7474/1819
o group1161448215
g mesh1161448215
usemtl mat19
f 2079/7490/1823 2078/7489/1823 2077/7488/1823 2076/7487/1823
f 2080/7505/1827 2081/7504/1827 2079/7503/1827 2076/7502/1827
f 2078/7509/1828 2082/7508/1828 2083/7507/1828 2077/7506/1828
usemtl mat21
f 2083/7494/1824 2082/7493/1824 2081/7492/1824 2080/7491/1824
f 2077/7498/1825 2083/7497/1825 2080/7496/1825 2076/7495/1825
f 2081/7501/1826 2084/7500/1826 2079/7499/1826
f 2084/7512/1829 2078/7511/1829 2079/7510/1829
f 2084/7515/1830 2082/7514/1830 2078/7513/1830
f 2081/7518/1831 2082/7517/1831 2084/7516/1831
o group380869932
g mesh380869932
usemtl mat20
f 2088/7522/1832 2087/7521/1832 2086/7520/1832 2085/7519/1832
f 2095/7529/1833 2094/7528/1833 2093/7527/1833 2092/7526/1833 2091/7525/1833 2090/7524/1833 2089/7523/1833
f 2086/7536/1834 2098/7535/1834 2097/7534/1834 2096/7533/1834 2095/7532/1834 2089/7531/1834 2085/7530/1834
f 2089/7546/1836 2090/7545/1836 2099/7544/1836 2085/7543/1836
f 2103/7550/1837 2094/7549/1837 2095/7548/1837 2096/7547/1837
f 2107/7554/1838 2106/7553/1838 2105/7552/1838 2104/7551/1838
f 2111/7564/1840 2110/7563/1840 2104/7562/1840 2100/7561/1840
f 2114/7576/1843 2113/7575/1843 2097/7574/1843 2098/7573/1843
f 2116/7580/1844 2115/7579/1844 2098/7578/1844 2086/7577/1844
f 2118/7584/1845 2117/7583/1845 2096/7582/1845 2097/7581/1845
f 2120/7588/1846 2119/7587/1846 2108/7586/1846 2109/7585/1846
f 2123/7592/1847 2122/7591/1847 2112/7590/1847 2121/7589/1847
f 2119/7596/1848 2124/7595/1848 2112/7594/1848 2108/7593/1848
f 2124/7600/1849 2125/7599/1849 2121/7598/1849 2112/7597/1849
f 2125/7604/1850 2120/7603/1850 2109/7602/1850 2121/7601/1850
f 2122/7612/1852 2126/7611/1852 2102/7610/1852 2112/7609/1852
f 2126/7616/1853 2127/7615/1853 2101/7614/1853 2102/7613/1853
f 2127/7620/1854 2123/7619/1854 2121/7618/1854 2101/7617/1854
f 2129/7628/1856 2128/7627/1856 2101/7626/1856 2121/7625/1856
f 2128/7632/1857 2130/7631/1857 2100/7630/1857 2101/7629/1857
f 2133/7640/1859 2132/7639/1859 2109/7638/1859 2105/7637/1859
f 2132/7644/1860 2134/7643/1860 2121/7642/1860 2109/7641/1860
f 2134/7648/1861 2135/7647/1861 2104/7646/1861 2121/7645/1861
f 2106/7656/1863 2136/7655/1863 2133/7654/1863 2105/7653/1863
f 2137/7664/1865 2107/7663/1865 2104/7662/1865 2135/7661/1865
f 2137/7668/1866 2136/7667/1866 2106/7666/1866 2107/7665/1866
f 2113/7672/1867 2138/7671/1867 2105/7670/1867 2097/7669/1867
f 2138/7676/1868 2139/7675/1868 2104/7674/1868 2105/7673/1868
f 2139/7680/1869 2114/7679/1869 2098/7678/1869 2104/7677/1869
f 2139/7684/1870 2138/7683/1870 2113/7682/1870 2114/7681/1870
f 2131/7688/1871 2129/7687/1871 2121/7686/1871 2104/7685/1871
f 2110/7692/1872 2140/7691/1872 2131/7690/1872 2104/7689/1872
f 2141/7700/1874 2111/7699/1874 2100/7698/1874 2130/7697/1874
f 2141/7704/1875 2140/7703/1875 2110/7702/1875 2111/7701/1875
f 2115/7708/1876 2142/7707/1876 2104/7706/1876 2098/7705/1876
f 2142/7712/1877 2143/7711/1877 2100/7710/1877 2104/7709/1877
f 2143/7716/1878 2116/7715/1878 2086/7714/1878 2100/7713/1878
f 2143/7720/1879 2142/7719/1879 2115/7718/1879 2116/7717/1879
f 2087/7724/1880 2144/7723/1880 2100/7722/1880 2086/7721/1880
f 2145/7732/1882 2088/7731/1882 2085/7730/1882 2099/7729/1882
f 2145/7736/1883 2144/7735/1883 2087/7734/1883 2088/7733/1883
f 2117/7740/1884 2146/7739/1884 2103/7738/1884 2096/7737/1884
f 2147/7748/1886 2118/7747/1886 2097/7746/1886 2105/7745/1886
f 2147/7752/1887 2146/7751/1887 2117/7750/1887 2118/7749/1887
usemtl mat22
f 2090/7542/1835 2091/7541/1835 2102/7540/1835 2101/7539/1835 2100/7538/1835 2099/7537/1835
f 2109/7560/1839 2108/7559/1839 2093/7558/1839 2094/7557/1839 2103/7556/1839 2105/7555/1839
f 2112/7568/1841 2092/7567/1841 2093/7566/1841 2108/7565/1841
f 2102/7572/1842 2091/7571/1842 2092/7570/1842 2112/7569/1842
f 2125/7608/1851 2124/7607/1851 2119/7606/1851 2120/7605/1851
f 2127/7624/1855 2126/7623/1855 2122/7622/1855 2123/7621/1855
f 2128/7636/1858 2129/7635/1858 2131/7634/1858 2130/7633/1858
f 2134/7652/1862 2132/7651/1862 2133/7650/1862 2135/7649/1862
f 2136/7660/1864 2137/7659/1864 2135/7658/1864 2133/7657/1864
f 2140/7696/1873 2141/7695/1873 2130/7694/1873 2131/7693/1873
f 2144/7728/1881 2145/7727/1881 2099/7726/1881 2100/7725/1881
f 2146/7744/1885 2147/7743/1885 2105/7742/1885 2103/7741/1885
o group43143167
g mesh43143167
usemtl mat4
f 2151/7756/1888 2150/7755/1888 2149/7754/1888 2148/7753/1888
f 2155/7760/1889 2154/7759/1889 2153/7758/1889 2152/7757/1889
f 2152/7772/1892 2153/7771/1892 2151/7770/1892 2148/7769/1892
f 2150/7776/1893 2154/7775/1893 2155/7774/1893 2149/7773/1893
usemtl mat20
f 2149/7764/1890 2155/7763/1890 2152/7762/1890 2148/7761/1890
usemtl mat21
f 2153/7768/1891 2154/7767/1891 2150/7766/1891 2151/7765/1891
o group1742195230
g mesh1742195230
usemtl mat4
f 2159/7780/1894 2158/7779/1894 2157/7778/1894 2156/7777/1894
f 2163/7784/1895 2162/7783/1895 2161/7782/1895 2160/7781/1895
f 2160/7796/1898 2161/7795/1898 2159/7794/1898 2156/7793/1898
f 2158/7800/1899 2162/7799/1899 2163/7798/1899 2157/7797/1899
usemtl mat20
f 2157/7788/1896 2163/7787/1896 2160/7786/1896 2156/7785/1896
usemtl mat21
f 2161/7792/1897 2162/7791/1897 2158/7790/1897 2159/7789/1897
o group1228860991
g mesh1228860991
usemtl mat4
f 2167/7804/1900 2166/7803/1900 2165/7802/1900 2164/7801/1900
f 2171/7808/1901 2170/7807/1901 2169/7806/1901 2168/7805/1901
f 2168/7820/1904 2169/7819/1904 2167/7818/1904 2164/7817/1904
f 2166/7824/1905 2170/7823/1905 2171/7822/1905 2165/7821/1905
usemtl mat20
f 2165/7812/1902 2171/7811/1902 2168/7810/1902 2164/7809/1902
usemtl mat21
f 2169/7816/1903 2170/7815/1903 2166/7814/1903 2167/7813/1903
o group678392605
g mesh678392605
usemtl mat11
f 2174/7827/1906 2173/7826/1906 2172/7825/1906
f 2173/7830/1907 2175/7829/1907 2172/7828/1907
f 2175/7833/1908 2176/7832/1908 2172/7831/1908
f 2176/7836/1909 2177/7835/1909 2172/7834/1909
f 2177/7839/1910 2178/7838/1910 2172/7837/1910
f 2178/7842/1911 2179/7841/1911 2172/7840/1911
f 2179/7845/1912 2180/7844/1912 2172/7843/1912
f 2180/7848/1913 2181/7847/1913 2172/7846/1913
f 2181/7851/1914 2182/7850/1914 2172/7849/1914
f 2182/7854/1915 2183/7853/1915 2172/7852/1915
f 2183/7857/1916 2184/7856/1916 2172/7855/1916
f 2184/7860/1917 2174/7859/1917 2172/7858/1917
f 2184/7872/1918 2183/7871/1918 2182/7870/1918 2181/7869/1918 2180/7868/1918 2179/7867/1918 2178/7866/1918 2177/7865/1918 2176/7864/1918 2175/7863/1918 2173/7862/1918 2174/7861/1918
o group1331905068
g mesh1331905068
usemtl mat11
f 2187/7875/1919 2186/7874/1919 2185/7873/1919
f 2186/7878/1920 2188/7877/1920 2185/7876/1920
f 2188/7881/1921 2189/7880/1921 2185/7879/1921
f 2189/7884/1922 2190/7883/1922 2185/7882/1922
f 2190/7887/1923 2191/7886/1923 2185/7885/1923
f 2191/7890/1924 2192/7889/1924 2185/7888/1924
f 2192/7893/1925 2193/7892/1925 2185/7891/1925
f 2193/7896/1926 2194/7895/1926 2185/7894/1926
f 2194/7899/1927 2195/7898/1927 2185/7897/1927
f 2195/7902/1928 2196/7901/1928 2185/7900/1928
f 2196/7905/1929 2197/7904/1929 2185/7903/1929
f 2197/7908/1930 2187/7907/1930 2185/7906/1930
f 2197/7920/1931 2196/7919/1931 2195/7918/1931 2194/7917/1931 2193/7916/1931 2192/7915/1931 2191/7914/1931 2190/7913/1931 2189/7912/1931 2188/7911/1931 2186/7910/1931 2187/7909/1931
o group228739432
g mesh228739432
usemtl mat11
f 2200/7923/1932 2199/7922/1932 2198/7921/1932
f 2199/7926/1933 2201/7925/1933 2198/7924/1933
f 2201/7929/1934 2202/7928/1934 2198/7927/1934
f 2202/7932/1935 2203/7931/1935 2198/7930/1935
f 2203/7935/1936 2204/7934/1936 2198/7933/1936
f 2204/7938/1937 2205/7937/1937 2198/7936/1937
f 2205/7941/1938 2206/7940/1938 2198/7939/1938
f 2206/7944/1939 2207/7943/1939 2198/7942/1939
f 2207/7947/1940 2208/7946/1940 2198/7945/1940
f 2208/7950/1941 2209/7949/1941 2198/7948/1941
f 2209/7953/1942 2210/7952/1942 2198/7951/1942
f 2210/7956/1943 2200/7955/1943 2198/7954/1943
f 2210/7968/1944 2209/7967/1944 2208/7966/1944 2207/7965/1944 2206/7964/1944 2205/7963/1944 2204/7962/1944 2203/7961/1944 2202/7960/1944 2201/7959/1944 2199/7958/1944 2200/7957/1944
o group672612964
g mesh672612964
usemtl mat12
f 2214/7972/1945 2213/7971/1945 2212/7970/1945 2211/7969/1945
f 2218/7976/1946 2217/7975/1946 2216/7974/1946 2215/7973/1946
f 2215/7994/1949 2216/7993/1949 2214/7992/1949 2211/7991/1949
f 2226/7998/1950 2225/7997/1950 2221/7996/1950 2222/7995/1950
f 2233/8010/1953 2232/8009/1953 2227/8008/1953 2213/8007/1953
f 2228/8022/1956 2226/8021/1956 2222/8020/1956 2223/8019/1956
f 2219/8026/1957 2220/8025/1957 2231/8024/1957 2238/8023/1957
f 2218/8030/1958 2219/8029/1958 2238/8028/1958 2217/8027/1958
f 2220/8034/1959 2221/8033/1959 2225/8032/1959 2231/8031/1959
f 2240/8038/1960 2239/8037/1960 2231/8036/1960 2228/8035/1960
f 2239/8042/1961 2241/8041/1961 2238/8040/1961 2231/8039/1961
f 2244/8050/1963 2243/8049/1963 2240/8048/1963 2242/8047/1963
f 2245/8058/1965 2247/8057/1965 2217/8056/1965 2238/8055/1965
f 2247/8062/1966 2248/8061/1966 2213/8060/1966 2217/8059/1966
f 2250/8066/1967 2249/8065/1967 2246/8064/1967 2248/8063/1967
f 2229/8070/1968 2251/8069/1968 2240/8068/1968 2228/8067/1968
f 2252/8078/1970 2230/8077/1970 2227/8076/1970 2242/8075/1970
f 2252/8082/1971 2251/8081/1971 2229/8080/1971 2230/8079/1971
f 2232/8086/1972 2253/8085/1972 2246/8084/1972 2227/8083/1972
f 2254/8094/1974 2233/8093/1974 2213/8092/1974 2248/8091/1974
f 2254/8098/1975 2253/8097/1975 2232/8096/1975 2233/8095/1975
f 2236/8102/1976 2255/8101/1976 2227/8100/1976 2224/8099/1976
f 2255/8106/1977 2256/8105/1977 2213/8104/1977 2227/8103/1977
f 2256/8110/1978 2237/8109/1978 2212/8108/1978 2213/8107/1978
f 2256/8114/1979 2255/8113/1979 2236/8112/1979 2237/8111/1979
f 2234/8118/1980 2257/8117/1980 2228/8116/1980 2223/8115/1980
f 2258/8126/1982 2235/8125/1982 2224/8124/1982 2227/8123/1982
f 2258/8130/1983 2257/8129/1983 2234/8128/1983 2235/8127/1983
f 2249/8134/1984 2259/8133/1984 2245/8132/1984 2246/8131/1984
f 2259/8138/1985 2260/8137/1985 2247/8136/1985 2245/8135/1985
f 2260/8142/1986 2250/8141/1986 2248/8140/1986 2247/8139/1986
f 2243/8150/1988 2261/8149/1988 2239/8148/1988 2240/8147/1988
f 2261/8154/1989 2262/8153/1989 2241/8152/1989 2239/8151/1989
f 2262/8158/1990 2244/8157/1990 2242/8156/1990 2241/8155/1990
usemtl mat21
f 2212/7986/1947 2224/7985/1947 2223/7984/1947 2222/7983/1947 2221/7982/1947 2220/7981/1947 2219/7980/1947 2218/7979/1947 2215/7978/1947 2211/7977/1947
f 2216/7990/1948 2217/7989/1948 2213/7988/1948 2214/7987/1948
f 2230/8002/1951 2229/8001/1951 2228/8000/1951 2227/7999/1951
f 2231/8006/1952 2225/8005/1952 2226/8004/1952 2228/8003/1952
f 2235/8014/1954 2234/8013/1954 2223/8012/1954 2224/8011/1954
f 2237/8018/1955 2236/8017/1955 2224/8016/1955 2212/8015/1955
f 2241/8046/1962 2242/8045/1962 2227/8044/1962 2238/8043/1962
f 2246/8054/1964 2245/8053/1964 2238/8052/1964 2227/8051/1964
f 2251/8074/1969 2252/8073/1969 2242/8072/1969 2240/8071/1969
f 2253/8090/1973 2254/8089/1973 2248/8088/1973 2246/8087/1973
f 2257/8122/1981 2258/8121/1981 2227/8120/1981 2228/8119/1981
f 2260/8146/1987 2259/8145/1987 2249/8144/1987 2250/8143/1987
f 2262/8162/1991 2261/8161/1991 2243/8160/1991 2244/8159/1991
o group1609886918
g mesh1609886918
usemtl mat18
f 2266/8166/1992 2265/8165/1992 2264/8164/1992 2263/8163/1992
f 2271/8183/1996 2275/8182/1996 2274/8181/1996 2266/8180/1996 2263/8179/1996
f 2265/8188/1997 2273/8187/1997 2276/8186/1997 2272/8185/1997 2264/8184/1997
f 2283/8197/1999 2282/8196/1999 2281/8195/1999 2279/8194/1999 2280/8193/1999
f 2277/8206/2001 2278/8205/2001 2286/8204/2001 2284/8203/2001 2285/8202/2001
f 2271/8215/2003 2283/8214/2003 2280/8213/2003 2288/8212/2003 2275/8211/2003
f 2276/8224/2005 2287/8223/2005 2277/8222/2005 2285/8221/2005 2272/8220/2005
f 2282/8233/2007 2267/8232/2007 2268/8231/2007 2290/8230/2007 2281/8229/2007
f 2286/8242/2009 2289/8241/2009 2269/8240/2009 2270/8239/2009 2284/8238/2009
usemtl mat21
f 2270/8170/1993 2269/8169/1993 2268/8168/1993 2267/8167/1993
f 2264/8174/1994 2272/8173/1994 2271/8172/1994 2263/8171/1994
f 2274/8178/1995 2273/8177/1995 2265/8176/1995 2266/8175/1995
f 2280/8192/1998 2279/8191/1998 2278/8190/1998 2277/8189/1998
f 2285/8201/2000 2284/8200/2000 2282/8199/2000 2283/8198/2000
f 2275/8210/2002 2288/8209/2002 2287/8208/2002 2276/8207/2002
f 2272/8219/2004 2285/8218/2004 2283/8217/2004 2271/8216/2004
f 2281/8228/2006 2290/8227/2006 2289/8226/2006 2286/8225/2006
f 2284/8237/2008 2270/8236/2008 2267/8235/2008 2282/8234/2008
f 2279/8246/2010 2281/8245/2010 2286/8244/2010 2278/8243/2010
f 2288/8250/2011 2280/8249/2011 2277/8248/2011 2287/8247/2011
f 2274/8254/2012 2275/8253/2012 2276/8252/2012 2273/8251/2012
f 2290/8258/2013 2268/8257/2013 2269/8256/2013 2289/8255/2013
o group61007489
g mesh61007489
usemtl mat21
f 2294/8262/2014 2293/8261/2014 2292/8260/2014 2291/8259/2014
f 2298/8266/2015 2297/8265/2015 2296/8264/2015 2295/8263/2015
f 2292/8270/2016 2298/8269/2016 2295/8268/2016 2291/8267/2016
f 2296/8274/2017 2297/8273/2017 2293/8272/2017 2294/8271/2017
f 2295/8278/2018 2296/8277/2018 2294/8276/2018 2291/8275/2018
f 2293/8282/2019 2297/8281/2019 2298/8280/2019 2292/8279/2019
o group2146409170
g mesh2146409170
usemtl mat21
f 2302/8286/2020 2301/8285/2020 2300/8284/2020 2299/8283/2020
f 2306/8290/2021 2305/8289/2021 2304/8288/2021 2303/8287/2021
f 2300/8295/2022 2307/8294/2022 2306/8293/2022 2303/8292/2022 2299/8291/2022
f 2304/8300/2023 2305/8299/2023 2308/8298/2023 2301/8297/2023 2302/8296/2023
f 2303/8304/2024 2304/8303/2024 2302/8302/2024 2299/8301/2024
f 2308/8308/2025 2305/8307/2025 2306/8306/2025 2307/8305/2025
f 2301/8312/2026 2308/8311/2026 2307/8310/2026 2300/8309/2026
o group1385259583
g mesh1385259583
usemtl mat5
f 2315/8319/2027 2314/8318/2027 2313/8317/2027 2312/8316/2027 2311/8315/2027 2310/8314/2027 2309/8313/2027
f 2322/8326/2028 2321/8325/2028 2320/8324/2028 2319/8323/2028 2318/8322/2028 2317/8321/2028 2316/8320/2028
f 2310/8330/2029 2322/8329/2029 2316/8328/2029 2309/8327/2029
f 2316/8341/2031 2317/8340/2031 2326/8339/2031 2325/8338/2031 2324/8337/2031 2315/8336/2031 2309/8335/2031
f 2311/8348/2032 2329/8347/2032 2328/8346/2032 2327/8345/2032 2321/8344/2032 2322/8343/2032 2310/8342/2032
usemtl mat21
f 2324/8334/2030 2323/8333/2030 2314/8332/2030 2315/8331/2030
f 2331/8352/2033 2330/8351/2033 2327/8350/2033 2328/8349/2033
f 2332/8356/2034 2331/8355/2034 2328/8354/2034 2329/8353/2034
f 2330/8360/2035 2320/8359/2035 2321/8358/2035 2327/8357/2035
f 2334/8364/2036 2333/8363/2036 2318/8362/2036 2319/8361/2036
f 2333/8368/2037 2326/8367/2037 2317/8366/2037 2318/8365/2037
f 2330/8372/2038 2334/8371/2038 2319/8370/2038 2320/8369/2038
f 2336/8376/2039 2335/8375/2039 2333/8374/2039 2334/8373/2039
f 2340/8380/2040 2339/8379/2040 2338/8378/2040 2337/8377/2040
f 2341/8384/2041 2332/8383/2041 2312/8382/2041 2313/8381/2041
f 2338/8388/2042 2325/8387/2042 2326/8386/2042 2333/8385/2042
f 2323/8392/2043 2324/8391/2043 2325/8390/2043 2338/8389/2043
f 2323/8396/2044 2341/8395/2044 2313/8394/2044 2314/8393/2044
f 2332/8400/2045 2329/8399/2045 2311/8398/2045 2312/8397/2045
f 2343/8404/2046 2342/8403/2046 2337/8402/2046 2331/8401/2046
f 2345/8408/2047 2344/8407/2047 2334/8406/2047 2330/8405/2047
f 2335/8412/2048 2346/8411/2048 2338/8410/2048 2333/8409/2048
f 2346/8416/2049 2347/8415/2049 2337/8414/2049 2338/8413/2049
f 2347/8420/2050 2336/8419/2050 2334/8418/2050 2337/8417/2050
f 2347/8423/2051 2335/8422/2051 2336/8421/2051
f 2344/8427/2052 2348/8426/2052 2337/8425/2052 2334/8424/2052
f 2348/8431/2053 2349/8430/2053 2331/8429/2053 2337/8428/2053
f 2349/8435/2054 2345/8434/2054 2330/8433/2054 2331/8432/2054
f 2349/8438/2055 2348/8437/2055 2345/8436/2055
f 2342/8442/2056 2350/8441/2056 2341/8440/2056 2337/8439/2056
f 2350/8446/2057 2351/8445/2057 2332/8444/2057 2341/8443/2057
f 2351/8450/2058 2343/8449/2058 2331/8448/2058 2332/8447/2058
f 2351/8453/2059 2342/8452/2059 2343/8451/2059
f 2339/8457/2060 2352/8456/2060 2323/8455/2060 2338/8454/2060
f 2352/8461/2061 2353/8460/2061 2341/8459/2061 2323/8458/2061
f 2353/8465/2062 2340/8464/2062 2337/8463/2062 2341/8462/2062
f 2353/8468/2063 2352/8467/2063 2340/8466/2063
f 2348/8471/2064 2344/8470/2064 2345/8469/2064
f 2351/8474/2065 2350/8473/2065 2342/8472/2065
f 2347/8477/2066 2346/8476/2066 2335/8475/2066
f 2352/8480/2067 2339/8479/2067 2340/8478/2067
o group482221332
g mesh482221332
usemtl mat20
f 2357/8484/2068 2356/8483/2068 2355/8482/2068 2354/8481/2068
f 2361/8488/2069 2360/8487/2069 2359/8486/2069 2358/8485/2069
f 2355/8492/2070 2361/8491/2070 2358/8490/2070 2354/8489/2070
f 2358/8500/2072 2359/8499/2072 2357/8498/2072 2354/8497/2072
f 2356/8504/2073 2360/8503/2073 2361/8502/2073 2355/8501/2073
usemtl mat21
f 2359/8496/2071 2360/8495/2071 2356/8494/2071 2357/8493/2071
o group1391462193
g mesh1391462193
usemtl mat20
f 2365/8508/2074 2364/8507/2074 2363/8506/2074 2362/8505/2074
f 2369/8512/2075 2368/8511/2075 2367/8510/2075 2366/8509/2075
f 2363/8516/2076 2369/8515/2076 2366/8514/2076 2362/8513/2076
f 2366/8524/2078 2367/8523/2078 2365/8522/2078 2362/8521/2078
f 2364/8528/2079 2368/8527/2079 2369/8526/2079 2363/8525/2079
usemtl mat21
f 2367/8520/2077 2368/8519/2077 2364/8518/2077 2365/8517/2077
o group49840277
g mesh49840277
usemtl mat11
f 2372/8531/2080 2371/8530/2080 2370/8529/2080
f 2371/8534/2081 2373/8533/2081 2370/8532/2081
f 2373/8537/2082 2374/8536/2082 2370/8535/2082
f 2374/8540/2083 2375/8539/2083 2370/8538/2083
f 2375/8543/2084 2376/8542/2084 2370/8541/2084
f 2376/8546/2085 2377/8545/2085 2370/8544/2085
f 2377/8549/2086 2378/8548/2086 2370/8547/2086
f 2378/8552/2087 2379/8551/2087 2370/8550/2087
f 2379/8555/2088 2380/8554/2088 2370/8553/2088
f 2380/8558/2089 2381/8557/2089 2370/8556/2089
f 2381/8561/2090 2382/8560/2090 2370/8559/2090
f 2382/8564/2091 2372/8563/2091 2370/8562/2091
f 2382/8576/2092 2381/8575/2092 2380/8574/2092 2379/8573/2092 2378/8572/2092 2377/8571/2092 2376/8570/2092 2375/8569/2092 2374/8568/2092 2373/8567/2092 2371/8566/2092 2372/8565/2092
o group106678485
g mesh106678485
usemtl mat11
f 2385/8579/2093 2384/8578/2093 2383/8577/2093
f 2384/8582/2094 2386/8581/2094 2383/8580/2094
f 2386/8585/2095 2387/8584/2095 2383/8583/2095
f 2387/8588/2096 2388/8587/2096 2383/8586/2096
f 2388/8591/2097 2389/8590/2097 2383/8589/2097
f 2389/8594/2098 2390/8593/2098 2383/8592/2098
f 2390/8597/2099 2391/8596/2099 2383/8595/2099
f 2391/8600/2100 2392/8599/2100 2383/8598/2100
f 2392/8603/2101 2393/8602/2101 2383/8601/2101
f 2393/8606/2102 2394/8605/2102 2383/8604/2102
f 2394/8609/2103 2395/8608/2103 2383/8607/2103
f 2395/8612/2104 2385/8611/2104 2383/8610/2104
f 2395/8624/2105 2394/8623/2105 2393/8622/2105 2392/8621/2105 2391/8620/2105 2390/8619/2105 2389/8618/2105 2388/8617/2105 2387/8616/2105 2386/8615/2105 2384/8614/2105 2385/8613/2105
o group886253053
g mesh886253053
usemtl mat11
f 2398/8627/2106 2397/8626/2106 2396/8625/2106
f 2397/8630/2107 2399/8629/2107 2396/8628/2107
f 2399/8633/2108 2400/8632/2108 2396/8631/2108
f 2400/8636/2109 2401/8635/2109 2396/8634/2109
f 2401/8639/2110 2402/8638/2110 2396/8637/2110
f 2402/8642/2111 2403/8641/2111 2396/8640/2111
f 2403/8645/2112 2404/8644/2112 2396/8643/2112
f 2404/8648/2113 2405/8647/2113 2396/8646/2113
f 2405/8651/2114 2406/8650/2114 2396/8649/2114
f 2406/8654/2115 2407/8653/2115 2396/8652/2115
f 2407/8657/2116 2408/8656/2116 2396/8655/2116
f 2408/8660/2117 2398/8659/2117 2396/8658/2117
f 2408/8672/2118 2407/8671/2118 2406/8670/2118 2405/8669/2118 2404/8668/2118 2403/8667/2118 2402/8666/2118 2401/8665/2118 2400/8664/2118 2399/8663/2118 2397/8662/2118 2398/8661/2118
o group1628733608
g mesh1628733608
usemtl mat21
f 2411/8675/2119 2410/8674/2119 2409/8673/2119
f 2410/8678/2120 2412/8677/2120 2409/8676/2120
f 2412/8681/2121 2413/8680/2121 2409/8679/2121
f 2413/8684/2122 2414/8683/2122 2409/8682/2122
f 2414/8687/2123 2415/8686/2123 2409/8685/2123
f 2415/8690/2124 2416/8689/2124 2409/8688/2124
f 2416/8693/2125 2417/8692/2125 2409/8691/2125
f 2417/8696/2126 2418/8695/2126 2409/8694/2126
f 2418/8699/2127 2419/8698/2127 2409/8697/2127
f 2419/8702/2128 2420/8701/2128 2409/8700/2128
f 2420/8705/2129 2421/8704/2129 2409/8703/2129
f 2421/8708/2130 2411/8707/2130 2409/8706/2130
f 2423/8712/2131 2422/8711/2131 2410/8710/2131 2411/8709/2131
f 2422/8716/2132 2424/8715/2132 2412/8714/2132 2410/8713/2132
f 2424/8720/2133 2425/8719/2133 2413/8718/2133 2412/8717/2133
f 2425/8724/2134 2426/8723/2134 2414/8722/2134 2413/8721/2134
f 2426/8728/2135 2427/8727/2135 2415/8726/2135 2414/8725/2135
f 2427/8732/2136 2428/8731/2136 2416/8730/2136 2415/8729/2136
f 2428/8736/2137 2429/8735/2137 2417/8734/2137 2416/8733/2137
f 2429/8740/2138 2430/8739/2138 2418/8738/2138 2417/8737/2138
f 2430/8744/2139 2431/8743/2139 2419/8742/2139 2418/8741/2139
f 2431/8748/2140 2432/8747/2140 2420/8746/2140 2419/8745/2140
f 2432/8752/2141 2433/8751/2141 2421/8750/2141 2420/8749/2141
f 2433/8756/2142 2423/8755/2142 2411/8754/2142 2421/8753/2142
f 2435/8760/2143 2434/8759/2143 2422/8758/2143 2423/8757/2143
f 2434/8764/2144 2436/8763/2144 2424/8762/2144 2422/8761/2144
f 2436/8768/2145 2437/8767/2145 2425/8766/2145 2424/8765/2145
f 2437/8772/2146 2438/8771/2146 2426/8770/2146 2425/8769/2146
f 2438/8776/2147 2439/8775/2147 2427/8774/2147 2426/8773/2147
f 2439/8780/2148 2440/8779/2148 2428/8778/2148 2427/8777/2148
f 2440/8784/2149 2441/8783/2149 2429/8782/2149 2428/8781/2149
f 2441/8788/2150 2442/8787/2150 2430/8786/2150 2429/8785/2150
f 2442/8792/2151 2443/8791/2151 2431/8790/2151 2430/8789/2151
f 2443/8796/2152 2444/8795/2152 2432/8794/2152 2431/8793/2152
f 2444/8800/2153 2445/8799/2153 2433/8798/2153 2432/8797/2153
f 2445/8804/2154 2435/8803/2154 2423/8802/2154 2433/8801/2154
f 2446/8807/2155 2441/8806/2155 2440/8805/2155
f 2446/8810/2156 2440/8809/2156 2439/8808/2156
f 2446/8813/2157 2435/8812/2157 2445/8811/2157
f 2446/8816/2158 2445/8815/2158 2444/8814/2158
f 2446/8819/2159 2444/8818/2159 2443/8817/2159
f 2446/8822/2160 2443/8821/2160 2442/8820/2160
f 2446/8825/2161 2442/8824/2161 2441/8823/2161
f 2446/8828/2162 2439/8827/2162 2438/8826/2162
f 2446/8831/2163 2438/8830/2163 2437/8829/2163
f 2446/8834/2164 2437/8833/2164 2436/8832/2164
f 2446/8837/2165 2436/8836/2165 2434/8835/2165
f 2446/8840/2166 2434/8839/2166 2435/8838/2166
o group1092607654
g mesh1092607654
usemtl mat17
f 2487/8964/2194 2486/8963/2194 2485/8962/2194 2484/8961/2194
f 2491/8968/2195 2490/8967/2195 2489/8966/2195 2488/8965/2195
f 2485/8972/2196 2491/8971/2196 2488/8970/2196 2484/8969/2196
f 2489/8976/2197 2490/8975/2197 2486/8974/2197 2487/8973/2197
f 2488/8980/2198 2489/8979/2198 2487/8978/2198 2484/8977/2198
f 2486/8984/2199 2490/8983/2199 2491/8982/2199 2485/8981/2199
o group91675880
g mesh91675880
usemtl mat17
f 2495/8988/2200 2494/8987/2200 2493/8986/2200 2492/8985/2200
f 2499/8992/2201 2498/8991/2201 2497/8990/2201 2496/8989/2201
f 2493/8996/2202 2499/8995/2202 2496/8994/2202 2492/8993/2202
f 2497/9000/2203 2498/8999/2203 2494/8998/2203 2495/8997/2203
f 2496/9004/2204 2497/9003/2204 2495/9002/2204 2492/9001/2204
f 2494/9008/2205 2498/9007/2205 2499/9006/2205 2493/9005/2205
o group1582874580
g mesh1582874580
usemtl mat17
f 2503/9012/2206 2502/9011/2206 2501/9010/2206 2500/9009/2206
f 2507/9016/2207 2506/9015/2207 2505/9014/2207 2504/9013/2207
f 2501/9020/2208 2507/9019/2208 2504/9018/2208 2500/9017/2208
f 2505/9024/2209 2506/9023/2209 2502/9022/2209 2503/9021/2209
f 2504/9028/2210 2505/9027/2210 2503/9026/2210 2500/9025/2210
f 2502/9032/2211 2506/9031/2211 2507/9030/2211 2501/9029/2211
o group1111343245
g mesh1111343245
usemtl mat17
f 2511/9036/2212 2510/9035/2212 2509/9034/2212 2508/9033/2212
f 2515/9040/2213 2514/9039/2213 2513/9038/2213 2512/9037/2213
f 2509/9044/2214 2515/9043/2214 2512/9042/2214 2508/9041/2214
f 2513/9048/2215 2514/9047/2215 2510/9046/2215 2511/9045/2215
f 2512/9052/2216 2513/9051/2216 2511/9050/2216 2508/9049/2216
f 2510/9056/2217 2514/9055/2217 2515/9054/2217 2509/9053/2217
o group1502999131
g mesh1502999131
usemtl mat10
f 2518/9059/2218 2517/9058/2218 2516/9057/2218
f 2517/9062/2219 2519/9061/2219 2516/9060/2219
f 2519/9065/2220 2520/9064/2220 2516/9063/2220
f 2520/9068/2221 2521/9067/2221 2516/9066/2221
f 2521/9071/2222 2522/9070/2222 2516/9069/2222
f 2522/9074/2223 2523/9073/2223 2516/9072/2223
f 2523/9077/2224 2524/9076/2224 2516/9075/2224
f 2524/9080/2225 2525/9079/2225 2516/9078/2225
f 2525/9083/2226 2526/9082/2226 2516/9081/2226
f 2526/9086/2227 2527/9085/2227 2516/9084/2227
f 2527/9089/2228 2528/9088/2228 2516/9087/2228
f 2528/9092/2229 2518/9091/2229 2516/9090/2229
f 2528/9104/2230 2527/9103/2230 2526/9102/2230 2525/9101/2230 2524/9100/2230 2523/9099/2230 2522/9098/2230 2521/9097/2230 2520/9096/2230 2519/9095/2230 2517/9094/2230 2518/9093/2230
o group1247129074
g mesh1247129074
usemtl mat10
f 2531/9107/2231 2530/9106/2231 2529/9105/2231
f 2530/9110/2232 2532/9109/2232 2529/9108/2232
f 2532/9113/2233 2533/9112/2233 2529/9111/2233
f 2533/9116/2234 2534/9115/2234 2529/9114/2234
f 2534/9119/2235 2535/9118/2235 2529/9117/2235
f 2535/9122/2236 2536/9121/2236 2529/9120/2236
f 2536/9125/2237 2537/9124/2237 2529/9123/2237
f 2537/9128/2238 2538/9127/2238 2529/9126/2238
f 2538/9131/2239 2539/9130/2239 2529/9129/2239
f 2539/9134/2240 2540/9133/2240 2529/9132/2240
f 2540/9137/2241 2541/9136/2241 2529/9135/2241
f 2541/9140/2242 2531/9139/2242 2529/9138/2242
f 2541/9152/2243 2540/9151/2243 2539/9150/2243 2538/9149/2243 2537/9148/2243 2536/9147/2243 2535/9146/2243 2534/9145/2243 2533/9144/2243 2532/9143/2243 2530/9142/2243 2531/9141/2243
o group1703659211
g mesh1703659211
usemtl mat18
f 2545/9156/2244 2544/9155/2244 2543/9154/2244 2542/9153/2244
f 2550/9173/2248 2554/9172/2248 2553/9171/2248 2545/9170/2248 2542/9169/2248
f 2544/9178/2249 2552/9177/2249 2555/9176/2249 2551/9175/2249 2543/9174/2249
f 2562/9187/2251 2561/9186/2251 2560/9185/2251 2558/9184/2251 2559/9183/2251
f 2556/9196/2253 2557/9195/2253 2565/9194/2253 2563/9193/2253 2564/9192/2253
f 2550/9205/2255 2562/9204/2255 2559/9203/2255 2567/9202/2255 2554/9201/2255
f 2555/9214/2257 2566/9213/2257 2556/9212/2257 2564/9211/2257 2551/9210/2257
f 2561/9223/2259 2546/9222/2259 2547/9221/2259 2569/9220/2259 2560/9219/2259
f 2565/9232/2261 2568/9231/2261 2548/9230/2261 2549/9229/2261 2563/9228/2261
usemtl mat21
f 2549/9160/2245 2548/9159/2245 2547/9158/2245 2546/9157/2245
f 2543/9164/2246 2551/9163/2246 2550/9162/2246 2542/9161/2246
f 2553/9168/2247 2552/9167/2247 2544/9166/2247 2545/9165/2247
f 2559/9182/2250 2558/9181/2250 2557/9180/2250 2556/9179/2250
f 2564/9191/2252 2563/9190/2252 2561/9189/2252 2562/9188/2252
f 2554/9200/2254 2567/9199/2254 2566/9198/2254 2555/9197/2254
f 2551/9209/2256 2564/9208/2256 2562/9207/2256 2550/9206/2256
f 2560/9218/2258 2569/9217/2258 2568/9216/2258 2565/9215/2258
f 2563/9227/2260 2549/9226/2260 2546/9225/2260 2561/9224/2260
f 2558/9236/2262 2560/9235/2262 2565/9234/2262 2557/9233/2262
f 2567/9240/2263 2559/9239/2263 2556/9238/2263 2566/9237/2263
f 2553/9244/2264 2554/9243/2264 2555/9242/2264 2552/9241/2264
f 2569/9248/2265 2547/9247/2265 2548/9246/2265 2568/9245/2265
o group1599426184
g mesh1599426184
usemtl mat10
f 2637/9491/2331 2636/9490/2331 2635/9489/2331
f 2636/9494/2332 2638/9493/2332 2635/9492/2332
f 2638/9497/2333 2639/9496/2333 2635/9495/2333
f 2639/9500/2334 2640/9499/2334 2635/9498/2334
f 2640/9503/2335 2641/9502/2335 2635/9501/2335
f 2641/9506/2336 2642/9505/2336 2635/9504/2336
f 2642/9509/2337 2643/9508/2337 2635/9507/2337
f 2643/9512/2338 2644/9511/2338 2635/9510/2338
f 2644/9515/2339 2645/9514/2339 2635/9513/2339
f 2645/9518/2340 2646/9517/2340 2635/9516/2340
f 2646/9521/2341 2647/9520/2341 2635/9519/2341
f 2647/9524/2342 2637/9523/2342 2635/9522/2342
f 2647/9536/2343 2646/9535/2343 2645/9534/2343 2644/9533/2343 2643/9532/2343 2642/9531/2343 2641/9530/2343 2640/9529/2343 2639/9528/2343 2638/9527/2343 2636/9526/2343 2637/9525/2343
o group980904771
g mesh980904771
usemtl mat10
f 2650/9539/2344 2649/9538/2344 2648/9537/2344
f 2649/9542/2345 2651/9541/2345 2648/9540/2345
f 2651/9545/2346 2652/9544/2346 2648/9543/2346
f 2652/9548/2347 2653/9547/2347 2648/9546/2347
f 2653/9551/2348 2654/9550/2348 2648/9549/2348
f 2654/9554/2349 2655/9553/2349 2648/9552/2349
f 2655/9557/2350 2656/9556/2350 2648/9555/2350
f 2656/9560/2351 2657/9559/2351 2648/9558/2351
f 2657/9563/2352 2658/9562/2352 2648/9561/2352
f 2658/9566/2353 2659/9565/2353 2648/9564/2353
f 2659/9569/2354 2660/9568/2354 2648/9567/2354
f 2660/9572/2355 2650/9571/2355 2648/9570/2355
f 2660/9584/2356 2659/9583/2356 2658/9582/2356 2657/9581/2356 2656/9580/2356 2655/9579/2356 2654/9578/2356 2653/9577/2356 2652/9576/2356 2651/9575/2356 2649/9574/2356 2650/9573/2356
o group1595824761
g mesh1595824761
usemtl mat10
f 2663/9587/2357 2662/9586/2357 2661/9585/2357
f 2662/9590/2358 2664/9589/2358 2661/9588/2358
f 2664/9593/2359 2665/9592/2359 2661/9591/2359
f 2665/9596/2360 2666/9595/2360 2661/9594/2360
f 2666/9599/2361 2667/9598/2361 2661/9597/2361
f 2667/9602/2362 2668/9601/2362 2661/9600/2362
f 2668/9605/2363 2669/9604/2363 2661/9603/2363
f 2669/9608/2364 2670/9607/2364 2661/9606/2364
f 2670/9611/2365 2671/9610/2365 2661/9609/2365
f 2671/9614/2366 2672/9613/2366 2661/9612/2366
f 2672/9617/2367 2673/9616/2367 2661/9615/2367
f 2673/9620/2368 2663/9619/2368 2661/9618/2368
f 2673/9632/2369 2672/9631/2369 2671/9630/2369 2670/9629/2369 2669/9628/2369 2668/9627/2369 2667/9626/2369 2666/9625/2369 2665/9624/2369 2664/9623/2369 2662/9622/2369 2663/9621/2369
o group1563168281
g mesh1563168281
usemtl mat5
f 2677/9636/2370 2676/9635/2370 2675/9634/2370 2674/9633/2370
f 2681/9640/2371 2680/9639/2371 2679/9638/2371 2678/9637/2371
f 2675/9650/2372 2687/9649/2372 2686/9648/2372 2685/9647/2372 2681/9646/2372 2678/9645/2372 2684/9644/2372 2683/9643/2372 2682/9642/2372 2674/9641/2372
f 2682/9661/2374 2692/9660/2374 2691/9659/2374 2690/9658/2374 2689/9657/2374 2677/9656/2374 2674/9655/2374
f 2676/9665/2375 2688/9664/2375 2687/9663/2375 2675/9662/2375
f 2698/9681/2379 2697/9680/2379 2695/9679/2379 2696/9678/2379
f 2690/9685/2380 2698/9684/2380 2696/9683/2380 2689/9682/2380
f 2697/9692/2381 2700/9691/2381 2699/9690/2381 2684/9689/2381 2678/9688/2381 2679/9687/2381 2695/9686/2381
f 2694/9704/2384 2680/9703/2384 2681/9702/2384 2685/9701/2384
usemtl mat21
f 2689/9654/2373 2688/9653/2373 2676/9652/2373 2677/9651/2373
f 2696/9669/2376 2695/9668/2376 2694/9667/2376 2693/9666/2376
f 2695/9673/2377 2679/9672/2377 2680/9671/2377 2694/9670/2377
f 2689/9677/2378 2696/9676/2378 2693/9675/2378 2688/9674/2378
usemtl mat4
f 2693/9696/2382 2694/9695/2382 2685/9694/2382 2686/9693/2382
f 2688/9700/2383 2693/9699/2383 2686/9698/2383 2687/9697/2383
f 2692/9708/2385 2682/9707/2385 2683/9706/2385 2701/9705/2385
f 2701/9712/2386 2683/9711/2386 2684/9710/2386 2699/9709/2386
f 2691/9716/2387 2692/9715/2387 2701/9714/2387 2702/9713/2387
f 2702/9720/2388 2701/9719/2388 2699/9718/2388 2700/9717/2388
f 2698/9724/2389 2702/9723/2389 2700/9722/2389 2697/9721/2389
f 2690/9728/2390 2691/9727/2390 2702/9726/2390 2698/9725/2390
o group610326153
g mesh610326153
usemtl mat20
f 2706/9732/2391 2705/9731/2391 2704/9730/2391 2703/9729/2391
f 2710/9736/2392 2709/9735/2392 2708/9734/2392 2707/9733/2392
f 2704/9740/2393 2710/9739/2393 2707/9738/2393 2703/9737/2393
f 2707/9748/2395 2708/9747/2395 2706/9746/2395 2703/9745/2395
f 2705/9752/2396 2709/9751/2396 2710/9750/2396 2704/9749/2396
usemtl mat21
f 2708/9744/2394 2709/9743/2394 2705/9742/2394 2706/9741/2394
o group1379738823
g mesh1379738823
usemtl mat20
f 2714/9756/2397 2713/9755/2397 2712/9754/2397 2711/9753/2397
f 2718/9760/2398 2717/9759/2398 2716/9758/2398 2715/9757/2398
f 2712/9764/2399 2718/9763/2399 2715/9762/2399 2711/9761/2399
f 2715/9772/2401 2716/9771/2401 2714/9770/2401 2711/9769/2401
f 2713/9776/2402 2717/9775/2402 2718/9774/2402 2712/9773/2402
usemtl mat21
f 2716/9768/2400 2717/9767/2400 2713/9766/2400 2714/9765/2400
o group2121202750
g mesh2121202750
usemtl mat5
f 2722/9780/2403 2721/9779/2403 2720/9778/2403 2719/9777/2403
f 2726/9784/2404 2725/9783/2404 2724/9782/2404 2723/9781/2404
f 2720/9794/2405 2732/9793/2405 2731/9792/2405 2730/9791/2405 2726/9790/2405 2723/9789/2405 2729/9788/2405 2728/9787/2405 2727/9786/2405 2719/9785/2405
f 2727/9805/2407 2737/9804/2407 2736/9803/2407 2735/9802/2407 2734/9801/2407 2722/9800/2407 2719/9799/2407
f 2721/9809/2408 2733/9808/2408 2732/9807/2408 2720/9806/2408
f 2743/9825/2412 2742/9824/2412 2740/9823/2412 2741/9822/2412
f 2742/9832/2413 2745/9831/2413 2744/9830/2413 2729/9829/2413 2723/9828/2413 2724/9827/2413 2740/9826/2413
f 2735/9836/2414 2743/9835/2414 2741/9834/2414 2734/9833/2414
f 2739/9848/2417 2725/9847/2417 2726/9846/2417 2730/9845/2417
usemtl mat21
f 2734/9798/2406 2733/9797/2406 2721/9796/2406 2722/9795/2406
f 2741/9813/2409 2740/9812/2409 2739/9811/2409 2738/9810/2409
f 2740/9817/2410 2724/9816/2410 2725/9815/2410 2739/9814/2410
f 2734/9821/2411 2741/9820/2411 2738/9819/2411 2733/9818/2411
usemtl mat4
f 2738/9840/2415 2739/9839/2415 2730/9838/2415 2731/9837/2415
f 2733/9844/2416 2738/9843/2416 2731/9842/2416 2732/9841/2416
f 2737/9852/2418 2727/9851/2418 2728/9850/2418 2746/9849/2418
f 2736/9856/2419 2737/9855/2419 2746/9854/2419 2747/9853/2419
f 2746/9860/2420 2728/9859/2420 2729/9858/2420 2744/9857/2420
f 2747/9864/2421 2746/9863/2421 2744/9862/2421 2745/9861/2421
f 2743/9868/2422 2747/9867/2422 2745/9866/2422 2742/9865/2422
f 2735/9872/2423 2736/9871/2423 2747/9870/2423 2743/9869/2423
o group1659243643
g mesh1659243643
usemtl mat20
f 2751/9876/2424 2750/9875/2424 2749/9874/2424 2748/9873/2424
f 2755/9880/2425 2754/9879/2425 2753/9878/2425 2752/9877/2425
f 2749/9884/2426 2755/9883/2426 2752/9882/2426 2748/9881/2426
f 2752/9892/2428 2753/9891/2428 2751/9890/2428 2748/9889/2428
f 2750/9896/2429 2754/9895/2429 2755/9894/2429 2749/9893/2429
usemtl mat21
f 2753/9888/2427 2754/9887/2427 2750/9886/2427 2751/9885/2427
o group1115883482
g mesh1115883482
usemtl mat3
f 2759/9900/2430 2758/9899/2430 2757/9898/2430 2756/9897/2430
f 2763/9904/2431 2762/9903/2431 2761/9902/2431 2760/9901/2431
f 2760/9916/2434 2761/9915/2434 2759/9914/2434 2756/9913/2434
f 2758/9920/2435 2762/9919/2435 2763/9918/2435 2757/9917/2435
usemtl mat20
f 2757/9908/2432 2763/9907/2432 2760/9906/2432 2756/9905/2432
usemtl mat21
f 2761/9912/2433 2762/9911/2433 2758/9910/2433 2759/9909/2433
o group2054733290
g mesh2054733290
usemtl mat20
f 2767/9924/2436 2766/9923/2436 2765/9922/2436 2764/9921/2436
f 2771/9928/2437 2770/9927/2437 2769/9926/2437 2768/9925/2437
f 2765/9932/2438 2771/9931/2438 2768/9930/2438 2764/9929/2438
f 2768/9940/2440 2769/9939/2440 2767/9938/2440 2764/9937/2440
f 2766/9944/2441 2770/9943/2441 2771/9942/2441 2765/9941/2441
usemtl mat21
f 2769/9936/2439 2770/9935/2439 2766/9934/2439 2767/9933/2439
o group1949868650
g mesh1949868650
usemtl mat20
f 2775/9948/2442 2774/9947/2442 2773/9946/2442 2772/9945/2442
f 2782/9955/2443 2781/9954/2443 2780/9953/2443 2779/9952/2443 2778/9951/2443 2777/9950/2443 2776/9949/2443
f 2773/9962/2444 2785/9961/2444 2784/9960/2444 2783/9959/2444 2782/9958/2444 2776/9957/2444 2772/9956/2444
f 2776/9972/2446 2777/9971/2446 2786/9970/2446 2772/9969/2446
f 2790/9976/2447 2781/9975/2447 2782/9974/2447 2783/9973/2447
f 2794/9980/2448 2793/9979/2448 2792/9978/2448 2791/9977/2448
f 2798/9990/2450 2797/9989/2450 2791/9988/2450 2787/9987/2450
f 2801/10002/2453 2800/10001/2453 2784/10000/2453 2785/9999/2453
f 2803/10006/2454 2802/10005/2454 2785/10004/2454 2773/10003/2454
f 2805/10010/2455 2804/10009/2455 2783/10008/2455 2784/10007/2455
f 2807/10014/2456 2806/10013/2456 2795/10012/2456 2796/10011/2456
f 2810/10018/2457 2809/10017/2457 2799/10016/2457 2808/10015/2457
f 2806/10022/2458 2811/10021/2458 2799/10020/2458 2795/10019/2458
f 2811/10026/2459 2812/10025/2459 2808/10024/2459 2799/10023/2459
f 2812/10030/2460 2807/10029/2460 2796/10028/2460 2808/10027/2460
f 2809/10038/2462 2813/10037/2462 2789/10036/2462 2799/10035/2462
f 2813/10042/2463 2814/10041/2463 2788/10040/2463 2789/10039/2463
f 2814/10046/2464 2810/10045/2464 2808/10044/2464 2788/10043/2464
f 2816/10054/2466 2815/10053/2466 2788/10052/2466 2808/10051/2466
f 2815/10058/2467 2817/10057/2467 2787/10056/2467 2788/10055/2467
f 2820/10066/2469 2819/10065/2469 2796/10064/2469 2792/10063/2469
f 2819/10070/2470 2821/10069/2470 2808/10068/2470 2796/10067/2470
f 2821/10074/2471 2822/10073/2471 2791/10072/2471 2808/10071/2471
f 2793/10082/2473 2823/10081/2473 2820/10080/2473 2792/10079/2473
f 2824/10090/2475 2794/10089/2475 2791/10088/2475 2822/10087/2475
f 2824/10094/2476 2823/10093/2476 2793/10092/2476 2794/10091/2476
f 2800/10098/2477 2825/10097/2477 2792/10096/2477 2784/10095/2477
f 2825/10102/2478 2826/10101/2478 2791/10100/2478 2792/10099/2478
f 2826/10106/2479 2801/10105/2479 2785/10104/2479 2791/10103/2479
f 2826/10110/2480 2825/10109/2480 2800/10108/2480 2801/10107/2480
f 2818/10114/2481 2816/10113/2481 2808/10112/2481 2791/10111/2481
f 2797/10118/2482 2827/10117/2482 2818/10116/2482 2791/10115/2482
f 2828/10126/2484 2798/10125/2484 2787/10124/2484 2817/10123/2484
f 2828/10130/2485 2827/10129/2485 2797/10128/2485 2798/10127/2485
f 2802/10134/2486 2829/10133/2486 2791/10132/2486 2785/10131/2486
f 2829/10138/2487 2830/10137/2487 2787/10136/2487 2791/10135/2487
f 2830/10142/2488 2803/10141/2488 2773/10140/2488 2787/10139/2488
f 2830/10146/2489 2829/10145/2489 2802/10144/2489 2803/10143/2489
f 2774/10150/2490 2831/10149/2490 2787/10148/2490 2773/10147/2490
f 2832/10158/2492 2775/10157/2492 2772/10156/2492 2786/10155/2492
f 2832/10162/2493 2831/10161/2493 2774/10160/2493 2775/10159/2493
f 2804/10166/2494 2833/10165/2494 2790/10164/2494 2783/10163/2494
f 2834/10174/2496 2805/10173/2496 2784/10172/2496 2792/10171/2496
f 2834/10178/2497 2833/10177/2497 2804/10176/2497 2805/10175/2497
usemtl mat22
f 2777/9968/2445 2778/9967/2445 2789/9966/2445 2788/9965/2445 2787/9964/2445 2786/9963/2445
f 2796/9986/2449 2795/9985/2449 2780/9984/2449 2781/9983/2449 2790/9982/2449 2792/9981/2449
f 2799/9994/2451 2779/9993/2451 2780/9992/2451 2795/9991/2451
f 2789/9998/2452 2778/9997/2452 2779/9996/2452 2799/9995/2452
f 2812/10034/2461 2811/10033/2461 2806/10032/2461 2807/10031/2461
f 2814/10050/2465 2813/10049/2465 2809/10048/2465 2810/10047/2465
f 2815/10062/2468 2816/10061/2468 2818/10060/2468 2817/10059/2468
f 2821/10078/2472 2819/10077/2472 2820/10076/2472 2822/10075/2472
f 2823/10086/2474 2824/10085/2474 2822/10084/2474 2820/10083/2474
f 2827/10122/2483 2828/10121/2483 2817/10120/2483 2818/10119/2483
f 2831/10154/2491 2832/10153/2491 2786/10152/2491 2787/10151/2491
f 2833/10170/2495 2834/10169/2495 2792/10168/2495 2790/10167/2495
o group1518361734
g mesh1518361734
usemtl mat20
f 2838/10182/2498 2837/10181/2498 2836/10180/2498 2835/10179/2498
f 2845/10189/2499 2844/10188/2499 2843/10187/2499 2842/10186/2499 2841/10185/2499 2840/10184/2499 2839/10183/2499
f 2836/10196/2500 2848/10195/2500 2847/10194/2500 2846/10193/2500 2845/10192/2500 2839/10191/2500 2835/10190/2500
f 2839/10206/2502 2840/10205/2502 2849/10204/2502 2835/10203/2502
f 2853/10210/2503 2844/10209/2503 2845/10208/2503 2846/10207/2503
f 2857/10214/2504 2856/10213/2504 2855/10212/2504 2854/10211/2504
f 2861/10224/2506 2860/10223/2506 2854/10222/2506 2850/10221/2506
f 2864/10236/2509 2863/10235/2509 2847/10234/2509 2848/10233/2509
f 2866/10240/2510 2865/10239/2510 2848/10238/2510 2836/10237/2510
f 2868/10244/2511 2867/10243/2511 2846/10242/2511 2847/10241/2511
f 2870/10248/2512 2869/10247/2512 2858/10246/2512 2859/10245/2512
f 2873/10252/2513 2872/10251/2513 2862/10250/2513 2871/10249/2513
f 2869/10256/2514 2874/10255/2514 2862/10254/2514 2858/10253/2514
f 2874/10260/2515 2875/10259/2515 2871/10258/2515 2862/10257/2515
f 2875/10264/2516 2870/10263/2516 2859/10262/2516 2871/10261/2516
f 2872/10272/2518 2876/10271/2518 2852/10270/2518 2862/10269/2518
f 2876/10276/2519 2877/10275/2519 2851/10274/2519 2852/10273/2519
f 2877/10280/2520 2873/10279/2520 2871/10278/2520 2851/10277/2520
f 2879/10288/2522 2878/10287/2522 2851/10286/2522 2871/10285/2522
f 2878/10292/2523 2880/10291/2523 2850/10290/2523 2851/10289/2523
f 2883/10300/2525 2882/10299/2525 2859/10298/2525 2855/10297/2525
f 2882/10304/2526 2884/10303/2526 2871/10302/2526 2859/10301/2526
f 2884/10308/2527 2885/10307/2527 2854/10306/2527 2871/10305/2527
f 2856/10316/2529 2886/10315/2529 2883/10314/2529 2855/10313/2529
f 2887/10324/2531 2857/10323/2531 2854/10322/2531 2885/10321/2531
f 2887/10328/2532 2886/10327/2532 2856/10326/2532 2857/10325/2532
f 2863/10332/2533 2888/10331/2533 2855/10330/2533 2847/10329/2533
f 2888/10336/2534 2889/10335/2534 2854/10334/2534 2855/10333/2534
f 2889/10340/2535 2864/10339/2535 2848/10338/2535 2854/10337/2535
f 2889/10344/2536 2888/10343/2536 2863/10342/2536 2864/10341/2536
f 2881/10348/2537 2879/10347/2537 2871/10346/2537 2854/10345/2537
f 2860/10352/2538 2890/10351/2538 2881/10350/2538 2854/10349/2538
f 2891/10360/2540 2861/10359/2540 2850/10358/2540 2880/10357/2540
f 2891/10364/2541 2890/10363/2541 2860/10362/2541 2861/10361/2541
f 2865/10368/2542 2892/10367/2542 2854/10366/2542 2848/10365/2542
f 2892/10372/2543 2893/10371/2543 2850/10370/2543 2854/10369/2543
f 2893/10376/2544 2866/10375/2544 2836/10374/2544 2850/10373/2544
f 2893/10380/2545 2892/10379/2545 2865/10378/2545 2866/10377/2545
f 2837/10384/2546 2894/10383/2546 2850/10382/2546 2836/10381/2546
f 2895/10392/2548 2838/10391/2548 2835/10390/2548 2849/10389/2548
f 2895/10396/2549 2894/10395/2549 2837/10394/2549 2838/10393/2549
f 2867/10400/2550 2896/10399/2550 2853/10398/2550 2846/10397/2550
f 2897/10408/2552 2868/10407/2552 2847/10406/2552 2855/10405/2552
f 2897/10412/2553 2896/10411/2553 2867/10410/2553 2868/10409/2553
usemtl mat22
f 2840/10202/2501 2841/10201/2501 2852/10200/2501 2851/10199/2501 2850/10198/2501 2849/10197/2501
f 2859/10220/2505 2858/10219/2505 2843/10218/2505 2844/10217/2505 2853/10216/2505 2855/10215/2505
f 2862/10228/2507 2842/10227/2507 2843/10226/2507 2858/10225/2507
f 2852/10232/2508 2841/10231/2508 2842/10230/2508 2862/10229/2508
f 2875/10268/2517 2874/10267/2517 2869/10266/2517 2870/10265/2517
f 2877/10284/2521 2876/10283/2521 2872/10282/2521 2873/10281/2521
f 2878/10296/2524 2879/10295/2524 2881/10294/2524 2880/10293/2524
f 2884/10312/2528 2882/10311/2528 2883/10310/2528 2885/10309/2528
f 2886/10320/2530 2887/10319/2530 2885/10318/2530 2883/10317/2530
f 2890/10356/2539 2891/10355/2539 2880/10354/2539 2881/10353/2539
f 2894/10388/2547 2895/10387/2547 2849/10386/2547 2850/10385/2547
f 2896/10404/2551 2897/10403/2551 2855/10402/2551 2853/10401/2551
o group976429815
g mesh976429815
usemtl mat20
f 2901/10416/2554 2900/10415/2554 2899/10414/2554 2898/10413/2554
f 2905/10420/2555 2904/10419/2555 2903/10418/2555 2902/10417/2555
f 2899/10424/2556 2905/10423/2556 2902/10422/2556 2898/10421/2556
f 2902/10432/2558 2903/10431/2558 2901/10430/2558 2898/10429/2558
f 2900/10436/2559 2904/10435/2559 2905/10434/2559 2899/10433/2559
usemtl mat21
f 2903/10428/2557 2904/10427/2557 2900/10426/2557 2901/10425/2557
o group2001573440
g mesh2001573440
usemtl mat20
f 2909/10440/2560 2908/10439/2560 2907/10438/2560 2906/10437/2560
f 2913/10444/2561 2912/10443/2561 2911/10442/2561 2910/10441/2561
f 2907/10448/2562 2913/10447/2562 2910/10446/2562 2906/10445/2562
f 2910/10456/2564 2911/10455/2564 2909/10454/2564 2906/10453/2564
f 2908/10460/2565 2912/10459/2565 2913/10458/2565 2907/10457/2565
usemtl mat21
f 2911/10452/2563 2912/10451/2563 2908/10450/2563 2909/10449/2563
o group751163001
g mesh751163001
usemtl mat20
f 2917/10464/2566 2916/10463/2566 2915/10462/2566 2914/10461/2566
f 2921/10468/2567 2920/10467/2567 2919/10466/2567 2918/10465/2567
f 2915/10472/2568 2921/10471/2568 2918/10470/2568 2914/10469/2568
f 2918/10480/2570 2919/10479/2570 2917/10478/2570 2914/10477/2570
f 2916/10484/2571 2920/10483/2571 2921/10482/2571 2915/10481/2571
usemtl mat21
f 2919/10476/2569 2920/10475/2569 2916/10474/2569 2917/10473/2569
o group1786607626
g mesh1786607626
usemtl mat15
f 2925/10488/2572 2924/10487/2572 2923/10486/2572 2922/10485/2572
usemtl mat20
f 2929/10492/2573 2928/10491/2573 2927/10490/2573 2926/10489/2573
f 2929/10512/2578 2930/10511/2578 2931/10510/2578 2928/10509/2578
usemtl mat16
f 2923/10496/2574 2930/10495/2574 2926/10494/2574 2922/10493/2574
f 2927/10500/2575 2931/10499/2575 2924/10498/2575 2925/10497/2575
f 2926/10504/2576 2927/10503/2576 2925/10502/2576 2922/10501/2576
f 2924/10508/2577 2931/10507/2577 2930/10506/2577 2923/10505/2577
f 2927/10515/2579 2928/10514/2579 2931/10513/2579
f 2930/10518/2580 2929/10517/2580 2926/10516/2580
o group622440097
g mesh622440097
usemtl mat4
f 2935/10522/2581 2934/10521/2581 2933/10520/2581 2932/10519/2581
f 2939/10526/2582 2938/10525/2582 2937/10524/2582 2936/10523/2582
f 2936/10538/2585 2937/10537/2585 2935/10536/2585 2932/10535/2585
f 2934/10542/2586 2938/10541/2586 2939/10540/2586 2933/10539/2586
usemtl mat21
f 2933/10530/2583 2939/10529/2583 2936/10528/2583 2932/10527/2583
f 2937/10534/2584 2938/10533/2584 2934/10532/2584 2935/10531/2584
o group626518297
g mesh626518297
usemtl mat4
f 2943/10546/2587 2942/10545/2587 2941/10544/2587 2940/10543/2587
f 2947/10550/2588 2946/10549/2588 2945/10548/2588 2944/10547/2588
f 2944/10561/2591 2945/10560/2591 2943/10559/2591 2940/10558/2591
f 2942/10565/2592 2946/10564/2592 2947/10563/2592 2941/10562/2592
usemtl mat21
f 2941/10554/2589 2947/10553/2589 2944/10552/2589 2940/10551/2589
f 2945/10557/2590 2948/10556/2590 2943/10555/2590
f 2948/10568/2593 2942/10567/2593 2943/10566/2593
f 2948/10571/2594 2946/10570/2594 2942/10569/2594
f 2945/10574/2595 2946/10573/2595 2948/10572/2595
o group93306127
g mesh93306127
usemtl mat5
f 2952/10578/2596 2951/10577/2596 2950/10576/2596 2949/10575/2596
f 2956/10582/2597 2955/10581/2597 2954/10580/2597 2953/10579/2597
f 2950/10586/2598 2956/10585/2598 2953/10584/2598 2949/10583/2598
f 2953/10594/2600 2954/10593/2600 2952/10592/2600 2949/10591/2600
f 2951/10598/2601 2955/10597/2601 2956/10596/2601 2950/10595/2601
usemtl mat21
f 2954/10590/2599 2955/10589/2599 2951/10588/2599 2952/10587/2599
o group1100157397
g mesh1100157397
usemtl mat5
f 2960/10602/2602 2959/10601/2602 2958/10600/2602 2957/10599/2602
f 2964/10606/2603 2963/10605/2603 2962/10604/2603 2961/10603/2603
f 2958/10610/2604 2964/10609/2604 2961/10608/2604 2957/10607/2604
f 2961/10618/2606 2962/10617/2606 2960/10616/2606 2957/10615/2606
f 2959/10622/2607 2963/10621/2607 2964/10620/2607 2958/10619/2607
usemtl mat21
f 2962/10614/2605 2963/10613/2605 2959/10612/2605 2960/10611/2605
o group502536234
g mesh502536234
usemtl mat5
f 2968/10626/2608 2967/10625/2608 2966/10624/2608 2965/10623/2608
f 2972/10630/2609 2971/10629/2609 2970/10628/2609 2969/10627/2609
f 2966/10634/2610 2972/10633/2610 2969/10632/2610 2965/10631/2610
f 2969/10642/2612 2970/10641/2612 2968/10640/2612 2965/10639/2612
f 2967/10646/2613 2971/10645/2613 2972/10644/2613 2966/10643/2613
usemtl mat21
f 2970/10638/2611 2971/10637/2611 2967/10636/2611 2968/10635/2611
o group523920511
g mesh523920511
usemtl mat20
f 2976/10650/2614 2975/10649/2614 2974/10648/2614 2973/10647/2614
f 2980/10654/2615 2979/10653/2615 2978/10652/2615 2977/10651/2615
f 2974/10658/2616 2980/10657/2616 2977/10656/2616 2973/10655/2616
f 2977/10666/2618 2978/10665/2618 2976/10664/2618 2973/10663/2618
f 2975/10670/2619 2979/10669/2619 2980/10668/2619 2974/10667/2619
usemtl mat21
f 2978/10662/2617 2979/10661/2617 2975/10660/2617 2976/10659/2617
o group1831822204
g mesh1831822204
usemtl mat5
f 2984/10674/2620 2983/10673/2620 2982/10672/2620 2981/10671/2620
f 2988/10678/2621 2987/10677/2621 2986/10676/2621 2985/10675/2621
f 2982/10682/2622 2988/10681/2622 2985/10680/2622 2981/10679/2622
f 2985/10690/2624 2986/10689/2624 2984/10688/2624 2981/10687/2624
f 2983/10694/2625 2987/10693/2625 2988/10692/2625 2982/10691/2625
usemtl mat21
f 2986/10686/2623 2987/10685/2623 2983/10684/2623 2984/10683/2623
o group299204456
g mesh299204456
usemtl mat5
f 2992/10698/2626 2991/10697/2626 2990/10696/2626 2989/10695/2626
f 2996/10702/2627 2995/10701/2627 2994/10700/2627 2993/10699/2627
f 2990/10706/2628 2996/10705/2628 2993/10704/2628 2989/10703/2628
f 2993/10714/2630 2994/10713/2630 2992/10712/2630 2989/10711/2630
f 2991/10718/2631 2995/10717/2631 2996/10716/2631 2990/10715/2631
usemtl mat21
f 2994/10710/2629 2995/10709/2629 2991/10708/2629 2992/10707/2629
o group86763974
g mesh86763974
usemtl mat5
f 3000/10722/2632 2999/10721/2632 2998/10720/2632 2997/10719/2632
f 3004/10726/2633 3003/10725/2633 3002/10724/2633 3001/10723/2633
f 2998/10730/2634 3004/10729/2634 3001/10728/2634 2997/10727/2634
f 3001/10738/2636 3002/10737/2636 3000/10736/2636 2997/10735/2636
f 2999/10742/2637 3003/10741/2637 3004/10740/2637 2998/10739/2637
usemtl mat21
f 3002/10734/2635 3003/10733/2635 2999/10732/2635 3000/10731/2635
o group61455779
g mesh61455779
usemtl mat20
f 3008/10746/2638 3007/10745/2638 3006/10744/2638 3005/10743/2638
f 3012/10750/2639 3011/10749/2639 3010/10748/2639 3009/10747/2639
f 3006/10754/2640 3012/10753/2640 3009/10752/2640 3005/10751/2640
f 3009/10762/2642 3010/10761/2642 3008/10760/2642 3005/10759/2642
f 3007/10766/2643 3011/10765/2643 3012/10764/2643 3006/10763/2643
usemtl mat21
f 3010/10758/2641 3011/10757/2641 3007/10756/2641 3008/10755/2641
o group1344587834
g mesh1344587834
usemtl mat4
f 3081/11010/2709 3080/11009/2709 3079/11008/2709 3078/11007/2709
f 3085/11014/2710 3084/11013/2710 3083/11012/2710 3082/11011/2710
f 3082/11025/2713 3083/11024/2713 3081/11023/2713 3078/11022/2713
f 3080/11029/2714 3084/11028/2714 3085/11027/2714 3079/11026/2714
usemtl mat21
f 3079/11018/2711 3085/11017/2711 3082/11016/2711 3078/11015/2711
f 3083/11021/2712 3086/11020/2712 3081/11019/2712
f 3086/11032/2715 3080/11031/2715 3081/11030/2715
f 3086/11035/2716 3084/11034/2716 3080/11033/2716
f 3083/11038/2717 3084/11037/2717 3086/11036/2717
o group1460322968
g mesh1460322968
usemtl mat4
f 3090/11042/2718 3089/11041/2718 3088/11040/2718 3087/11039/2718
f 3094/11046/2719 3093/11045/2719 3092/11044/2719 3091/11043/2719
f 3091/11057/2722 3092/11056/2722 3090/11055/2722 3087/11054/2722
f 3089/11061/2723 3093/11060/2723 3094/11059/2723 3088/11058/2723
usemtl mat21
f 3088/11050/2720 3094/11049/2720 3091/11048/2720 3087/11047/2720
f 3092/11053/2721 3095/11052/2721 3090/11051/2721
f 3095/11064/2724 3089/11063/2724 3090/11062/2724
f 3095/11067/2725 3093/11066/2725 3089/11065/2725
f 3092/11070/2726 3093/11069/2726 3095/11068/2726
o group750603090
g mesh750603090
usemtl mat10
f 3488/12513/3117 3487/12512/3117 3486/12511/3117
f 3487/12516/3118 3489/12515/3118 3486/12514/3118
f 3489/12519/3119 3490/12518/3119 3486/12517/3119
f 3490/12522/3120 3491/12521/3120 3486/12520/3120
f 3491/12525/3121 3492/12524/3121 3486/12523/3121
f 3492/12528/3122 3493/12527/3122 3486/12526/3122
f 3493/12531/3123 3494/12530/3123 3486/12529/3123
f 3494/12534/3124 3495/12533/3124 3486/12532/3124
f 3495/12537/3125 3496/12536/3125 3486/12535/3125
f 3496/12540/3126 3497/12539/3126 3486/12538/3126
f 3497/12543/3127 3498/12542/3127 3486/12541/3127
f 3498/12546/3128 3488/12545/3128 3486/12544/3128
f 3498/12558/3129 3497/12557/3129 3496/12556/3129 3495/12555/3129 3494/12554/3129 3493/12553/3129 3492/12552/3129 3491/12551/3129 3490/12550/3129 3489/12549/3129 3487/12548/3129 3488/12547/3129
o group592803558
g mesh592803558
usemtl mat5
f 3632/13042/3260 3631/13041/3260 3630/13040/3260 3629/13039/3260
f 3631/13046/3261 3634/13045/3261 3633/13044/3261 3630/13043/3261
f 3634/13050/3262 3636/13049/3262 3635/13048/3262 3633/13047/3262
f 3636/13054/3263 3638/13053/3263 3637/13052/3263 3635/13051/3263
f 3638/13058/3264 3640/13057/3264 3639/13056/3264 3637/13055/3264
f 3640/13063/3265 3643/13062/3265 3642/13061/3265 3641/13060/3265 3639/13059/3265
f 3647/13067/3266 3646/13066/3266 3645/13065/3266 3644/13064/3266
f 3646/13071/3267 3650/13070/3267 3649/13069/3267 3648/13068/3267
f 3650/13075/3268 3652/13074/3268 3651/13073/3268 3649/13072/3268
f 3652/13079/3269 3654/13078/3269 3653/13077/3269 3651/13076/3269
f 3654/13083/3270 3656/13082/3270 3655/13081/3270 3653/13080/3270
f 3656/13087/3271 3632/13086/3271 3629/13085/3271 3655/13084/3271
f 3629/13091/3272 3630/13090/3272 3657/13089/3272 3655/13088/3272
f 3656/13104/3273 3654/13103/3273 3652/13102/3273 3650/13101/3273 3646/13100/3273 3647/13099/3273 3643/13098/3273 3640/13097/3273 3638/13096/3273 3636/13095/3273 3634/13094/3273 3631/13093/3273 3632/13092/3273
f 3646/13107/3274 3648/13106/3274 3645/13105/3274
f 3643/13111/3275 3647/13110/3275 3644/13109/3275 3642/13108/3275
f 3658/13114/3276 3653/13113/3276 3655/13112/3276
f 3657/13117/3277 3658/13116/3277 3655/13115/3277
f 3659/13121/3278 3639/13120/3278 3641/13119/3278 3658/13118/3278
f 3658/13126/3279 3645/13125/3279 3648/13124/3279 3649/13123/3279 3651/13122/3279
f 3658/13129/3280 3651/13128/3280 3653/13127/3280
f 3658/13134/3281 3641/13133/3281 3642/13132/3281 3644/13131/3281 3645/13130/3281
f 3657/13137/3282 3659/13136/3282 3658/13135/3282
f 3630/13141/3283 3633/13140/3283 3635/13139/3283 3657/13138/3283
f 3659/13145/3284 3635/13144/3284 3637/13143/3284 3639/13142/3284
f 3657/13148/3285 3635/13147/3285 3659/13146/3285
o group1492146600
g mesh1492146600
usemtl mat20
f 3663/13152/3286 3662/13151/3286 3661/13150/3286 3660/13149/3286
f 3667/13156/3287 3666/13155/3287 3665/13154/3287 3664/13153/3287
f 3661/13160/3288 3667/13159/3288 3664/13158/3288 3660/13157/3288
f 3665/13164/3289 3666/13163/3289 3662/13162/3289 3663/13161/3289
f 3664/13168/3290 3665/13167/3290 3663/13166/3290 3660/13165/3290
f 3662/13172/3291 3666/13171/3291 3667/13170/3291 3661/13169/3291
o group86307362
g mesh86307362
usemtl mat20
f 3671/13176/3292 3670/13175/3292 3669/13174/3292 3668/13173/3292
f 3670/13180/3293 3673/13179/3293 3672/13178/3293 3669/13177/3293
f 3673/13184/3294 3675/13183/3294 3674/13182/3294 3672/13181/3294
f 3675/13188/3295 3677/13187/3295 3676/13186/3295 3674/13185/3295
f 3677/13192/3296 3679/13191/3296 3678/13190/3296 3676/13189/3296
f 3679/13196/3297 3681/13195/3297 3680/13194/3297 3678/13193/3297
f 3681/13200/3298 3683/13199/3298 3682/13198/3298 3680/13197/3298
f 3683/13204/3299 3685/13203/3299 3684/13202/3299 3682/13201/3299
f 3685/13208/3300 3687/13207/3300 3686/13206/3300 3684/13205/3300
f 3687/13212/3301 3689/13211/3301 3688/13210/3301 3686/13209/3301
f 3689/13216/3302 3691/13215/3302 3690/13214/3302 3688/13213/3302
f 3691/13220/3303 3671/13219/3303 3668/13218/3303 3690/13217/3303
f 3668/13232/3304 3669/13231/3304 3672/13230/3304 3674/13229/3304 3676/13228/3304 3678/13227/3304 3680/13226/3304 3682/13225/3304 3684/13224/3304 3686/13223/3304 3688/13222/3304 3690/13221/3304
f 3691/13244/3305 3689/13243/3305 3687/13242/3305 3685/13241/3305 3683/13240/3305 3681/13239/3305 3679/13238/3305 3677/13237/3305 3675/13236/3305 3673/13235/3305 3670/13234/3305 3671/13233/3305
o group390084612
g mesh390084612
usemtl mat20
f 3695/13248/3306 3694/13247/3306 3693/13246/3306 3692/13245/3306
f 3694/13252/3307 3697/13251/3307 3696/13250/3307 3693/13249/3307
f 3697/13256/3308 3699/13255/3308 3698/13254/3308 3696/13253/3308
f 3699/13260/3309 3701/13259/3309 3700/13258/3309 3698/13257/3309
f 3701/13264/3310 3703/13263/3310 3702/13262/3310 3700/13261/3310
f 3703/13268/3311 3705/13267/3311 3704/13266/3311 3702/13265/3311
f 3705/13272/3312 3707/13271/3312 3706/13270/3312 3704/13269/3312
f 3707/13276/3313 3709/13275/3313 3708/13274/3313 3706/13273/3313
f 3709/13280/3314 3711/13279/3314 3710/13278/3314 3708/13277/3314
f 3711/13284/3315 3713/13283/3315 3712/13282/3315 3710/13281/3315
f 3713/13288/3316 3715/13287/3316 3714/13286/3316 3712/13285/3316
f 3715/13292/3317 3695/13291/3317 3692/13290/3317 3714/13289/3317
f 3692/13304/3318 3693/13303/3318 3696/13302/3318 3698/13301/3318 3700/13300/3318 3702/13299/3318 3704/13298/3318 3706/13297/3318 3708/13296/3318 3710/13295/3318 3712/13294/3318 3714/13293/3318
f 3715/13316/3319 3713/13315/3319 3711/13314/3319 3709/13313/3319 3707/13312/3319 3705/13311/3319 3703/13310/3319 3701/13309/3319 3699/13308/3319 3697/13307/3319 3694/13306/3319 3695/13305/3319
o group591182058
g mesh591182058
usemtl mat20
f 3719/13320/3320 3718/13319/3320 3717/13318/3320 3716/13317/3320
f 3718/13324/3321 3721/13323/3321 3720/13322/3321 3717/13321/3321
f 3721/13328/3322 3723/13327/3322 3722/13326/3322 3720/13325/3322
f 3723/13332/3323 3725/13331/3323 3724/13330/3323 3722/13329/3323
f 3725/13336/3324 3727/13335/3324 3726/13334/3324 3724/13333/3324
f 3727/13340/3325 3729/13339/3325 3728/13338/3325 3726/13337/3325
f 3729/13344/3326 3731/13343/3326 3730/13342/3326 3728/13341/3326
f 3731/13348/3327 3733/13347/3327 3732/13346/3327 3730/13345/3327
f 3733/13352/3328 3735/13351/3328 3734/13350/3328 3732/13349/3328
f 3735/13356/3329 3737/13355/3329 3736/13354/3329 3734/13353/3329
f 3737/13360/3330 3739/13359/3330 3738/13358/3330 3736/13357/3330
f 3739/13364/3331 3719/13363/3331 3716/13362/3331 3738/13361/3331
f 3716/13376/3332 3717/13375/3332 3720/13374/3332 3722/13373/3332 3724/13372/3332 3726/13371/3332 3728/13370/3332 3730/13369/3332 3732/13368/3332 3734/13367/3332 3736/13366/3332 3738/13365/3332
f 3739/13388/3333 3737/13387/3333 3735/13386/3333 3733/13385/3333 3731/13384/3333 3729/13383/3333 3727/13382/3333 3725/13381/3333 3723/13380/3333 3721/13379/3333 3718/13378/3333 3719/13377/3333
o group371943742
g mesh371943742
usemtl mat20
f 3743/13392/3334 3742/13391/3334 3741/13390/3334 3740/13389/3334
f 3742/13396/3335 3745/13395/3335 3744/13394/3335 3741/13393/3335
f 3745/13400/3336 3747/13399/3336 3746/13398/3336 3744/13397/3336
f 3747/13404/3337 3749/13403/3337 3748/13402/3337 3746/13401/3337
f 3749/13408/3338 3751/13407/3338 3750/13406/3338 3748/13405/3338
f 3751/13412/3339 3753/13411/3339 3752/13410/3339 3750/13409/3339
f 3753/13416/3340 3755/13415/3340 3754/13414/3340 3752/13413/3340
f 3755/13420/3341 3757/13419/3341 3756/13418/3341 3754/13417/3341
f 3757/13424/3342 3759/13423/3342 3758/13422/3342 3756/13421/3342
f 3759/13428/3343 3761/13427/3343 3760/13426/3343 3758/13425/3343
f 3761/13432/3344 3763/13431/3344 3762/13430/3344 3760/13429/3344
f 3763/13436/3345 3743/13435/3345 3740/13434/3345 3762/13433/3345
f 3740/13448/3346 3741/13447/3346 3744/13446/3346 3746/13445/3346 3748/13444/3346 3750/13443/3346 3752/13442/3346 3754/13441/3346 3756/13440/3346 3758/13439/3346 3760/13438/3346 3762/13437/3346
f 3763/13460/3347 3761/13459/3347 3759/13458/3347 3757/13457/3347 3755/13456/3347 3753/13455/3347 3751/13454/3347 3749/13453/3347 3747/13452/3347 3745/13451/3347 3742/13450/3347 3743/13449/3347
o group793771576
g mesh793771576
usemtl mat10
f 3767/13464/3348 3766/13463/3348 3765/13462/3348 3764/13461/3348
f 3771/13468/3349 3770/13467/3349 3769/13466/3349 3768/13465/3349
f 3768/13479/3352 3769/13478/3352 3767/13477/3352 3764/13476/3352
f 3766/13483/3353 3770/13482/3353 3771/13481/3353 3765/13480/3353
usemtl mat21
f 3765/13472/3350 3771/13471/3350 3768/13470/3350 3764/13469/3350
f 3769/13475/3351 3772/13474/3351 3767/13473/3351
f 3772/13486/3354 3766/13485/3354 3767/13484/3354
f 3772/13489/3355 3770/13488/3355 3766/13487/3355
f 3769/13492/3356 3770/13491/3356 3772/13490/3356
o group1190091320
g mesh1190091320
usemtl mat20
f 3776/13496/3357 3775/13495/3357 3774/13494/3357 3773/13493/3357
f 3780/13500/3358 3779/13499/3358 3778/13498/3358 3777/13497/3358
f 3776/13504/3359 3780/13503/3359 3777/13502/3359 3775/13501/3359
f 3773/13508/3360 3774/13507/3360 3778/13506/3360 3779/13505/3360
f 3776/13512/3361 3773/13511/3361 3779/13510/3361 3780/13509/3361
f 3775/13516/3362 3777/13515/3362 3778/13514/3362 3774/13513/3362
o group863499552
g mesh863499552
usemtl mat20
f 3784/13520/3363 3783/13519/3363 3782/13518/3363 3781/13517/3363
f 3788/13524/3364 3787/13523/3364 3786/13522/3364 3785/13521/3364
f 3782/13528/3365 3788/13527/3365 3785/13526/3365 3781/13525/3365
f 3786/13532/3366 3787/13531/3366 3783/13530/3366 3784/13529/3366
f 3785/13536/3367 3786/13535/3367 3784/13534/3367 3781/13533/3367
f 3783/13540/3368 3787/13539/3368 3788/13538/3368 3782/13537/3368
o group1419798842
g mesh1419798842
usemtl mat20
f 3792/13544/3369 3791/13543/3369 3790/13542/3369 3789/13541/3369
f 3796/13548/3370 3795/13547/3370 3794/13546/3370 3793/13545/3370
f 3792/13552/3371 3796/13551/3371 3793/13550/3371 3791/13549/3371
f 3789/13556/3372 3790/13555/3372 3794/13554/3372 3795/13553/3372
f 3792/13560/3373 3789/13559/3373 3795/13558/3373 3796/13557/3373
f 3791/13564/3374 3793/13563/3374 3794/13562/3374 3790/13561/3374
o group1719381167
g mesh1719381167
usemtl mat20
f 3800/13568/3375 3799/13567/3375 3798/13566/3375 3797/13565/3375
f 3804/13572/3376 3803/13571/3376 3802/13570/3376 3801/13569/3376
f 3798/13576/3377 3804/13575/3377 3801/13574/3377 3797/13573/3377
f 3802/13580/3378 3803/13579/3378 3799/13578/3378 3800/13577/3378
f 3801/13584/3379 3802/13583/3379 3800/13582/3379 3797/13581/3379
f 3799/13588/3380 3803/13587/3380 3804/13586/3380 3798/13585/3380
o group607067024
g mesh607067024
usemtl mat20
f 3808/13592/3381 3807/13591/3381 3806/13590/3381 3805/13589/3381
f 3812/13596/3382 3811/13595/3382 3810/13594/3382 3809/13593/3382
f 3808/13600/3383 3812/13599/3383 3809/13598/3383 3807/13597/3383
f 3805/13604/3384 3806/13603/3384 3810/13602/3384 3811/13601/3384
f 3808/13608/3385 3805/13607/3385 3811/13606/3385 3812/13605/3385
f 3807/13612/3386 3809/13611/3386 3810/13610/3386 3806/13609/3386
o group1721228000
g mesh1721228000
usemtl mat20
f 3816/13616/3387 3815/13615/3387 3814/13614/3387 3813/13613/3387
f 3820/13620/3388 3819/13619/3388 3818/13618/3388 3817/13617/3388
f 3816/13624/3389 3820/13623/3389 3817/13622/3389 3815/13621/3389
f 3813/13628/3390 3814/13627/3390 3818/13626/3390 3819/13625/3390
f 3816/13632/3391 3813/13631/3391 3819/13630/3391 3820/13629/3391
f 3815/13636/3392 3817/13635/3392 3818/13634/3392 3814/13633/3392
o group282759822
g mesh282759822
usemtl mat20
f 3824/13640/3393 3823/13639/3393 3822/13638/3393 3821/13637/3393
f 3828/13644/3394 3827/13643/3394 3826/13642/3394 3825/13641/3394
f 3822/13648/3395 3828/13647/3395 3825/13646/3395 3821/13645/3395
f 3826/13652/3396 3827/13651/3396 3823/13650/3396 3824/13649/3396
f 3825/13656/3397 3826/13655/3397 3824/13654/3397 3821/13653/3397
f 3823/13660/3398 3827/13659/3398 3828/13658/3398 3822/13657/3398
o group1846468049
g mesh1846468049
usemtl mat10
f 3832/13664/3399 3831/13663/3399 3830/13662/3399 3829/13661/3399
f 3836/13668/3400 3835/13667/3400 3834/13666/3400 3833/13665/3400
f 3833/13679/3403 3834/13678/3403 3832/13677/3403 3829/13676/3403
f 3831/13683/3404 3835/13682/3404 3836/13681/3404 3830/13680/3404
usemtl mat21
f 3830/13672/3401 3836/13671/3401 3833/13670/3401 3829/13669/3401
f 3834/13675/3402 3837/13674/3402 3832/13673/3402
f 3837/13686/3405 3831/13685/3405 3832/13684/3405
f 3837/13689/3406 3835/13688/3406 3831/13687/3406
f 3834/13692/3407 3835/13691/3407 3837/13690/3407
o group643711727
g mesh643711727
usemtl mat10
f 3841/13696/3408 3840/13695/3408 3839/13694/3408 3838/13693/3408
f 3845/13700/3409 3844/13699/3409 3843/13698/3409 3842/13697/3409
f 3842/13711/3412 3843/13710/3412 3841/13709/3412 3838/13708/3412
f 3840/13715/3413 3844/13714/3413 3845/13713/3413 3839/13712/3413
usemtl mat21
f 3839/13704/3410 3845/13703/3410 3842/13702/3410 3838/13701/3410
f 3843/13707/3411 3846/13706/3411 3841/13705/3411
f 3846/13718/3414 3840/13717/3414 3841/13716/3414
f 3846/13721/3415 3844/13720/3415 3840/13719/3415
f 3843/13724/3416 3844/13723/3416 3846/13722/3416
o group2084601409
g mesh2084601409
usemtl mat4
f 3850/13728/3417 3849/13727/3417 3848/13726/3417 3847/13725/3417
f 3854/13732/3418 3853/13731/3418 3852/13730/3418 3851/13729/3418
f 3851/13744/3421 3852/13743/3421 3850/13742/3421 3847/13741/3421
f 3849/13748/3422 3853/13747/3422 3854/13746/3422 3848/13745/3422
usemtl mat21
f 3848/13736/3419 3854/13735/3419 3851/13734/3419 3847/13733/3419
f 3852/13740/3420 3853/13739/3420 3849/13738/3420 3850/13737/3420
o group1602713423
g mesh1602713423
usemtl mat21
f 3857/13751/3423 3856/13750/3423 3855/13749/3423
f 3861/13755/3424 3860/13754/3424 3859/13753/3424 3858/13752/3424
f 3856/13766/3425 3868/13765/3425 3867/13764/3425 3866/13763/3425 3865/13762/3425 3864/13761/3425 3863/13760/3425 3861/13759/3425 3858/13758/3425 3862/13757/3425 3855/13756/3425
f 3871/13769/3426 3870/13768/3426 3869/13767/3426
f 3862/13773/3427 3873/13772/3427 3872/13771/3427 3855/13770/3427
f 3876/13778/3428 3875/13777/3428 3874/13776/3428 3867/13775/3428 3868/13774/3428
f 3873/13782/3429 3859/13781/3429 3878/13780/3429 3877/13779/3429
f 3882/13786/3430 3881/13785/3430 3880/13784/3430 3879/13783/3430
f 3857/13791/3431 3883/13790/3431 3876/13789/3431 3868/13788/3431 3856/13787/3431
f 3885/13795/3432 3884/13794/3432 3865/13793/3432 3866/13792/3432
f 3888/13800/3433 3877/13799/3433 3878/13798/3433 3887/13797/3433 3886/13796/3433
f 3889/13804/3434 3882/13803/3434 3879/13802/3434 3870/13801/3434
f 3860/13810/3435 3892/13809/3435 3891/13808/3435 3890/13807/3435 3886/13806/3435 3887/13805/3435
f 3860/13814/3436 3887/13813/3436 3878/13812/3436 3859/13811/3436
f 3860/13819/3437 3861/13818/3437 3863/13817/3437 3894/13816/3437 3893/13815/3437
f 3873/13823/3438 3862/13822/3438 3858/13821/3438 3859/13820/3438
f 3873/13828/3439 3877/13827/3439 3871/13826/3439 3869/13825/3439 3872/13824/3439
f 3872/13832/3440 3869/13831/3440 3896/13830/3440 3895/13829/3440
f 3895/13836/3441 3896/13835/3441 3898/13834/3441 3897/13833/3441
f 3901/13840/3442 3900/13839/3442 3899/13838/3442 3885/13837/3442
f 3903/13843/3443 3902/13842/3443 3893/13841/3443
f 3904/13847/3444 3903/13846/3444 3893/13845/3444 3894/13844/3444
f 3874/13850/3445 3901/13849/3445 3885/13848/3445
f 3902/13853/3446 3906/13852/3446 3905/13851/3446
f 3892/13856/3447 3893/13855/3447 3902/13854/3447
f 3892/13860/3448 3902/13859/3448 3905/13858/3448 3891/13857/3448
f 3892/13863/3449 3860/13862/3449 3893/13861/3449
f 3909/13868/3450 3908/13867/3450 3907/13866/3450 3879/13865/3450 3880/13864/3450
f 3903/13871/3451 3910/13870/3451 3907/13869/3451
f 3904/13875/3452 3894/13874/3452 3863/13873/3452 3864/13872/3452
f 3904/13879/3453 3884/13878/3453 3911/13877/3453 3903/13876/3453
f 3881/13884/3454 3890/13883/3454 3891/13882/3454 3912/13881/3454 3880/13880/3454
f 3888/13888/3455 3889/13887/3455 3871/13886/3455 3877/13885/3455
f 3907/13892/3456 3910/13891/3456 3899/13890/3456 3879/13889/3456
f 3871/13895/3457 3889/13894/3457 3870/13893/3457
f 3879/13899/3458 3914/13898/3458 3913/13897/3458 3870/13896/3458
f 3882/13903/3459 3889/13902/3459 3888/13901/3459 3881/13900/3459
f 3881/13907/3460 3888/13906/3460 3886/13905/3460 3890/13904/3460
f 3906/13911/3461 3912/13910/3461 3891/13909/3461 3905/13908/3461
f 3906/13914/3462 3908/13913/3462 3909/13912/3462
f 3902/13917/3463 3915/13916/3463 3906/13915/3463
f 3915/13921/3464 3907/13920/3464 3908/13919/3464 3906/13918/3464
f 3906/13925/3465 3909/13924/3465 3880/13923/3465 3912/13922/3465
f 3910/13928/3466 3885/13927/3466 3899/13926/3466
f 3900/13932/3467 3898/13931/3467 3913/13930/3467 3914/13929/3467
f 3900/13936/3468 3914/13935/3468 3879/13934/3468 3899/13933/3468
f 3900/13941/3469 3901/13940/3469 3916/13939/3469 3897/13938/3469 3898/13937/3469
f 3903/13944/3470 3911/13943/3470 3910/13942/3470
f 3911/13947/3471 3885/13946/3471 3910/13945/3471
f 3884/13951/3472 3904/13950/3472 3864/13949/3472 3865/13948/3472
f 3884/13954/3473 3885/13953/3473 3911/13952/3473
f 3903/13958/3474 3907/13957/3474 3915/13956/3474 3902/13955/3474
f 3896/13962/3475 3870/13961/3475 3913/13960/3475 3898/13959/3475
f 3869/13965/3476 3870/13964/3476 3896/13963/3476
f 3857/13970/3477 3895/13969/3477 3897/13968/3477 3916/13967/3477 3883/13966/3477
f 3855/13974/3478 3872/13973/3478 3895/13972/3478 3857/13971/3478
f 3874/13978/3479 3885/13977/3479 3866/13976/3479 3867/13975/3479
f 3875/13981/3480 3876/13980/3480 3883/13979/3480
f 3874/13986/3481 3875/13985/3481 3883/13984/3481 3916/13983/3481 3901/13982/3481
o group465555899
g mesh465555899
usemtl mat21
f 3919/13989/3482 3918/13988/3482 3917/13987/3482
f 3923/13993/3483 3922/13992/3483 3921/13991/3483 3920/13990/3483
f 3918/14004/3484 3930/14003/3484 3929/14002/3484 3928/14001/3484 3927/14000/3484 3926/13999/3484 3925/13998/3484 3923/13997/3484 3920/13996/3484 3924/13995/3484 3917/13994/3484
f 3933/14007/3485 3932/14006/3485 3931/14005/3485
f 3924/14011/3486 3935/14010/3486 3934/14009/3486 3917/14008/3486
f 3938/14016/3487 3937/14015/3487 3936/14014/3487 3929/14013/3487 3930/14012/3487
f 3935/14020/3488 3921/14019/3488 3940/14018/3488 3939/14017/3488
f 3944/14024/3489 3943/14023/3489 3942/14022/3489 3941/14021/3489
f 3919/14029/3490 3945/14028/3490 3938/14027/3490 3930/14026/3490 3918/14025/3490
f 3947/14033/3491 3946/14032/3491 3927/14031/3491 3928/14030/3491
f 3950/14038/3492 3939/14037/3492 3940/14036/3492 3949/14035/3492 3948/14034/3492
f 3951/14042/3493 3944/14041/3493 3941/14040/3493 3932/14039/3493
f 3922/14048/3494 3954/14047/3494 3953/14046/3494 3952/14045/3494 3948/14044/3494 3949/14043/3494
f 3922/14052/3495 3949/14051/3495 3940/14050/3495 3921/14049/3495
f 3922/14057/3496 3923/14056/3496 3925/14055/3496 3956/14054/3496 3955/14053/3496
f 3935/14061/3497 3924/14060/3497 3920/14059/3497 3921/14058/3497
f 3935/14066/3498 3939/14065/3498 3933/14064/3498 3931/14063/3498 3934/14062/3498
f 3934/14070/3499 3931/14069/3499 3958/14068/3499 3957/14067/3499
f 3957/14074/3500 3958/14073/3500 3960/14072/3500 3959/14071/3500
f 3963/14078/3501 3962/14077/3501 3961/14076/3501 3947/14075/3501
f 3965/14081/3502 3964/14080/3502 3955/14079/3502
f 3966/14085/3503 3965/14084/3503 3955/14083/3503 3956/14082/3503
f 3936/14088/3504 3963/14087/3504 3947/14086/3504
f 3964/14091/3505 3968/14090/3505 3967/14089/3505
f 3954/14094/3506 3955/14093/3506 3964/14092/3506
f 3954/14098/3507 3964/14097/3507 3967/14096/3507 3953/14095/3507
f 3954/14101/3508 3922/14100/3508 3955/14099/3508
f 3971/14106/3509 3970/14105/3509 3969/14104/3509 3941/14103/3509 3942/14102/3509
f 3965/14109/3510 3972/14108/3510 3969/14107/3510
f 3966/14113/3511 3956/14112/3511 3925/14111/3511 3926/14110/3511
f 3966/14117/3512 3946/14116/3512 3973/14115/3512 3965/14114/3512
f 3943/14122/3513 3952/14121/3513 3953/14120/3513 3974/14119/3513 3942/14118/3513
f 3950/14126/3514 3951/14125/3514 3933/14124/3514 3939/14123/3514
f 3969/14130/3515 3972/14129/3515 3961/14128/3515 3941/14127/3515
f 3933/14133/3516 3951/14132/3516 3932/14131/3516
f 3941/14137/3517 3976/14136/3517 3975/14135/3517 3932/14134/3517
f 3944/14141/3518 3951/14140/3518 3950/14139/3518 3943/14138/3518
f 3943/14145/3519 3950/14144/3519 3948/14143/3519 3952/14142/3519
f 3968/14149/3520 3974/14148/3520 3953/14147/3520 3967/14146/3520
f 3968/14152/3521 3970/14151/3521 3971/14150/3521
f 3964/14155/3522 3977/14154/3522 3968/14153/3522
f 3977/14159/3523 3969/14158/3523 3970/14157/3523 3968/14156/3523
f 3968/14163/3524 3971/14162/3524 3942/14161/3524 3974/14160/3524
f 3972/14166/3525 3947/14165/3525 3961/14164/3525
f 3962/14170/3526 3960/14169/3526 3975/14168/3526 3976/14167/3526
f 3962/14174/3527 3976/14173/3527 3941/14172/3527 3961/14171/3527
f 3962/14179/3528 3963/14178/3528 3978/14177/3528 3959/14176/3528 3960/14175/3528
f 3965/14182/3529 3973/14181/3529 3972/14180/3529
f 3973/14185/3530 3947/14184/3530 3972/14183/3530
f 3946/14189/3531 3966/14188/3531 3926/14187/3531 3927/14186/3531
f 3946/14192/3532 3947/14191/3532 3973/14190/3532
f 3965/14196/3533 3969/14195/3533 3977/14194/3533 3964/14193/3533
f 3958/14200/3534 3932/14199/3534 3975/14198/3534 3960/14197/3534
f 3931/14203/3535 3932/14202/3535 3958/14201/3535
f 3919/14208/3536 3957/14207/3536 3959/14206/3536 3978/14205/3536 3945/14204/3536
f 3917/14212/3537 3934/14211/3537 3957/14210/3537 3919/14209/3537
f 3936/14216/3538 3947/14215/3538 3928/14214/3538 3929/14213/3538
f 3937/14219/3539 3938/14218/3539 3945/14217/3539
f 3936/14224/3540 3937/14223/3540 3945/14222/3540 3978/14221/3540 3963/14220/3540
o group1550195885
g mesh1550195885
usemtl mat21
f 3981/14227/3541 3980/14226/3541 3979/14225/3541
f 3985/14231/3542 3984/14230/3542 3983/14229/3542 3982/14228/3542
f 3980/14242/3543 3992/14241/3543 3991/14240/3543 3990/14239/3543 3989/14238/3543 3988/14237/3543 3987/14236/3543 3985/14235/3543 3982/14234/3543 3986/14233/3543 3979/14232/3543
f 3995/14245/3544 3994/14244/3544 3993/14243/3544
f 3986/14249/3545 3997/14248/3545 3996/14247/3545 3979/14246/3545
f 4000/14254/3546 3999/14253/3546 3998/14252/3546 3991/14251/3546 3992/14250/3546
f 3997/14258/3547 3983/14257/3547 4002/14256/3547 4001/14255/3547
f 4006/14262/3548 4005/14261/3548 4004/14260/3548 4003/14259/3548
f 3981/14267/3549 4007/14266/3549 4000/14265/3549 3992/14264/3549 3980/14263/3549
f 4009/14271/3550 4008/14270/3550 3989/14269/3550 3990/14268/3550
f 4012/14276/3551 4001/14275/3551 4002/14274/3551 4011/14273/3551 4010/14272/3551
f 4013/14280/3552 4006/14279/3552 4003/14278/3552 3994/14277/3552
f 3984/14286/3553 4016/14285/3553 4015/14284/3553 4014/14283/3553 4010/14282/3553 4011/14281/3553
f 3984/14290/3554 4011/14289/3554 4002/14288/3554 3983/14287/3554
f 3984/14295/3555 3985/14294/3555 3987/14293/3555 4018/14292/3555 4017/14291/3555
f 3997/14299/3556 3986/14298/3556 3982/14297/3556 3983/14296/3556
f 3997/14304/3557 4001/14303/3557 3995/14302/3557 3993/14301/3557 3996/14300/3557
f 3996/14308/3558 3993/14307/3558 4020/14306/3558 4019/14305/3558
f 4019/14312/3559 4020/14311/3559 4022/14310/3559 4021/14309/3559
f 4025/14316/3560 4024/14315/3560 4023/14314/3560 4009/14313/3560
f 4027/14319/3561 4026/14318/3561 4017/14317/3561
f 4028/14323/3562 4027/14322/3562 4017/14321/3562 4018/14320/3562
f 3998/14326/3563 4025/14325/3563 4009/14324/3563
f 4026/14329/3564 4030/14328/3564 4029/14327/3564
f 4016/14332/3565 4017/14331/3565 4026/14330/3565
f 4016/14336/3566 4026/14335/3566 4029/14334/3566 4015/14333/3566
f 4016/14339/3567 3984/14338/3567 4017/14337/3567
f 4033/14344/3568 4032/14343/3568 4031/14342/3568 4003/14341/3568 4004/14340/3568
f 4027/14347/3569 4034/14346/3569 4031/14345/3569
f 4028/14351/3570 4018/14350/3570 3987/14349/3570 3988/14348/3570
f 4028/14355/3571 4008/14354/3571 4035/14353/3571 4027/14352/3571
f 4005/14360/3572 4014/14359/3572 4015/14358/3572 4036/14357/3572 4004/14356/3572
f 4012/14364/3573 4013/14363/3573 3995/14362/3573 4001/14361/3573
f 4031/14368/3574 4034/14367/3574 4023/14366/3574 4003/14365/3574
f 3995/14371/3575 4013/14370/3575 3994/14369/3575
f 4003/14375/3576 4038/14374/3576 4037/14373/3576 3994/14372/3576
f 4006/14379/3577 4013/14378/3577 4012/14377/3577 4005/14376/3577
f 4005/14383/3578 4012/14382/3578 4010/14381/3578 4014/14380/3578
f 4030/14387/3579 4036/14386/3579 4015/14385/3579 4029/14384/3579
f 4030/14390/3580 4032/14389/3580 4033/14388/3580
f 4026/14393/3581 4039/14392/3581 4030/14391/3581
f 4039/14397/3582 4031/14396/3582 4032/14395/3582 4030/14394/3582
f 4030/14401/3583 4033/14400/3583 4004/14399/3583 4036/14398/3583
f 4034/14404/3584 4009/14403/3584 4023/14402/3584
f 4024/14408/3585 4022/14407/3585 4037/14406/3585 4038/14405/3585
f 4024/14412/3586 4038/14411/3586 4003/14410/3586 4023/14409/3586
f 4024/14417/3587 4025/14416/3587 4040/14415/3587 4021/14414/3587 4022/14413/3587
f 4027/14420/3588 4035/14419/3588 4034/14418/3588
f 4035/14423/3589 4009/14422/3589 4034/14421/3589
f 4008/14427/3590 4028/14426/3590 3988/14425/3590 3989/14424/3590
f 4008/14430/3591 4009/14429/3591 4035/14428/3591
f 4027/14434/3592 4031/14433/3592 4039/14432/3592 4026/14431/3592
f 4020/14438/3593 3994/14437/3593 4037/14436/3593 4022/14435/3593
f 3993/14441/3594 3994/14440/3594 4020/14439/3594
f 3981/14446/3595 4019/14445/3595 4021/14444/3595 4040/14443/3595 4007/14442/3595
f 3979/14450/3596 3996/14449/3596 4019/14448/3596 3981/14447/3596
f 3998/14454/3597 4009/14453/3597 3990/14452/3597 3991/14451/3597
f 3999/14457/3598 4000/14456/3598 4007/14455/3598
f 3998/14462/3599 3999/14461/3599 4007/14460/3599 4040/14459/3599 4025/14458/3599
o group197357736
g mesh197357736
usemtl mat21
f 4043/14465/3600 4042/14464/3600 4041/14463/3600
f 4047/14469/3601 4046/14468/3601 4045/14467/3601 4044/14466/3601
f 4043/14480/3602 4054/14479/3602 4047/14478/3602 4044/14477/3602 4053/14476/3602 4052/14475/3602 4051/14474/3602 4050/14473/3602 4049/14472/3602 4048/14471/3602 4042/14470/3602
f 4057/14483/3603 4056/14482/3603 4055/14481/3603
f 4043/14487/3604 4059/14486/3604 4058/14485/3604 4054/14484/3604
f 4048/14492/3605 4049/14491/3605 4062/14490/3605 4061/14489/3605 4060/14488/3605
f 4064/14496/3606 4063/14495/3606 4046/14494/3606 4058/14493/3606
f 4068/14500/3607 4067/14499/3607 4066/14498/3607 4065/14497/3607
f 4042/14505/3608 4048/14504/3608 4060/14503/3608 4069/14502/3608 4041/14501/3608
f 4050/14509/3609 4051/14508/3609 4071/14507/3609 4070/14506/3609
f 4074/14514/3610 4073/14513/3610 4063/14512/3610 4064/14511/3610 4072/14510/3610
f 4056/14518/3611 4068/14517/3611 4065/14516/3611 4075/14515/3611
f 4073/14524/3612 4074/14523/3612 4078/14522/3612 4077/14521/3612 4076/14520/3612 4045/14519/3612
f 4046/14528/3613 4063/14527/3613 4073/14526/3613 4045/14525/3613
f 4080/14533/3614 4079/14532/3614 4053/14531/3614 4044/14530/3614 4045/14529/3614
f 4046/14537/3615 4047/14536/3615 4054/14535/3615 4058/14534/3615
f 4059/14542/3616 4057/14541/3616 4055/14540/3616 4064/14539/3616 4058/14538/3616
f 4082/14546/3617 4081/14545/3617 4057/14544/3617 4059/14543/3617
f 4084/14550/3618 4083/14549/3618 4081/14548/3618 4082/14547/3618
f 4070/14554/3619 4087/14553/3619 4086/14552/3619 4085/14551/3619
f 4080/14557/3620 4089/14556/3620 4088/14555/3620
f 4079/14561/3621 4080/14560/3621 4088/14559/3621 4090/14558/3621
f 4070/14564/3622 4085/14563/3622 4062/14562/3622
f 4092/14567/3623 4091/14566/3623 4089/14565/3623
f 4089/14570/3624 4080/14569/3624 4076/14568/3624
f 4077/14574/3625 4092/14573/3625 4089/14572/3625 4076/14571/3625
f 4080/14577/3626 4045/14576/3626 4076/14575/3626
f 4067/14582/3627 4068/14581/3627 4095/14580/3627 4094/14579/3627 4093/14578/3627
f 4095/14585/3628 4096/14584/3628 4088/14583/3628
f 4052/14589/3629 4053/14588/3629 4079/14587/3629 4090/14586/3629
f 4088/14593/3630 4097/14592/3630 4071/14591/3630 4090/14590/3630
f 4067/14598/3631 4098/14597/3631 4077/14596/3631 4078/14595/3631 4066/14594/3631
f 4064/14602/3632 4055/14601/3632 4075/14600/3632 4072/14599/3632
f 4068/14606/3633 4087/14605/3633 4096/14604/3633 4095/14603/3633
f 4056/14609/3634 4075/14608/3634 4055/14607/3634
f 4056/14613/3635 4100/14612/3635 4099/14611/3635 4068/14610/3635
f 4066/14617/3636 4072/14616/3636 4075/14615/3636 4065/14614/3636
f 4078/14621/3637 4074/14620/3637 4072/14619/3637 4066/14618/3637
f 4092/14625/3638 4077/14624/3638 4098/14623/3638 4091/14622/3638
f 4093/14628/3639 4094/14627/3639 4091/14626/3639
f 4091/14631/3640 4101/14630/3640 4089/14629/3640
f 4091/14635/3641 4094/14634/3641 4095/14633/3641 4101/14632/3641
f 4098/14639/3642 4067/14638/3642 4093/14637/3642 4091/14636/3642
f 4087/14642/3643 4070/14641/3643 4096/14640/3643
f 4099/14646/3644 4100/14645/3644 4083/14644/3644 4086/14643/3644
f 4087/14650/3645 4068/14649/3645 4099/14648/3645 4086/14647/3645
f 4083/14655/3646 4084/14654/3646 4102/14653/3646 4085/14652/3646 4086/14651/3646
f 4096/14658/3647 4097/14657/3647 4088/14656/3647
f 4096/14661/3648 4070/14660/3648 4097/14659/3648
f 4051/14665/3649 4052/14664/3649 4090/14663/3649 4071/14662/3649
f 4097/14668/3650 4070/14667/3650 4071/14666/3650
f 4089/14672/3651 4101/14671/3651 4095/14670/3651 4088/14669/3651
f 4083/14676/3652 4100/14675/3652 4056/14674/3652 4081/14673/3652
f 4081/14679/3653 4056/14678/3653 4057/14677/3653
f 4069/14684/3654 4102/14683/3654 4084/14682/3654 4082/14681/3654 4041/14680/3654
f 4041/14688/3655 4082/14687/3655 4059/14686/3655 4043/14685/3655
f 4049/14692/3656 4050/14691/3656 4070/14690/3656 4062/14689/3656
f 4069/14695/3657 4060/14694/3657 4061/14693/3657
f 4085/14700/3658 4102/14699/3658 4069/14698/3658 4061/14697/3658 4062/14696/3658
o group1334676454
g mesh1334676454
usemtl mat21
f 4105/14703/3659 4104/14702/3659 4103/14701/3659
f 4109/14707/3660 4108/14706/3660 4107/14705/3660 4106/14704/3660
f 4105/14718/3661 4116/14717/3661 4109/14716/3661 4106/14715/3661 4115/14714/3661 4114/14713/3661 4113/14712/3661 4112/14711/3661 4111/14710/3661 4110/14709/3661 4104/14708/3661
f 4119/14721/3662 4118/14720/3662 4117/14719/3662
f 4105/14725/3663 4121/14724/3663 4120/14723/3663 4116/14722/3663
f 4110/14730/3664 4111/14729/3664 4124/14728/3664 4123/14727/3664 4122/14726/3664
f 4126/14734/3665 4125/14733/3665 4108/14732/3665 4120/14731/3665
f 4130/14738/3666 4129/14737/3666 4128/14736/3666 4127/14735/3666
f 4104/14743/3667 4110/14742/3667 4122/14741/3667 4131/14740/3667 4103/14739/3667
f 4112/14747/3668 4113/14746/3668 4133/14745/3668 4132/14744/3668
f 4136/14752/3669 4135/14751/3669 4125/14750/3669 4126/14749/3669 4134/14748/3669
f 4118/14756/3670 4130/14755/3670 4127/14754/3670 4137/14753/3670
f 4135/14762/3671 4136/14761/3671 4140/14760/3671 4139/14759/3671 4138/14758/3671 4107/14757/3671
f 4108/14766/3672 4125/14765/3672 4135/14764/3672 4107/14763/3672
f 4142/14771/3673 4141/14770/3673 4115/14769/3673 4106/14768/3673 4107/14767/3673
f 4108/14775/3674 4109/14774/3674 4116/14773/3674 4120/14772/3674
f 4121/14780/3675 4119/14779/3675 4117/14778/3675 4126/14777/3675 4120/14776/3675
f 4144/14784/3676 4143/14783/3676 4119/14782/3676 4121/14781/3676
f 4146/14788/3677 4145/14787/3677 4143/14786/3677 4144/14785/3677
f 4132/14792/3678 4149/14791/3678 4148/14790/3678 4147/14789/3678
f 4142/14795/3679 4151/14794/3679 4150/14793/3679
f 4141/14799/3680 4142/14798/3680 4150/14797/3680 4152/14796/3680
f 4132/14802/3681 4147/14801/3681 4124/14800/3681
f 4154/14805/3682 4153/14804/3682 4151/14803/3682
f 4151/14808/3683 4142/14807/3683 4138/14806/3683
f 4139/14812/3684 4154/14811/3684 4151/14810/3684 4138/14809/3684
f 4142/14815/3685 4107/14814/3685 4138/14813/3685
f 4129/14820/3686 4130/14819/3686 4157/14818/3686 4156/14817/3686 4155/14816/3686
f 4157/14823/3687 4158/14822/3687 4150/14821/3687
f 4114/14827/3688 4115/14826/3688 4141/14825/3688 4152/14824/3688
f 4150/14831/3689 4159/14830/3689 4133/14829/3689 4152/14828/3689
f 4129/14836/3690 4160/14835/3690 4139/14834/3690 4140/14833/3690 4128/14832/3690
f 4126/14840/3691 4117/14839/3691 4137/14838/3691 4134/14837/3691
f 4130/14844/3692 4149/14843/3692 4158/14842/3692 4157/14841/3692
f 4118/14847/3693 4137/14846/3693 4117/14845/3693
f 4118/14851/3694 4162/14850/3694 4161/14849/3694 4130/14848/3694
f 4128/14855/3695 4134/14854/3695 4137/14853/3695 4127/14852/3695
f 4140/14859/3696 4136/14858/3696 4134/14857/3696 4128/14856/3696
f 4154/14863/3697 4139/14862/3697 4160/14861/3697 4153/14860/3697
f 4155/14866/3698 4156/14865/3698 4153/14864/3698
f 4153/14869/3699 4163/14868/3699 4151/14867/3699
f 4153/14873/3700 4156/14872/3700 4157/14871/3700 4163/14870/3700
f 4160/14877/3701 4129/14876/3701 4155/14875/3701 4153/14874/3701
f 4149/14880/3702 4132/14879/3702 4158/14878/3702
f 4161/14884/3703 4162/14883/3703 4145/14882/3703 4148/14881/3703
f 4149/14888/3704 4130/14887/3704 4161/14886/3704 4148/14885/3704
f 4145/14893/3705 4146/14892/3705 4164/14891/3705 4147/14890/3705 4148/14889/3705
f 4158/14896/3706 4159/14895/3706 4150/14894/3706
f 4158/14899/3707 4132/14898/3707 4159/14897/3707
f 4113/14903/3708 4114/14902/3708 4152/14901/3708 4133/14900/3708
f 4159/14906/3709 4132/14905/3709 4133/14904/3709
f 4151/14910/3710 4163/14909/3710 4157/14908/3710 4150/14907/3710
f 4145/14914/3711 4162/14913/3711 4118/14912/3711 4143/14911/3711
f 4143/14917/3712 4118/14916/3712 4119/14915/3712
f 4131/14922/3713 4164/14921/3713 4146/14920/3713 4144/14919/3713 4103/14918/3713
f 4103/14926/3714 4144/14925/3714 4121/14924/3714 4105/14923/3714
f 4111/14930/3715 4112/14929/3715 4132/14928/3715 4124/14927/3715
f 4131/14933/3716 4122/14932/3716 4123/14931/3716
f 4147/14938/3717 4164/14937/3717 4131/14936/3717 4123/14935/3717 4124/14934/3717
o group1802490509
g mesh1802490509
usemtl mat21
f 4167/14941/3718 4166/14940/3718 4165/14939/3718
f 4171/14945/3719 4170/14944/3719 4169/14943/3719 4168/14942/3719
f 4167/14956/3720 4178/14955/3720 4171/14954/3720 4168/14953/3720 4177/14952/3720 4176/14951/3720 4175/14950/3720 4174/14949/3720 4173/14948/3720 4172/14947/3720 4166/14946/3720
f 4181/14959/3721 4180/14958/3721 4179/14957/3721
f 4167/14963/3722 4183/14962/3722 4182/14961/3722 4178/14960/3722
f 4172/14968/3723 4173/14967/3723 4186/14966/3723 4185/14965/3723 4184/14964/3723
f 4188/14972/3724 4187/14971/3724 4170/14970/3724 4182/14969/3724
f 4192/14976/3725 4191/14975/3725 4190/14974/3725 4189/14973/3725
f 4166/14981/3726 4172/14980/3726 4184/14979/3726 4193/14978/3726 4165/14977/3726
f 4174/14985/3727 4175/14984/3727 4195/14983/3727 4194/14982/3727
f 4198/14990/3728 4197/14989/3728 4187/14988/3728 4188/14987/3728 4196/14986/3728
f 4180/14994/3729 4192/14993/3729 4189/14992/3729 4199/14991/3729
f 4197/15000/3730 4198/14999/3730 4202/14998/3730 4201/14997/3730 4200/14996/3730 4169/14995/3730
f 4170/15004/3731 4187/15003/3731 4197/15002/3731 4169/15001/3731
f 4204/15009/3732 4203/15008/3732 4177/15007/3732 4168/15006/3732 4169/15005/3732
f 4170/15013/3733 4171/15012/3733 4178/15011/3733 4182/15010/3733
f 4183/15018/3734 4181/15017/3734 4179/15016/3734 4188/15015/3734 4182/15014/3734
f 4206/15022/3735 4205/15021/3735 4181/15020/3735 4183/15019/3735
f 4208/15026/3736 4207/15025/3736 4205/15024/3736 4206/15023/3736
f 4194/15030/3737 4211/15029/3737 4210/15028/3737 4209/15027/3737
f 4204/15033/3738 4213/15032/3738 4212/15031/3738
f 4203/15037/3739 4204/15036/3739 4212/15035/3739 4214/15034/3739
f 4194/15040/3740 4209/15039/3740 4186/15038/3740
f 4216/15043/3741 4215/15042/3741 4213/15041/3741
f 4213/15046/3742 4204/15045/3742 4200/15044/3742
f 4201/15050/3743 4216/15049/3743 4213/15048/3743 4200/15047/3743
f 4204/15053/3744 4169/15052/3744 4200/15051/3744
f 4191/15058/3745 4192/15057/3745 4219/15056/3745 4218/15055/3745 4217/15054/3745
f 4219/15061/3746 4220/15060/3746 4212/15059/3746
f 4176/15065/3747 4177/15064/3747 4203/15063/3747 4214/15062/3747
f 4212/15069/3748 4221/15068/3748 4195/15067/3748 4214/15066/3748
f 4191/15074/3749 4222/15073/3749 4201/15072/3749 4202/15071/3749 4190/15070/3749
f 4188/15078/3750 4179/15077/3750 4199/15076/3750 4196/15075/3750
f 4192/15082/3751 4211/15081/3751 4220/15080/3751 4219/15079/3751
f 4180/15085/3752 4199/15084/3752 4179/15083/3752
f 4180/15089/3753 4224/15088/3753 4223/15087/3753 4192/15086/3753
f 4190/15093/3754 4196/15092/3754 4199/15091/3754 4189/15090/3754
f 4202/15097/3755 4198/15096/3755 4196/15095/3755 4190/15094/3755
f 4216/15101/3756 4201/15100/3756 4222/15099/3756 4215/15098/3756
f 4217/15104/3757 4218/15103/3757 4215/15102/3757
f 4215/15107/3758 4225/15106/3758 4213/15105/3758
f 4215/15111/3759 4218/15110/3759 4219/15109/3759 4225/15108/3759
f 4222/15115/3760 4191/15114/3760 4217/15113/3760 4215/15112/3760
f 4211/15118/3761 4194/15117/3761 4220/15116/3761
f 4223/15122/3762 4224/15121/3762 4207/15120/3762 4210/15119/3762
f 4211/15126/3763 4192/15125/3763 4223/15124/3763 4210/15123/3763
f 4207/15131/3764 4208/15130/3764 4226/15129/3764 4209/15128/3764 4210/15127/3764
f 4220/15134/3765 4221/15133/3765 4212/15132/3765
f 4220/15137/3766 4194/15136/3766 4221/15135/3766
f 4175/15141/3767 4176/15140/3767 4214/15139/3767 4195/15138/3767
f 4221/15144/3768 4194/15143/3768 4195/15142/3768
f 4213/15148/3769 4225/15147/3769 4219/15146/3769 4212/15145/3769
f 4207/15152/3770 4224/15151/3770 4180/15150/3770 4205/15149/3770
f 4205/15155/3771 4180/15154/3771 4181/15153/3771
f 4193/15160/3772 4226/15159/3772 4208/15158/3772 4206/15157/3772 4165/15156/3772
f 4165/15164/3773 4206/15163/3773 4183/15162/3773 4167/15161/3773
f 4173/15168/3774 4174/15167/3774 4194/15166/3774 4186/15165/3774
f 4193/15171/3775 4184/15170/3775 4185/15169/3775
f 4209/15176/3776 4226/15175/3776 4193/15174/3776 4185/15173/3776 4186/15172/3776
o group1431825437
g mesh1431825437
usemtl mat20
f 4/4/1 3/3/1 2/2/1 1/1/1
f 3/8/2 6/7/2 5/6/2 2/5/2
f 6/12/3 8/11/3 7/10/3 5/9/3
f 8/16/4 10/15/4 9/14/4 7/13/4
f 10/20/5 12/19/5 11/18/5 9/17/5
f 12/24/6 14/23/6 13/22/6 11/21/6
f 14/28/7 16/27/7 15/26/7 13/25/7
f 16/32/8 18/31/8 17/30/8 15/29/8
f 18/36/9 20/35/9 19/34/9 17/33/9
f 20/40/10 22/39/10 21/38/10 19/37/10
f 22/44/11 24/43/11 23/42/11 21/41/11
f 24/48/12 4/47/12 1/46/12 23/45/12
f 1/60/13 2/59/13 5/58/13 7/57/13 9/56/13 11/55/13 13/54/13 15/53/13 17/52/13 19/51/13 21/50/13 23/49/13
f 24/72/14 22/71/14 20/70/14 18/69/14 16/68/14 14/67/14 12/66/14 10/65/14 8/64/14 6/63/14 3/62/14 4/61/14
usemtl mat22
f 28/76/15 27/75/15 26/74/15 25/73/15
f 27/80/16 30/79/16 29/78/16 26/77/16
f 30/84/17 32/83/17 31/82/17 29/81/17
f 32/88/18 34/87/18 33/86/18 31/85/18
f 34/92/19 36/91/19 35/90/19 33/89/19
f 36/96/20 38/95/20 37/94/20 35/93/20
f 38/100/21 40/99/21 39/98/21 37/97/21
f 40/104/22 42/103/22 41/102/22 39/101/22
f 42/108/23 44/107/23 43/106/23 41/105/23
f 44/112/24 46/111/24 45/110/24 43/109/24
f 46/116/25 48/115/25 47/114/25 45/113/25
f 48/120/26 28/119/26 25/118/26 47/117/26
f 25/132/27 26/131/27 29/130/27 31/129/27 33/128/27 35/127/27 37/126/27 39/125/27 41/124/27 43/123/27 45/122/27 47/121/27
f 48/144/28 46/143/28 44/142/28 42/141/28 40/140/28 38/139/28 36/138/28 34/137/28 32/136/28 30/135/28 27/134/28 28/133/28
usemtl mat21
f 614/2325/561 613/2324/561 612/2323/561
f 613/2328/562 615/2327/562 612/2326/562
f 615/2331/563 616/2330/563 612/2329/563
f 616/2334/564 617/2333/564 612/2332/564
f 617/2337/565 618/2336/565 612/2335/565
f 618/2340/566 619/2339/566 612/2338/566
f 619/2343/567 620/2342/567 612/2341/567
f 620/2346/568 621/2345/568 612/2344/568
f 621/2349/569 622/2348/569 612/2347/569
f 622/2352/570 623/2351/570 612/2350/570
f 623/2355/571 624/2354/571 612/2353/571
f 624/2358/572 614/2357/572 612/2356/572
f 626/2362/573 625/2361/573 613/2360/573 614/2359/573
f 625/2366/574 627/2365/574 615/2364/574 613/2363/574
f 627/2370/575 628/2369/575 616/2368/575 615/2367/575
f 628/2374/576 629/2373/576 617/2372/576 616/2371/576
f 629/2378/577 630/2377/577 618/2376/577 617/2375/577
f 630/2382/578 631/2381/578 619/2380/578 618/2379/578
f 631/2386/579 632/2385/579 620/2384/579 619/2383/579
f 632/2390/580 633/2389/580 621/2388/580 620/2387/580
f 633/2394/581 634/2393/581 622/2392/581 621/2391/581
f 634/2398/582 635/2397/582 623/2396/582 622/2395/582
f 635/2402/583 636/2401/583 624/2400/583 623/2399/583
f 636/2406/584 626/2405/584 614/2404/584 624/2403/584
f 638/2410/585 637/2409/585 625/2408/585 626/2407/585
f 637/2414/586 639/2413/586 627/2412/586 625/2411/586
f 639/2418/587 640/2417/587 628/2416/587 627/2415/587
f 640/2422/588 641/2421/588 629/2420/588 628/2419/588
f 641/2426/589 642/2425/589 630/2424/589 629/2423/589
f 642/2430/590 643/2429/590 631/2428/590 630/2427/590
f 643/2434/591 644/2433/591 632/2432/591 631/2431/591
f 644/2438/592 645/2437/592 633/2436/592 632/2435/592
f 645/2442/593 646/2441/593 634/2440/593 633/2439/593
f 646/2446/594 647/2445/594 635/2444/594 634/2443/594
f 647/2450/595 648/2449/595 636/2448/595 635/2447/595
f 648/2454/596 638/2453/596 626/2452/596 636/2451/596
f 650/2458/597 649/2457/597 637/2456/597 638/2455/597
f 649/2462/598 651/2461/598 639/2460/598 637/2459/598
f 651/2466/599 652/2465/599 640/2464/599 639/2463/599
f 652/2470/600 653/2469/600 641/2468/600 640/2467/600
f 653/2474/601 654/2473/601 642/2472/601 641/2471/601
f 654/2478/602 655/2477/602 643/2476/602 642/2475/602
f 655/2482/603 656/2481/603 644/2480/603 643/2479/603
f 656/2486/604 657/2485/604 645/2484/604 644/2483/604
f 657/2490/605 658/2489/605 646/2488/605 645/2487/605
f 658/2494/606 659/2493/606 647/2492/606 646/2491/606
f 659/2498/607 660/2497/607 648/2496/607 647/2495/607
f 660/2502/608 650/2501/608 638/2500/608 648/2499/608
f 662/2506/609 661/2505/609 649/2504/609 650/2503/609
f 661/2510/610 663/2509/610 651/2508/610 649/2507/610
f 663/2514/611 664/2513/611 652/2512/611 651/2511/611
f 664/2518/612 665/2517/612 653/2516/612 652/2515/612
f 665/2522/613 666/2521/613 654/2520/613 653/2519/613
f 666/2526/614 667/2525/614 655/2524/614 654/2523/614
f 667/2530/615 668/2529/615 656/2528/615 655/2527/615
f 668/2534/616 669/2533/616 657/2532/616 656/2531/616
f 669/2538/617 670/2537/617 658/2536/617 657/2535/617
f 670/2542/618 671/2541/618 659/2540/618 658/2539/618
f 671/2546/619 672/2545/619 660/2544/619 659/2543/619
f 672/2550/620 662/2549/620 650/2548/620 660/2547/620
f 674/2554/621 673/2553/621 661/2552/621 662/2551/621
f 673/2558/622 675/2557/622 663/2556/622 661/2555/622
f 675/2562/623 676/2561/623 664/2560/623 663/2559/623
f 676/2566/624 677/2565/624 665/2564/624 664/2563/624
f 677/2570/625 678/2569/625 666/2568/625 665/2567/625
f 678/2574/626 679/2573/626 667/2572/626 666/2571/626
f 679/2578/627 680/2577/627 668/2576/627 667/2575/627
f 680/2582/628 681/2581/628 669/2580/628 668/2579/628
f 681/2586/629 682/2585/629 670/2584/629 669/2583/629
f 682/2590/630 683/2589/630 671/2588/630 670/2587/630
f 683/2594/631 684/2593/631 672/2592/631 671/2591/631
f 684/2598/632 674/2597/632 662/2596/632 672/2595/632
f 686/2602/633 685/2601/633 673/2600/633 674/2599/633
f 685/2606/634 687/2605/634 675/2604/634 673/2603/634
f 687/2610/635 688/2609/635 676/2608/635 675/2607/635
f 688/2614/636 689/2613/636 677/2612/636 676/2611/636
f 689/2618/637 690/2617/637 678/2616/637 677/2615/637
f 690/2622/638 691/2621/638 679/2620/638 678/2619/638
f 691/2626/639 692/2625/639 680/2624/639 679/2623/639
f 692/2630/640 693/2629/640 681/2628/640 680/2627/640
f 693/2634/641 694/2633/641 682/2632/641 681/2631/641
f 694/2638/642 695/2637/642 683/2636/642 682/2635/642
f 695/2642/643 696/2641/643 684/2640/643 683/2639/643
f 696/2646/644 686/2645/644 674/2644/644 684/2643/644
f 698/2650/645 697/2649/645 685/2648/645 686/2647/645
f 697/2654/646 699/2653/646 687/2652/646 685/2651/646
f 699/2658/647 700/2657/647 688/2656/647 687/2655/647
f 700/2662/648 701/2661/648 689/2660/648 688/2659/648
f 701/2666/649 702/2665/649 690/2664/649 689/2663/649
f 702/2670/650 703/2669/650 691/2668/650 690/2667/650
f 703/2674/651 704/2673/651 692/2672/651 691/2671/651
f 704/2678/652 705/2677/652 693/2676/652 692/2675/652
f 705/2682/653 706/2681/653 694/2680/653 693/2679/653
f 706/2686/654 707/2685/654 695/2684/654 694/2683/654
f 707/2690/655 708/2689/655 696/2688/655 695/2687/655
f 708/2694/656 698/2693/656 686/2692/656 696/2691/656
f 709/2697/657 697/2696/657 698/2695/657
f 709/2700/658 699/2699/658 697/2698/658
f 709/2703/659 700/2702/659 699/2701/659
f 709/2706/660 701/2705/660 700/2704/660
f 709/2709/661 702/2708/661 701/2707/661
f 709/2712/662 703/2711/662 702/2710/662
f 709/2715/663 704/2714/663 703/2713/663
f 709/2718/664 705/2717/664 704/2716/664
f 709/2721/665 706/2720/665 705/2719/665
f 709/2724/666 707/2723/666 706/2722/666
f 709/2727/667 708/2726/667 707/2725/667
f 709/2730/668 698/2729/668 708/2728/668
o group918087620
g mesh918087620
usemtl mat16
f 607/2302/555 606/2301/555 605/2300/555 604/2299/555
f 611/2306/556 610/2305/556 609/2304/556 608/2303/556
f 605/2310/557 611/2309/557 608/2308/557 604/2307/557
f 609/2314/558 610/2313/558 606/2312/558 607/2311/558
f 608/2318/559 609/2317/559 607/2316/559 604/2315/559
f 1301/4902/1209 1300/4901/1209 1299/4900/1209 1298/4899/1209
f 1300/4906/1210 1303/4905/1210 1302/4904/1210 1299/4903/1210
f 1303/4910/1211 1305/4909/1211 1304/4908/1211 1302/4907/1211
f 1305/4914/1212 1307/4913/1212 1306/4912/1212 1304/4911/1212
f 1307/4918/1213 1309/4917/1213 1308/4916/1213 1306/4915/1213
f 1309/4922/1214 1311/4921/1214 1310/4920/1214 1308/4919/1214
f 1311/4926/1215 1313/4925/1215 1312/4924/1215 1310/4923/1215
f 1313/4930/1216 1315/4929/1216 1314/4928/1216 1312/4927/1216
f 1315/4934/1217 1317/4933/1217 1316/4932/1217 1314/4931/1217
f 1317/4938/1218 1319/4937/1218 1318/4936/1218 1316/4935/1218
f 1319/4942/1219 1321/4941/1219 1320/4940/1219 1318/4939/1219
f 1321/4946/1220 1301/4945/1220 1298/4944/1220 1320/4943/1220
f 1298/4958/1221 1299/4957/1221 1302/4956/1221 1304/4955/1221 1306/4954/1221 1308/4953/1221 1310/4952/1221 1312/4951/1221 1314/4950/1221 1316/4949/1221 1318/4948/1221 1320/4947/1221
f 1321/4970/1222 1319/4969/1222 1317/4968/1222 1315/4967/1222 1313/4966/1222 1311/4965/1222 1309/4964/1222 1307/4963/1222 1305/4962/1222 1303/4961/1222 1300/4960/1222 1301/4959/1222
f 1349/5046/1237 1348/5045/1237 1347/5044/1237 1346/5043/1237
f 1348/5050/1238 1351/5049/1238 1350/5048/1238 1347/5047/1238
f 1351/5054/1239 1353/5053/1239 1352/5052/1239 1350/5051/1239
f 1353/5058/1240 1355/5057/1240 1354/5056/1240 1352/5055/1240
f 1355/5062/1241 1357/5061/1241 1356/5060/1241 1354/5059/1241
f 1357/5066/1242 1359/5065/1242 1358/5064/1242 1356/5063/1242
f 1359/5070/1243 1361/5069/1243 1360/5068/1243 1358/5067/1243
f 1361/5074/1244 1363/5073/1244 1362/5072/1244 1360/5071/1244
f 1363/5078/1245 1365/5077/1245 1364/5076/1245 1362/5075/1245
f 1365/5082/1246 1367/5081/1246 1366/5080/1246 1364/5079/1246
f 1367/5086/1247 1369/5085/1247 1368/5084/1247 1366/5083/1247
f 1369/5090/1248 1349/5089/1248 1346/5088/1248 1368/5087/1248
f 1369/5114/1250 1367/5113/1250 1365/5112/1250 1363/5111/1250 1361/5110/1250 1359/5109/1250 1357/5108/1250 1355/5107/1250 1353/5106/1250 1351/5105/1250 1348/5104/1250 1349/5103/1250
f 1373/5118/1251 1372/5117/1251 1371/5116/1251 1370/5115/1251
f 1372/5122/1252 1375/5121/1252 1374/5120/1252 1371/5119/1252
f 1375/5126/1253 1377/5125/1253 1376/5124/1253 1374/5123/1253
f 1377/5130/1254 1379/5129/1254 1378/5128/1254 1376/5127/1254
f 1379/5134/1255 1381/5133/1255 1380/5132/1255 1378/5131/1255
f 1381/5138/1256 1383/5137/1256 1382/5136/1256 1380/5135/1256
f 1383/5142/1257 1385/5141/1257 1384/5140/1257 1382/5139/1257
f 1385/5146/1258 1387/5145/1258 1386/5144/1258 1384/5143/1258
f 1387/5150/1259 1389/5149/1259 1388/5148/1259 1386/5147/1259
f 1389/5154/1260 1391/5153/1260 1390/5152/1260 1388/5151/1260
f 1391/5158/1261 1393/5157/1261 1392/5156/1261 1390/5155/1261
f 1393/5162/1262 1373/5161/1262 1370/5160/1262 1392/5159/1262
f 1393/5186/1264 1391/5185/1264 1389/5184/1264 1387/5183/1264 1385/5182/1264 1383/5181/1264 1381/5180/1264 1379/5179/1264 1377/5178/1264 1375/5177/1264 1372/5176/1264 1373/5175/1264
f 1397/5190/1265 1396/5189/1265 1395/5188/1265 1394/5187/1265
f 1396/5194/1266 1399/5193/1266 1398/5192/1266 1395/5191/1266
f 1399/5198/1267 1401/5197/1267 1400/5196/1267 1398/5195/1267
f 1401/5202/1268 1403/5201/1268 1402/5200/1268 1400/5199/1268
f 1403/5206/1269 1405/5205/1269 1404/5204/1269 1402/5203/1269
f 1405/5210/1270 1407/5209/1270 1406/5208/1270 1404/5207/1270
f 1407/5214/1271 1409/5213/1271 1408/5212/1271 1406/5211/1271
f 1409/5218/1272 1411/5217/1272 1410/5216/1272 1408/5215/1272
f 1411/5222/1273 1413/5221/1273 1412/5220/1273 1410/5219/1273
f 1413/5226/1274 1415/5225/1274 1414/5224/1274 1412/5223/1274
f 1415/5230/1275 1417/5229/1275 1416/5228/1275 1414/5227/1275
f 1417/5234/1276 1397/5233/1276 1394/5232/1276 1416/5231/1276
f 1417/5258/1278 1415/5257/1278 1413/5256/1278 1411/5255/1278 1409/5254/1278 1407/5253/1278 1405/5252/1278 1403/5251/1278 1401/5250/1278 1399/5249/1278 1396/5248/1278 1397/5247/1278
f 1509/5591/1359 1508/5590/1359 1507/5589/1359
f 1511/5594/1360 1509/5593/1360 1510/5592/1360
f 1508/5598/1361 1511/5597/1361 1510/5596/1361 1507/5595/1361
f 1510/5601/1362 1509/5600/1362 1507/5599/1362
f 1509/5604/1363 1511/5603/1363 1508/5602/1363
usemtl mat22
f 606/2322/560 610/2321/560 611/2320/560 605/2319/560
usemtl mat23
f 1325/4974/1223 1324/4973/1223 1323/4972/1223 1322/4971/1223
f 1324/4978/1224 1327/4977/1224 1326/4976/1224 1323/4975/1224
f 1327/4982/1225 1329/4981/1225 1328/4980/1225 1326/4979/1225
f 1329/4986/1226 1331/4985/1226 1330/4984/1226 1328/4983/1226
f 1331/4990/1227 1333/4989/1227 1332/4988/1227 1330/4987/1227
f 1333/4994/1228 1335/4993/1228 1334/4992/1228 1332/4991/1228
f 1335/4998/1229 1337/4997/1229 1336/4996/1229 1334/4995/1229
f 1337/5002/1230 1339/5001/1230 1338/5000/1230 1336/4999/1230
f 1339/5006/1231 1341/5005/1231 1340/5004/1231 1338/5003/1231
f 1341/5010/1232 1343/5009/1232 1342/5008/1232 1340/5007/1232
f 1343/5014/1233 1345/5013/1233 1344/5012/1233 1342/5011/1233
f 1345/5018/1234 1325/5017/1234 1322/5016/1234 1344/5015/1234
f 1322/5030/1235 1323/5029/1235 1326/5028/1235 1328/5027/1235 1330/5026/1235 1332/5025/1235 1334/5024/1235 1336/5023/1235 1338/5022/1235 1340/5021/1235 1342/5020/1235 1344/5019/1235
f 1345/5042/1236 1343/5041/1236 1341/5040/1236 1339/5039/1236 1337/5038/1236 1335/5037/1236 1333/5036/1236 1331/5035/1236 1329/5034/1236 1327/5033/1236 1324/5032/1236 1325/5031/1236
usemtl mat21
f 1346/5102/1249 1347/5101/1249 1350/5100/1249 1352/5099/1249 1354/5098/1249 1356/5097/1249 1358/5096/1249 1360/5095/1249 1362/5094/1249 1364/5093/1249 1366/5092/1249 1368/5091/1249
f 1370/5174/1263 1371/5173/1263 1374/5172/1263 1376/5171/1263 1378/5170/1263 1380/5169/1263 1382/5168/1263 1384/5167/1263 1386/5166/1263 1388/5165/1263 1390/5164/1263 1392/5163/1263
f 1394/5246/1277 1395/5245/1277 1398/5244/1277 1400/5243/1277 1402/5242/1277 1404/5241/1277 1406/5240/1277 1408/5239/1277 1410/5238/1277 1412/5237/1277 1414/5236/1277 1416/5235/1277
o group970021958
g mesh970021958
usemtl mat11
f 1196/4517/1105 1195/4516/1105 1194/4515/1105
f 1195/4520/1106 1197/4519/1106 1194/4518/1106
f 1197/4523/1107 1198/4522/1107 1194/4521/1107
f 1198/4526/1108 1199/4525/1108 1194/4524/1108
f 1199/4529/1109 1200/4528/1109 1194/4527/1109
f 1200/4532/1110 1201/4531/1110 1194/4530/1110
f 1201/4535/1111 1202/4534/1111 1194/4533/1111
f 1202/4538/1112 1203/4537/1112 1194/4536/1112
f 1203/4541/1113 1204/4540/1113 1194/4539/1113
f 1204/4544/1114 1205/4543/1114 1194/4542/1114
f 1205/4547/1115 1206/4546/1115 1194/4545/1115
f 1206/4550/1116 1196/4549/1116 1194/4548/1116
f 1206/4562/1117 1205/4561/1117 1204/4560/1117 1203/4559/1117 1202/4558/1117 1201/4557/1117 1200/4556/1117 1199/4555/1117 1198/4554/1117 1197/4553/1117 1195/4552/1117 1196/4551/1117
f 1209/4565/1118 1208/4564/1118 1207/4563/1118
f 1208/4568/1119 1210/4567/1119 1207/4566/1119
f 1210/4571/1120 1211/4570/1120 1207/4569/1120
f 1211/4574/1121 1212/4573/1121 1207/4572/1121
f 1212/4577/1122 1213/4576/1122 1207/4575/1122
f 1213/4580/1123 1214/4579/1123 1207/4578/1123
f 1214/4583/1124 1215/4582/1124 1207/4581/1124
f 1215/4586/1125 1216/4585/1125 1207/4584/1125
f 1216/4589/1126 1217/4588/1126 1207/4587/1126
f 1217/4592/1127 1218/4591/1127 1207/4590/1127
f 1218/4595/1128 1219/4594/1128 1207/4593/1128
f 1219/4598/1129 1209/4597/1129 1207/4596/1129
f 1219/4610/1130 1218/4609/1130 1217/4608/1130 1216/4607/1130 1215/4606/1130 1214/4605/1130 1213/4604/1130 1212/4603/1130 1211/4602/1130 1210/4601/1130 1208/4600/1130 1209/4599/1130
f 1222/4613/1131 1221/4612/1131 1220/4611/1131
f 1221/4616/1132 1223/4615/1132 1220/4614/1132
f 1223/4619/1133 1224/4618/1133 1220/4617/1133
f 1224/4622/1134 1225/4621/1134 1220/4620/1134
f 1225/4625/1135 1226/4624/1135 1220/4623/1135
f 1226/4628/1136 1227/4627/1136 1220/4626/1136
f 1227/4631/1137 1228/4630/1137 1220/4629/1137
f 1228/4634/1138 1229/4633/1138 1220/4632/1138
f 1229/4637/1139 1230/4636/1139 1220/4635/1139
f 1230/4640/1140 1231/4639/1140 1220/4638/1140
f 1231/4643/1141 1232/4642/1141 1220/4641/1141
f 1232/4646/1142 1222/4645/1142 1220/4644/1142
f 1232/4658/1143 1231/4657/1143 1230/4656/1143 1229/4655/1143 1228/4654/1143 1227/4653/1143 1226/4652/1143 1225/4651/1143 1224/4650/1143 1223/4649/1143 1221/4648/1143 1222/4647/1143
f 1235/4661/1144 1234/4660/1144 1233/4659/1144
f 1234/4664/1145 1236/4663/1145 1233/4662/1145
f 1236/4667/1146 1237/4666/1146 1233/4665/1146
f 1237/4670/1147 1238/4669/1147 1233/4668/1147
f 1238/4673/1148 1239/4672/1148 1233/4671/1148
f 1239/4676/1149 1240/4675/1149 1233/4674/1149
f 1240/4679/1150 1241/4678/1150 1233/4677/1150
f 1241/4682/1151 1242/4681/1151 1233/4680/1151
f 1242/4685/1152 1243/4684/1152 1233/4683/1152
f 1243/4688/1153 1244/4687/1153 1233/4686/1153
f 1244/4691/1154 1245/4690/1154 1233/4689/1154
f 1245/4694/1155 1235/4693/1155 1233/4692/1155
f 1245/4706/1156 1244/4705/1156 1243/4704/1156 1242/4703/1156 1241/4702/1156 1240/4701/1156 1239/4700/1156 1238/4699/1156 1237/4698/1156 1236/4697/1156 1234/4696/1156 1235/4695/1156
f 1274/4805/1183 1273/4804/1183 1272/4803/1183
f 1273/4808/1184 1275/4807/1184 1272/4806/1184
f 1275/4811/1185 1276/4810/1185 1272/4809/1185
f 1276/4814/1186 1277/4813/1186 1272/4812/1186
f 1277/4817/1187 1278/4816/1187 1272/4815/1187
f 1278/4820/1188 1279/4819/1188 1272/4818/1188
f 1279/4823/1189 1280/4822/1189 1272/4821/1189
f 1280/4826/1190 1281/4825/1190 1272/4824/1190
f 1281/4829/1191 1282/4828/1191 1272/4827/1191
f 1282/4832/1192 1283/4831/1192 1272/4830/1192
f 1283/4835/1193 1284/4834/1193 1272/4833/1193
f 1284/4838/1194 1274/4837/1194 1272/4836/1194
f 1284/4850/1195 1283/4849/1195 1282/4848/1195 1281/4847/1195 1280/4846/1195 1279/4845/1195 1278/4844/1195 1277/4843/1195 1276/4842/1195 1275/4841/1195 1273/4840/1195 1274/4839/1195
o group700178591
g mesh700178591
usemtl mat17
f 1653/6026/1469 1652/6025/1469 1651/6024/1469 1650/6023/1469
f 1652/6030/1470 1655/6029/1470 1654/6028/1470 1651/6027/1470
f 1655/6034/1471 1657/6033/1471 1656/6032/1471 1654/6031/1471
f 1657/6038/1472 1659/6037/1472 1658/6036/1472 1656/6035/1472
f 1659/6042/1473 1661/6041/1473 1660/6040/1473 1658/6039/1473
f 1661/6046/1474 1663/6045/1474 1662/6044/1474 1660/6043/1474
f 1663/6050/1475 1665/6049/1475 1664/6048/1475 1662/6047/1475
f 1665/6054/1476 1667/6053/1476 1666/6052/1476 1664/6051/1476
f 1667/6058/1477 1669/6057/1477 1668/6056/1477 1666/6055/1477
f 1669/6062/1478 1671/6061/1478 1670/6060/1478 1668/6059/1478
f 1671/6066/1479 1673/6065/1479 1672/6064/1479 1670/6063/1479
f 1673/6070/1480 1653/6069/1480 1650/6068/1480 1672/6067/1480
f 1650/6082/1481 1651/6081/1481 1654/6080/1481 1656/6079/1481 1658/6078/1481 1660/6077/1481 1662/6076/1481 1664/6075/1481 1666/6074/1481 1668/6073/1481 1670/6072/1481 1672/6071/1481
f 1673/6094/1482 1671/6093/1482 1669/6092/1482 1667/6091/1482 1665/6090/1482 1663/6089/1482 1661/6088/1482 1659/6087/1482 1657/6086/1482 1655/6085/1482 1652/6084/1482 1653/6083/1482
usemtl mat21
f 1677/6098/1483 1676/6097/1483 1675/6096/1483 1674/6095/1483
f 1676/6102/1484 1679/6101/1484 1678/6100/1484 1675/6099/1484
f 1679/6106/1485 1681/6105/1485 1680/6104/1485 1678/6103/1485
f 1681/6111/1486 1684/6110/1486 1683/6109/1486 1682/6108/1486 1680/6107/1486
f 1684/6115/1487 1686/6114/1487 1685/6113/1487 1683/6112/1487
f 1686/6119/1488 1688/6118/1488 1687/6117/1488 1685/6116/1488
f 1688/6123/1489 1690/6122/1489 1689/6121/1489 1687/6120/1489
f 1690/6127/1490 1692/6126/1490 1691/6125/1490 1689/6124/1490
f 1692/6131/1491 1694/6130/1491 1693/6129/1491 1691/6128/1491
f 1694/6136/1492 1697/6135/1492 1696/6134/1492 1695/6133/1492 1693/6132/1492
f 1697/6140/1493 1699/6139/1493 1698/6138/1493 1696/6137/1493
f 1699/6144/1494 1677/6143/1494 1674/6142/1494 1698/6141/1494
f 1674/6147/1495 1700/6146/1495 1698/6145/1495
f 1702/6151/1496 1701/6150/1496 1676/6149/1496 1677/6148/1496
f 1700/6154/1497 1693/6153/1497 1695/6152/1497
f 1678/6157/1498 1680/6156/1498 1700/6155/1498
f 1680/6160/1499 1682/6159/1499 1700/6158/1499
f 1675/6163/1500 1678/6162/1500 1700/6161/1500
f 1674/6166/1501 1675/6165/1501 1700/6164/1501
f 1700/6169/1502 1695/6168/1502 1696/6167/1502
f 1700/6172/1503 1696/6171/1503 1698/6170/1503
f 1700/6175/1504 1689/6174/1504 1691/6173/1504
f 1700/6178/1505 1691/6177/1505 1693/6176/1505
f 1700/6181/1506 1687/6180/1506 1689/6179/1506
f 1700/6184/1507 1682/6183/1507 1683/6182/1507
f 1700/6187/1508 1685/6186/1508 1687/6185/1508
f 1700/6190/1509 1683/6189/1509 1685/6188/1509
f 1701/6194/1510 1703/6193/1510 1679/6192/1510 1676/6191/1510
f 1703/6198/1511 1704/6197/1511 1681/6196/1511 1679/6195/1511
f 1704/6202/1512 1705/6201/1512 1684/6200/1512 1681/6199/1512
f 1705/6206/1513 1706/6205/1513 1686/6204/1513 1684/6203/1513
f 1706/6210/1514 1707/6209/1514 1688/6208/1514 1686/6207/1514
f 1707/6214/1515 1708/6213/1515 1690/6212/1515 1688/6211/1515
f 1708/6218/1516 1709/6217/1516 1692/6216/1516 1690/6215/1516
f 1709/6222/1517 1710/6221/1517 1694/6220/1517 1692/6219/1517
f 1710/6226/1518 1711/6225/1518 1697/6224/1518 1694/6223/1518
f 1711/6230/1519 1712/6229/1519 1699/6228/1519 1697/6227/1519
f 1712/6234/1520 1702/6233/1520 1677/6232/1520 1699/6231/1520
f 1712/6246/1521 1711/6245/1521 1710/6244/1521 1709/6243/1521 1708/6242/1521 1707/6241/1521 1706/6240/1521 1705/6239/1521 1704/6238/1521 1703/6237/1521 1701/6236/1521 1702/6235/1521
o group831255012
g mesh831255012
usemtl mat15
f 2449/8843/2167 2448/8842/2167 2447/8841/2167
f 2448/8846/2168 2450/8845/2168 2447/8844/2168
f 2450/8849/2169 2451/8848/2169 2447/8847/2169
f 2451/8852/2170 2452/8851/2170 2447/8850/2170
f 2452/8855/2171 2453/8854/2171 2447/8853/2171
f 2453/8858/2172 2454/8857/2172 2447/8856/2172
f 2454/8861/2173 2455/8860/2173 2447/8859/2173
f 2455/8864/2174 2456/8863/2174 2447/8862/2174
f 2456/8867/2175 2457/8866/2175 2447/8865/2175
f 2457/8870/2176 2458/8869/2176 2447/8868/2176
f 2458/8873/2177 2459/8872/2177 2447/8871/2177
f 2459/8876/2178 2449/8875/2178 2447/8874/2178
f 2459/8888/2179 2458/8887/2179 2457/8886/2179 2456/8885/2179 2455/8884/2179 2454/8883/2179 2453/8882/2179 2452/8881/2179 2451/8880/2179 2450/8879/2179 2448/8878/2179 2449/8877/2179
usemtl mat17
f 2463/8892/2180 2462/8891/2180 2461/8890/2180 2460/8889/2180
f 2462/8896/2181 2465/8895/2181 2464/8894/2181 2461/8893/2181
f 2465/8900/2182 2467/8899/2182 2466/8898/2182 2464/8897/2182
f 2467/8904/2183 2469/8903/2183 2468/8902/2183 2466/8901/2183
f 2469/8908/2184 2471/8907/2184 2470/8906/2184 2468/8905/2184
f 2471/8912/2185 2473/8911/2185 2472/8910/2185 2470/8909/2185
f 2473/8916/2186 2475/8915/2186 2474/8914/2186 2472/8913/2186
f 2475/8920/2187 2477/8919/2187 2476/8918/2187 2474/8917/2187
f 2477/8924/2188 2479/8923/2188 2478/8922/2188 2476/8921/2188
f 2479/8928/2189 2481/8927/2189 2480/8926/2189 2478/8925/2189
f 2481/8932/2190 2483/8931/2190 2482/8930/2190 2480/8929/2190
f 2483/8936/2191 2463/8935/2191 2460/8934/2191 2482/8933/2191
f 2460/8948/2192 2461/8947/2192 2464/8946/2192 2466/8945/2192 2468/8944/2192 2470/8943/2192 2472/8942/2192 2474/8941/2192 2476/8940/2192 2478/8939/2192 2480/8938/2192 2482/8937/2192
f 2483/8960/2193 2481/8959/2193 2479/8958/2193 2477/8957/2193 2475/8956/2193 2473/8955/2193 2471/8954/2193 2469/8953/2193 2467/8952/2193 2465/8951/2193 2462/8950/2193 2463/8949/2193
o group1688249756
g mesh1688249756
usemtl mat11
f 2572/9251/2266 2571/9250/2266 2570/9249/2266
f 2571/9254/2267 2573/9253/2267 2570/9252/2267
f 2573/9257/2268 2574/9256/2268 2570/9255/2268
f 2574/9260/2269 2575/9259/2269 2570/9258/2269
f 2575/9263/2270 2576/9262/2270 2570/9261/2270
f 2576/9266/2271 2577/9265/2271 2570/9264/2271
f 2577/9269/2272 2578/9268/2272 2570/9267/2272
f 2578/9272/2273 2579/9271/2273 2570/9270/2273
f 2579/9275/2274 2580/9274/2274 2570/9273/2274
f 2580/9278/2275 2581/9277/2275 2570/9276/2275
f 2581/9281/2276 2582/9280/2276 2570/9279/2276
f 2582/9284/2277 2572/9283/2277 2570/9282/2277
f 2582/9296/2278 2581/9295/2278 2580/9294/2278 2579/9293/2278 2578/9292/2278 2577/9291/2278 2576/9290/2278 2575/9289/2278 2574/9288/2278 2573/9287/2278 2571/9286/2278 2572/9285/2278
f 2585/9299/2279 2584/9298/2279 2583/9297/2279
f 2584/9302/2280 2586/9301/2280 2583/9300/2280
f 2586/9305/2281 2587/9304/2281 2583/9303/2281
f 2587/9308/2282 2588/9307/2282 2583/9306/2282
f 2588/9311/2283 2589/9310/2283 2583/9309/2283
f 2589/9314/2284 2590/9313/2284 2583/9312/2284
f 2590/9317/2285 2591/9316/2285 2583/9315/2285
f 2591/9320/2286 2592/9319/2286 2583/9318/2286
f 2592/9323/2287 2593/9322/2287 2583/9321/2287
f 2593/9326/2288 2594/9325/2288 2583/9324/2288
f 2594/9329/2289 2595/9328/2289 2583/9327/2289
f 2595/9332/2290 2585/9331/2290 2583/9330/2290
f 2595/9344/2291 2594/9343/2291 2593/9342/2291 2592/9341/2291 2591/9340/2291 2590/9339/2291 2589/9338/2291 2588/9337/2291 2587/9336/2291 2586/9335/2291 2584/9334/2291 2585/9333/2291
f 2598/9347/2292 2597/9346/2292 2596/9345/2292
f 2597/9350/2293 2599/9349/2293 2596/9348/2293
f 2599/9353/2294 2600/9352/2294 2596/9351/2294
f 2600/9356/2295 2601/9355/2295 2596/9354/2295
f 2601/9359/2296 2602/9358/2296 2596/9357/2296
f 2602/9362/2297 2603/9361/2297 2596/9360/2297
f 2603/9365/2298 2604/9364/2298 2596/9363/2298
f 2604/9368/2299 2605/9367/2299 2596/9366/2299
f 2605/9371/2300 2606/9370/2300 2596/9369/2300
f 2606/9374/2301 2607/9373/2301 2596/9372/2301
f 2607/9377/2302 2608/9376/2302 2596/9375/2302
f 2608/9380/2303 2598/9379/2303 2596/9378/2303
f 2608/9392/2304 2607/9391/2304 2606/9390/2304 2605/9389/2304 2604/9388/2304 2603/9387/2304 2602/9386/2304 2601/9385/2304 2600/9384/2304 2599/9383/2304 2597/9382/2304 2598/9381/2304
f 2611/9395/2305 2610/9394/2305 2609/9393/2305
f 2610/9398/2306 2612/9397/2306 2609/9396/2306
f 2612/9401/2307 2613/9400/2307 2609/9399/2307
f 2613/9404/2308 2614/9403/2308 2609/9402/2308
f 2614/9407/2309 2615/9406/2309 2609/9405/2309
f 2615/9410/2310 2616/9409/2310 2609/9408/2310
f 2616/9413/2311 2617/9412/2311 2609/9411/2311
f 2617/9416/2312 2618/9415/2312 2609/9414/2312
f 2618/9419/2313 2619/9418/2313 2609/9417/2313
f 2619/9422/2314 2620/9421/2314 2609/9420/2314
f 2620/9425/2315 2621/9424/2315 2609/9423/2315
f 2621/9428/2316 2611/9427/2316 2609/9426/2316
f 2621/9440/2317 2620/9439/2317 2619/9438/2317 2618/9437/2317 2617/9436/2317 2616/9435/2317 2615/9434/2317 2614/9433/2317 2613/9432/2317 2612/9431/2317 2610/9430/2317 2611/9429/2317
f 2624/9443/2318 2623/9442/2318 2622/9441/2318
f 2623/9446/2319 2625/9445/2319 2622/9444/2319
f 2625/9449/2320 2626/9448/2320 2622/9447/2320
f 2626/9452/2321 2627/9451/2321 2622/9450/2321
f 2627/9455/2322 2628/9454/2322 2622/9453/2322
f 2628/9458/2323 2629/9457/2323 2622/9456/2323
f 2629/9461/2324 2630/9460/2324 2622/9459/2324
f 2630/9464/2325 2631/9463/2325 2622/9462/2325
f 2631/9467/2326 2632/9466/2326 2622/9465/2326
f 2632/9470/2327 2633/9469/2327 2622/9468/2327
f 2633/9473/2328 2634/9472/2328 2622/9471/2328
f 2634/9476/2329 2624/9475/2329 2622/9474/2329
f 2634/9488/2330 2633/9487/2330 2632/9486/2330 2631/9485/2330 2630/9484/2330 2629/9483/2330 2628/9482/2330 2627/9481/2330 2626/9480/2330 2625/9479/2330 2623/9478/2330 2624/9477/2330
o group1622299973
g mesh1622299973
usemtl mat11
f 3015/10769/2644 3014/10768/2644 3013/10767/2644
f 3014/10772/2645 3016/10771/2645 3013/10770/2645
f 3016/10775/2646 3017/10774/2646 3013/10773/2646
f 3017/10778/2647 3018/10777/2647 3013/10776/2647
f 3018/10781/2648 3019/10780/2648 3013/10779/2648
f 3019/10784/2649 3020/10783/2649 3013/10782/2649
f 3020/10787/2650 3021/10786/2650 3013/10785/2650
f 3021/10790/2651 3022/10789/2651 3013/10788/2651
f 3022/10793/2652 3023/10792/2652 3013/10791/2652
f 3023/10796/2653 3024/10795/2653 3013/10794/2653
f 3024/10799/2654 3025/10798/2654 3013/10797/2654
f 3025/10802/2655 3015/10801/2655 3013/10800/2655
f 3025/10814/2656 3024/10813/2656 3023/10812/2656 3022/10811/2656 3021/10810/2656 3020/10809/2656 3019/10808/2656 3018/10807/2656 3017/10806/2656 3016/10805/2656 3014/10804/2656 3015/10803/2656
f 3028/10817/2657 3027/10816/2657 3026/10815/2657
f 3027/10820/2658 3029/10819/2658 3026/10818/2658
f 3029/10823/2659 3030/10822/2659 3026/10821/2659
f 3030/10826/2660 3031/10825/2660 3026/10824/2660
f 3031/10829/2661 3032/10828/2661 3026/10827/2661
f 3032/10832/2662 3033/10831/2662 3026/10830/2662
f 3033/10835/2663 3034/10834/2663 3026/10833/2663
f 3034/10838/2664 3035/10837/2664 3026/10836/2664
f 3035/10841/2665 3036/10840/2665 3026/10839/2665
f 3036/10844/2666 3037/10843/2666 3026/10842/2666
f 3037/10847/2667 3038/10846/2667 3026/10845/2667
f 3038/10850/2668 3028/10849/2668 3026/10848/2668
f 3038/10862/2669 3037/10861/2669 3036/10860/2669 3035/10859/2669 3034/10858/2669 3033/10857/2669 3032/10856/2669 3031/10855/2669 3030/10854/2669 3029/10853/2669 3027/10852/2669 3028/10851/2669
f 3041/10865/2670 3040/10864/2670 3039/10863/2670
f 3040/10868/2671 3042/10867/2671 3039/10866/2671
f 3042/10871/2672 3043/10870/2672 3039/10869/2672
f 3043/10874/2673 3044/10873/2673 3039/10872/2673
f 3044/10877/2674 3045/10876/2674 3039/10875/2674
f 3045/10880/2675 3046/10879/2675 3039/10878/2675
f 3046/10883/2676 3047/10882/2676 3039/10881/2676
f 3047/10886/2677 3048/10885/2677 3039/10884/2677
f 3048/10889/2678 3049/10888/2678 3039/10887/2678
f 3049/10892/2679 3050/10891/2679 3039/10890/2679
f 3050/10895/2680 3051/10894/2680 3039/10893/2680
f 3051/10898/2681 3041/10897/2681 3039/10896/2681
f 3051/10910/2682 3050/10909/2682 3049/10908/2682 3048/10907/2682 3047/10906/2682 3046/10905/2682 3045/10904/2682 3044/10903/2682 3043/10902/2682 3042/10901/2682 3040/10900/2682 3041/10899/2682
f 3054/10913/2683 3053/10912/2683 3052/10911/2683
f 3053/10916/2684 3055/10915/2684 3052/10914/2684
f 3055/10919/2685 3056/10918/2685 3052/10917/2685
f 3056/10922/2686 3057/10921/2686 3052/10920/2686
f 3057/10925/2687 3058/10924/2687 3052/10923/2687
f 3058/10928/2688 3059/10927/2688 3052/10926/2688
f 3059/10931/2689 3060/10930/2689 3052/10929/2689
f 3060/10934/2690 3061/10933/2690 3052/10932/2690
f 3061/10937/2691 3062/10936/2691 3052/10935/2691
f 3062/10940/2692 3063/10939/2692 3052/10938/2692
f 3063/10943/2693 3064/10942/2693 3052/10941/2693
f 3064/10946/2694 3054/10945/2694 3052/10944/2694
f 3064/10958/2695 3063/10957/2695 3062/10956/2695 3061/10955/2695 3060/10954/2695 3059/10953/2695 3058/10952/2695 3057/10951/2695 3056/10950/2695 3055/10949/2695 3053/10948/2695 3054/10947/2695
f 3067/10961/2696 3066/10960/2696 3065/10959/2696
f 3066/10964/2697 3068/10963/2697 3065/10962/2697
f 3068/10967/2698 3069/10966/2698 3065/10965/2698
f 3069/10970/2699 3070/10969/2699 3065/10968/2699
f 3070/10973/2700 3071/10972/2700 3065/10971/2700
f 3071/10976/2701 3072/10975/2701 3065/10974/2701
f 3072/10979/2702 3073/10978/2702 3065/10977/2702
f 3073/10982/2703 3074/10981/2703 3065/10980/2703
f 3074/10985/2704 3075/10984/2704 3065/10983/2704
f 3075/10988/2705 3076/10987/2705 3065/10986/2705
f 3076/10991/2706 3077/10990/2706 3065/10989/2706
f 3077/10994/2707 3067/10993/2707 3065/10992/2707
f 3077/11006/2708 3076/11005/2708 3075/11004/2708 3074/11003/2708 3073/11002/2708 3072/11001/2708 3071/11000/2708 3070/10999/2708 3069/10998/2708 3068/10997/2708 3066/10996/2708 3067/10995/2708
o group1350700828
g mesh1350700828
usemtl mat11
f 3098/11073/2727 3097/11072/2727 3096/11071/2727
f 3097/11076/2728 3099/11075/2728 3096/11074/2728
f 3099/11079/2729 3100/11078/2729 3096/11077/2729
f 3100/11082/2730 3101/11081/2730 3096/11080/2730
f 3101/11085/2731 3102/11084/2731 3096/11083/2731
f 3102/11088/2732 3103/11087/2732 3096/11086/2732
f 3103/11091/2733 3104/11090/2733 3096/11089/2733
f 3104/11094/2734 3105/11093/2734 3096/11092/2734
f 3105/11097/2735 3106/11096/2735 3096/11095/2735
f 3106/11100/2736 3107/11099/2736 3096/11098/2736
f 3107/11103/2737 3108/11102/2737 3096/11101/2737
f 3108/11106/2738 3098/11105/2738 3096/11104/2738
f 3108/11118/2739 3107/11117/2739 3106/11116/2739 3105/11115/2739 3104/11114/2739 3103/11113/2739 3102/11112/2739 3101/11111/2739 3100/11110/2739 3099/11109/2739 3097/11108/2739 3098/11107/2739
f 3111/11121/2740 3110/11120/2740 3109/11119/2740
f 3110/11124/2741 3112/11123/2741 3109/11122/2741
f 3112/11127/2742 3113/11126/2742 3109/11125/2742
f 3113/11130/2743 3114/11129/2743 3109/11128/2743
f 3114/11133/2744 3115/11132/2744 3109/11131/2744
f 3115/11136/2745 3116/11135/2745 3109/11134/2745
f 3116/11139/2746 3117/11138/2746 3109/11137/2746
f 3117/11142/2747 3118/11141/2747 3109/11140/2747
f 3118/11145/2748 3119/11144/2748 3109/11143/2748
f 3119/11148/2749 3120/11147/2749 3109/11146/2749
f 3120/11151/2750 3121/11150/2750 3109/11149/2750
f 3121/11154/2751 3111/11153/2751 3109/11152/2751
f 3121/11166/2752 3120/11165/2752 3119/11164/2752 3118/11163/2752 3117/11162/2752 3116/11161/2752 3115/11160/2752 3114/11159/2752 3113/11158/2752 3112/11157/2752 3110/11156/2752 3111/11155/2752
f 3124/11169/2753 3123/11168/2753 3122/11167/2753
f 3123/11172/2754 3125/11171/2754 3122/11170/2754
f 3125/11175/2755 3126/11174/2755 3122/11173/2755
f 3126/11178/2756 3127/11177/2756 3122/11176/2756
f 3127/11181/2757 3128/11180/2757 3122/11179/2757
f 3128/11184/2758 3129/11183/2758 3122/11182/2758
f 3129/11187/2759 3130/11186/2759 3122/11185/2759
f 3130/11190/2760 3131/11189/2760 3122/11188/2760
f 3131/11193/2761 3132/11192/2761 3122/11191/2761
f 3132/11196/2762 3133/11195/2762 3122/11194/2762
f 3133/11199/2763 3134/11198/2763 3122/11197/2763
f 3134/11202/2764 3124/11201/2764 3122/11200/2764
f 3134/11214/2765 3133/11213/2765 3132/11212/2765 3131/11211/2765 3130/11210/2765 3129/11209/2765 3128/11208/2765 3127/11207/2765 3126/11206/2765 3125/11205/2765 3123/11204/2765 3124/11203/2765
f 3137/11217/2766 3136/11216/2766 3135/11215/2766
f 3136/11220/2767 3138/11219/2767 3135/11218/2767
f 3138/11223/2768 3139/11222/2768 3135/11221/2768
f 3139/11226/2769 3140/11225/2769 3135/11224/2769
f 3140/11229/2770 3141/11228/2770 3135/11227/2770
f 3141/11232/2771 3142/11231/2771 3135/11230/2771
f 3142/11235/2772 3143/11234/2772 3135/11233/2772
f 3143/11238/2773 3144/11237/2773 3135/11236/2773
f 3144/11241/2774 3145/11240/2774 3135/11239/2774
f 3145/11244/2775 3146/11243/2775 3135/11242/2775
f 3146/11247/2776 3147/11246/2776 3135/11245/2776
f 3147/11250/2777 3137/11249/2777 3135/11248/2777
f 3147/11262/2778 3146/11261/2778 3145/11260/2778 3144/11259/2778 3143/11258/2778 3142/11257/2778 3141/11256/2778 3140/11255/2778 3139/11254/2778 3138/11253/2778 3136/11252/2778 3137/11251/2778
f 3150/11265/2779 3149/11264/2779 3148/11263/2779
f 3149/11268/2780 3151/11267/2780 3148/11266/2780
f 3151/11271/2781 3152/11270/2781 3148/11269/2781
f 3152/11274/2782 3153/11273/2782 3148/11272/2782
f 3153/11277/2783 3154/11276/2783 3148/11275/2783
f 3154/11280/2784 3155/11279/2784 3148/11278/2784
f 3155/11283/2785 3156/11282/2785 3148/11281/2785
f 3156/11286/2786 3157/11285/2786 3148/11284/2786
f 3157/11289/2787 3158/11288/2787 3148/11287/2787
f 3158/11292/2788 3159/11291/2788 3148/11290/2788
f 3159/11295/2789 3160/11294/2789 3148/11293/2789
f 3160/11298/2790 3150/11297/2790 3148/11296/2790
f 3160/11310/2791 3159/11309/2791 3158/11308/2791 3157/11307/2791 3156/11306/2791 3155/11305/2791 3154/11304/2791 3153/11303/2791 3152/11302/2791 3151/11301/2791 3149/11300/2791 3150/11299/2791
o group751619568
g mesh751619568
usemtl mat11
f 3163/11313/2792 3162/11312/2792 3161/11311/2792
f 3162/11316/2793 3164/11315/2793 3161/11314/2793
f 3164/11319/2794 3165/11318/2794 3161/11317/2794
f 3165/11322/2795 3166/11321/2795 3161/11320/2795
f 3166/11325/2796 3167/11324/2796 3161/11323/2796
f 3167/11328/2797 3168/11327/2797 3161/11326/2797
f 3168/11331/2798 3169/11330/2798 3161/11329/2798
f 3169/11334/2799 3170/11333/2799 3161/11332/2799
f 3170/11337/2800 3171/11336/2800 3161/11335/2800
f 3171/11340/2801 3172/11339/2801 3161/11338/2801
f 3172/11343/2802 3173/11342/2802 3161/11341/2802
f 3173/11346/2803 3163/11345/2803 3161/11344/2803
f 3173/11358/2804 3172/11357/2804 3171/11356/2804 3170/11355/2804 3169/11354/2804 3168/11353/2804 3167/11352/2804 3166/11351/2804 3165/11350/2804 3164/11349/2804 3162/11348/2804 3163/11347/2804
f 3176/11361/2805 3175/11360/2805 3174/11359/2805
f 3175/11364/2806 3177/11363/2806 3174/11362/2806
f 3177/11367/2807 3178/11366/2807 3174/11365/2807
f 3178/11370/2808 3179/11369/2808 3174/11368/2808
f 3179/11373/2809 3180/11372/2809 3174/11371/2809
f 3180/11376/2810 3181/11375/2810 3174/11374/2810
f 3181/11379/2811 3182/11378/2811 3174/11377/2811
f 3182/11382/2812 3183/11381/2812 3174/11380/2812
f 3183/11385/2813 3184/11384/2813 3174/11383/2813
f 3184/11388/2814 3185/11387/2814 3174/11386/2814
f 3185/11391/2815 3186/11390/2815 3174/11389/2815
f 3186/11394/2816 3176/11393/2816 3174/11392/2816
f 3186/11406/2817 3185/11405/2817 3184/11404/2817 3183/11403/2817 3182/11402/2817 3181/11401/2817 3180/11400/2817 3179/11399/2817 3178/11398/2817 3177/11397/2817 3175/11396/2817 3176/11395/2817
f 3189/11409/2818 3188/11408/2818 3187/11407/2818
f 3188/11412/2819 3190/11411/2819 3187/11410/2819
f 3190/11415/2820 3191/11414/2820 3187/11413/2820
f 3191/11418/2821 3192/11417/2821 3187/11416/2821
f 3192/11421/2822 3193/11420/2822 3187/11419/2822
f 3193/11424/2823 3194/11423/2823 3187/11422/2823
f 3194/11427/2824 3195/11426/2824 3187/11425/2824
f 3195/11430/2825 3196/11429/2825 3187/11428/2825
f 3196/11433/2826 3197/11432/2826 3187/11431/2826
f 3197/11436/2827 3198/11435/2827 3187/11434/2827
f 3198/11439/2828 3199/11438/2828 3187/11437/2828
f 3199/11442/2829 3189/11441/2829 3187/11440/2829
f 3199/11454/2830 3198/11453/2830 3197/11452/2830 3196/11451/2830 3195/11450/2830 3194/11449/2830 3193/11448/2830 3192/11447/2830 3191/11446/2830 3190/11445/2830 3188/11444/2830 3189/11443/2830
f 3202/11457/2831 3201/11456/2831 3200/11455/2831
f 3201/11460/2832 3203/11459/2832 3200/11458/2832
f 3203/11463/2833 3204/11462/2833 3200/11461/2833
f 3204/11466/2834 3205/11465/2834 3200/11464/2834
f 3205/11469/2835 3206/11468/2835 3200/11467/2835
f 3206/11472/2836 3207/11471/2836 3200/11470/2836
f 3207/11475/2837 3208/11474/2837 3200/11473/2837
f 3208/11478/2838 3209/11477/2838 3200/11476/2838
f 3209/11481/2839 3210/11480/2839 3200/11479/2839
f 3210/11484/2840 3211/11483/2840 3200/11482/2840
f 3211/11487/2841 3212/11486/2841 3200/11485/2841
f 3212/11490/2842 3202/11489/2842 3200/11488/2842
f 3212/11502/2843 3211/11501/2843 3210/11500/2843 3209/11499/2843 3208/11498/2843 3207/11497/2843 3206/11496/2843 3205/11495/2843 3204/11494/2843 3203/11493/2843 3201/11492/2843 3202/11491/2843
f 3215/11505/2844 3214/11504/2844 3213/11503/2844
f 3214/11508/2845 3216/11507/2845 3213/11506/2845
f 3216/11511/2846 3217/11510/2846 3213/11509/2846
f 3217/11514/2847 3218/11513/2847 3213/11512/2847
f 3218/11517/2848 3219/11516/2848 3213/11515/2848
f 3219/11520/2849 3220/11519/2849 3213/11518/2849
f 3220/11523/2850 3221/11522/2850 3213/11521/2850
f 3221/11526/2851 3222/11525/2851 3213/11524/2851
f 3222/11529/2852 3223/11528/2852 3213/11527/2852
f 3223/11532/2853 3224/11531/2853 3213/11530/2853
f 3224/11535/2854 3225/11534/2854 3213/11533/2854
f 3225/11538/2855 3215/11537/2855 3213/11536/2855
f 3225/11550/2856 3224/11549/2856 3223/11548/2856 3222/11547/2856 3221/11546/2856 3220/11545/2856 3219/11544/2856 3218/11543/2856 3217/11542/2856 3216/11541/2856 3214/11540/2856 3215/11539/2856
o group2019320654
g mesh2019320654
usemtl mat11
f 3228/11553/2857 3227/11552/2857 3226/11551/2857
f 3227/11556/2858 3229/11555/2858 3226/11554/2858
f 3229/11559/2859 3230/11558/2859 3226/11557/2859
f 3230/11562/2860 3231/11561/2860 3226/11560/2860
f 3231/11565/2861 3232/11564/2861 3226/11563/2861
f 3232/11568/2862 3233/11567/2862 3226/11566/2862
f 3233/11571/2863 3234/11570/2863 3226/11569/2863
f 3234/11574/2864 3235/11573/2864 3226/11572/2864
f 3235/11577/2865 3236/11576/2865 3226/11575/2865
f 3236/11580/2866 3237/11579/2866 3226/11578/2866
f 3237/11583/2867 3238/11582/2867 3226/11581/2867
f 3238/11586/2868 3228/11585/2868 3226/11584/2868
f 3238/11598/2869 3237/11597/2869 3236/11596/2869 3235/11595/2869 3234/11594/2869 3233/11593/2869 3232/11592/2869 3231/11591/2869 3230/11590/2869 3229/11589/2869 3227/11588/2869 3228/11587/2869
f 3241/11601/2870 3240/11600/2870 3239/11599/2870
f 3240/11604/2871 3242/11603/2871 3239/11602/2871
f 3242/11607/2872 3243/11606/2872 3239/11605/2872
f 3243/11610/2873 3244/11609/2873 3239/11608/2873
f 3244/11613/2874 3245/11612/2874 3239/11611/2874
f 3245/11616/2875 3246/11615/2875 3239/11614/2875
f 3246/11619/2876 3247/11618/2876 3239/11617/2876
f 3247/11622/2877 3248/11621/2877 3239/11620/2877
f 3248/11625/2878 3249/11624/2878 3239/11623/2878
f 3249/11628/2879 3250/11627/2879 3239/11626/2879
f 3250/11631/2880 3251/11630/2880 3239/11629/2880
f 3251/11634/2881 3241/11633/2881 3239/11632/2881
f 3251/11646/2882 3250/11645/2882 3249/11644/2882 3248/11643/2882 3247/11642/2882 3246/11641/2882 3245/11640/2882 3244/11639/2882 3243/11638/2882 3242/11637/2882 3240/11636/2882 3241/11635/2882
f 3254/11649/2883 3253/11648/2883 3252/11647/2883
f 3253/11652/2884 3255/11651/2884 3252/11650/2884
f 3255/11655/2885 3256/11654/2885 3252/11653/2885
f 3256/11658/2886 3257/11657/2886 3252/11656/2886
f 3257/11661/2887 3258/11660/2887 3252/11659/2887
f 3258/11664/2888 3259/11663/2888 3252/11662/2888
f 3259/11667/2889 3260/11666/2889 3252/11665/2889
f 3260/11670/2890 3261/11669/2890 3252/11668/2890
f 3261/11673/2891 3262/11672/2891 3252/11671/2891
f 3262/11676/2892 3263/11675/2892 3252/11674/2892
f 3263/11679/2893 3264/11678/2893 3252/11677/2893
f 3264/11682/2894 3254/11681/2894 3252/11680/2894
f 3264/11694/2895 3263/11693/2895 3262/11692/2895 3261/11691/2895 3260/11690/2895 3259/11689/2895 3258/11688/2895 3257/11687/2895 3256/11686/2895 3255/11685/2895 3253/11684/2895 3254/11683/2895
f 3267/11697/2896 3266/11696/2896 3265/11695/2896
f 3266/11700/2897 3268/11699/2897 3265/11698/2897
f 3268/11703/2898 3269/11702/2898 3265/11701/2898
f 3269/11706/2899 3270/11705/2899 3265/11704/2899
f 3270/11709/2900 3271/11708/2900 3265/11707/2900
f 3271/11712/2901 3272/11711/2901 3265/11710/2901
f 3272/11715/2902 3273/11714/2902 3265/11713/2902
f 3273/11718/2903 3274/11717/2903 3265/11716/2903
f 3274/11721/2904 3275/11720/2904 3265/11719/2904
f 3275/11724/2905 3276/11723/2905 3265/11722/2905
f 3276/11727/2906 3277/11726/2906 3265/11725/2906
f 3277/11730/2907 3267/11729/2907 3265/11728/2907
f 3277/11742/2908 3276/11741/2908 3275/11740/2908 3274/11739/2908 3273/11738/2908 3272/11737/2908 3271/11736/2908 3270/11735/2908 3269/11734/2908 3268/11733/2908 3266/11732/2908 3267/11731/2908
f 3280/11745/2909 3279/11744/2909 3278/11743/2909
f 3279/11748/2910 3281/11747/2910 3278/11746/2910
f 3281/11751/2911 3282/11750/2911 3278/11749/2911
f 3282/11754/2912 3283/11753/2912 3278/11752/2912
f 3283/11757/2913 3284/11756/2913 3278/11755/2913
f 3284/11760/2914 3285/11759/2914 3278/11758/2914
f 3285/11763/2915 3286/11762/2915 3278/11761/2915
f 3286/11766/2916 3287/11765/2916 3278/11764/2916
f 3287/11769/2917 3288/11768/2917 3278/11767/2917
f 3288/11772/2918 3289/11771/2918 3278/11770/2918
f 3289/11775/2919 3290/11774/2919 3278/11773/2919
f 3290/11778/2920 3280/11777/2920 3278/11776/2920
f 3290/11790/2921 3289/11789/2921 3288/11788/2921 3287/11787/2921 3286/11786/2921 3285/11785/2921 3284/11784/2921 3283/11783/2921 3282/11782/2921 3281/11781/2921 3279/11780/2921 3280/11779/2921
o group220399284
g mesh220399284
usemtl mat11
f 3293/11793/2922 3292/11792/2922 3291/11791/2922
f 3292/11796/2923 3294/11795/2923 3291/11794/2923
f 3294/11799/2924 3295/11798/2924 3291/11797/2924
f 3295/11802/2925 3296/11801/2925 3291/11800/2925
f 3296/11805/2926 3297/11804/2926 3291/11803/2926
f 3297/11808/2927 3298/11807/2927 3291/11806/2927
f 3298/11811/2928 3299/11810/2928 3291/11809/2928
f 3299/11814/2929 3300/11813/2929 3291/11812/2929
f 3300/11817/2930 3301/11816/2930 3291/11815/2930
f 3301/11820/2931 3302/11819/2931 3291/11818/2931
f 3302/11823/2932 3303/11822/2932 3291/11821/2932
f 3303/11826/2933 3293/11825/2933 3291/11824/2933
f 3303/11838/2934 3302/11837/2934 3301/11836/2934 3300/11835/2934 3299/11834/2934 3298/11833/2934 3297/11832/2934 3296/11831/2934 3295/11830/2934 3294/11829/2934 3292/11828/2934 3293/11827/2934
f 3306/11841/2935 3305/11840/2935 3304/11839/2935
f 3305/11844/2936 3307/11843/2936 3304/11842/2936
f 3307/11847/2937 3308/11846/2937 3304/11845/2937
f 3308/11850/2938 3309/11849/2938 3304/11848/2938
f 3309/11853/2939 3310/11852/2939 3304/11851/2939
f 3310/11856/2940 3311/11855/2940 3304/11854/2940
f 3311/11859/2941 3312/11858/2941 3304/11857/2941
f 3312/11862/2942 3313/11861/2942 3304/11860/2942
f 3313/11865/2943 3314/11864/2943 3304/11863/2943
f 3314/11868/2944 3315/11867/2944 3304/11866/2944
f 3315/11871/2945 3316/11870/2945 3304/11869/2945
f 3316/11874/2946 3306/11873/2946 3304/11872/2946
f 3316/11886/2947 3315/11885/2947 3314/11884/2947 3313/11883/2947 3312/11882/2947 3311/11881/2947 3310/11880/2947 3309/11879/2947 3308/11878/2947 3307/11877/2947 3305/11876/2947 3306/11875/2947
f 3319/11889/2948 3318/11888/2948 3317/11887/2948
f 3318/11892/2949 3320/11891/2949 3317/11890/2949
f 3320/11895/2950 3321/11894/2950 3317/11893/2950
f 3321/11898/2951 3322/11897/2951 3317/11896/2951
f 3322/11901/2952 3323/11900/2952 3317/11899/2952
f 3323/11904/2953 3324/11903/2953 3317/11902/2953
f 3324/11907/2954 3325/11906/2954 3317/11905/2954
f 3325/11910/2955 3326/11909/2955 3317/11908/2955
f 3326/11913/2956 3327/11912/2956 3317/11911/2956
f 3327/11916/2957 3328/11915/2957 3317/11914/2957
f 3328/11919/2958 3329/11918/2958 3317/11917/2958
f 3329/11922/2959 3319/11921/2959 3317/11920/2959
f 3329/11934/2960 3328/11933/2960 3327/11932/2960 3326/11931/2960 3325/11930/2960 3324/11929/2960 3323/11928/2960 3322/11927/2960 3321/11926/2960 3320/11925/2960 3318/11924/2960 3319/11923/2960
f 3332/11937/2961 3331/11936/2961 3330/11935/2961
f 3331/11940/2962 3333/11939/2962 3330/11938/2962
f 3333/11943/2963 3334/11942/2963 3330/11941/2963
f 3334/11946/2964 3335/11945/2964 3330/11944/2964
f 3335/11949/2965 3336/11948/2965 3330/11947/2965
f 3336/11952/2966 3337/11951/2966 3330/11950/2966
f 3337/11955/2967 3338/11954/2967 3330/11953/2967
f 3338/11958/2968 3339/11957/2968 3330/11956/2968
f 3339/11961/2969 3340/11960/2969 3330/11959/2969
f 3340/11964/2970 3341/11963/2970 3330/11962/2970
f 3341/11967/2971 3342/11966/2971 3330/11965/2971
f 3342/11970/2972 3332/11969/2972 3330/11968/2972
f 3342/11982/2973 3341/11981/2973 3340/11980/2973 3339/11979/2973 3338/11978/2973 3337/11977/2973 3336/11976/2973 3335/11975/2973 3334/11974/2973 3333/11973/2973 3331/11972/2973 3332/11971/2973
f 3345/11985/2974 3344/11984/2974 3343/11983/2974
f 3344/11988/2975 3346/11987/2975 3343/11986/2975
f 3346/11991/2976 3347/11990/2976 3343/11989/2976
f 3347/11994/2977 3348/11993/2977 3343/11992/2977
f 3348/11997/2978 3349/11996/2978 3343/11995/2978
f 3349/12000/2979 3350/11999/2979 3343/11998/2979
f 3350/12003/2980 3351/12002/2980 3343/12001/2980
f 3351/12006/2981 3352/12005/2981 3343/12004/2981
f 3352/12009/2982 3353/12008/2982 3343/12007/2982
f 3353/12012/2983 3354/12011/2983 3343/12010/2983
f 3354/12015/2984 3355/12014/2984 3343/12013/2984
f 3355/12018/2985 3345/12017/2985 3343/12016/2985
f 3355/12030/2986 3354/12029/2986 3353/12028/2986 3352/12027/2986 3351/12026/2986 3350/12025/2986 3349/12024/2986 3348/12023/2986 3347/12022/2986 3346/12021/2986 3344/12020/2986 3345/12019/2986
o group1407108972
g mesh1407108972
usemtl mat11
f 3358/12033/2987 3357/12032/2987 3356/12031/2987
f 3357/12036/2988 3359/12035/2988 3356/12034/2988
f 3359/12039/2989 3360/12038/2989 3356/12037/2989
f 3360/12042/2990 3361/12041/2990 3356/12040/2990
f 3361/12045/2991 3362/12044/2991 3356/12043/2991
f 3362/12048/2992 3363/12047/2992 3356/12046/2992
f 3363/12051/2993 3364/12050/2993 3356/12049/2993
f 3364/12054/2994 3365/12053/2994 3356/12052/2994
f 3365/12057/2995 3366/12056/2995 3356/12055/2995
f 3366/12060/2996 3367/12059/2996 3356/12058/2996
f 3367/12063/2997 3368/12062/2997 3356/12061/2997
f 3368/12066/2998 3358/12065/2998 3356/12064/2998
f 3368/12078/2999 3367/12077/2999 3366/12076/2999 3365/12075/2999 3364/12074/2999 3363/12073/2999 3362/12072/2999 3361/12071/2999 3360/12070/2999 3359/12069/2999 3357/12068/2999 3358/12067/2999
f 3371/12081/3000 3370/12080/3000 3369/12079/3000
f 3370/12084/3001 3372/12083/3001 3369/12082/3001
f 3372/12087/3002 3373/12086/3002 3369/12085/3002
f 3373/12090/3003 3374/12089/3003 3369/12088/3003
f 3374/12093/3004 3375/12092/3004 3369/12091/3004
f 3375/12096/3005 3376/12095/3005 3369/12094/3005
f 3376/12099/3006 3377/12098/3006 3369/12097/3006
f 3377/12102/3007 3378/12101/3007 3369/12100/3007
f 3378/12105/3008 3379/12104/3008 3369/12103/3008
f 3379/12108/3009 3380/12107/3009 3369/12106/3009
f 3380/12111/3010 3381/12110/3010 3369/12109/3010
f 3381/12114/3011 3371/12113/3011 3369/12112/3011
f 3381/12126/3012 3380/12125/3012 3379/12124/3012 3378/12123/3012 3377/12122/3012 3376/12121/3012 3375/12120/3012 3374/12119/3012 3373/12118/3012 3372/12117/3012 3370/12116/3012 3371/12115/3012
f 3384/12129/3013 3383/12128/3013 3382/12127/3013
f 3383/12132/3014 3385/12131/3014 3382/12130/3014
f 3385/12135/3015 3386/12134/3015 3382/12133/3015
f 3386/12138/3016 3387/12137/3016 3382/12136/3016
f 3387/12141/3017 3388/12140/3017 3382/12139/3017
f 3388/12144/3018 3389/12143/3018 3382/12142/3018
f 3389/12147/3019 3390/12146/3019 3382/12145/3019
f 3390/12150/3020 3391/12149/3020 3382/12148/3020
f 3391/12153/3021 3392/12152/3021 3382/12151/3021
f 3392/12156/3022 3393/12155/3022 3382/12154/3022
f 3393/12159/3023 3394/12158/3023 3382/12157/3023
f 3394/12162/3024 3384/12161/3024 3382/12160/3024
f 3394/12174/3025 3393/12173/3025 3392/12172/3025 3391/12171/3025 3390/12170/3025 3389/12169/3025 3388/12168/3025 3387/12167/3025 3386/12166/3025 3385/12165/3025 3383/12164/3025 3384/12163/3025
f 3397/12177/3026 3396/12176/3026 3395/12175/3026
f 3396/12180/3027 3398/12179/3027 3395/12178/3027
f 3398/12183/3028 3399/12182/3028 3395/12181/3028
f 3399/12186/3029 3400/12185/3029 3395/12184/3029
f 3400/12189/3030 3401/12188/3030 3395/12187/3030
f 3401/12192/3031 3402/12191/3031 3395/12190/3031
f 3402/12195/3032 3403/12194/3032 3395/12193/3032
f 3403/12198/3033 3404/12197/3033 3395/12196/3033
f 3404/12201/3034 3405/12200/3034 3395/12199/3034
f 3405/12204/3035 3406/12203/3035 3395/12202/3035
f 3406/12207/3036 3407/12206/3036 3395/12205/3036
f 3407/12210/3037 3397/12209/3037 3395/12208/3037
f 3407/12222/3038 3406/12221/3038 3405/12220/3038 3404/12219/3038 3403/12218/3038 3402/12217/3038 3401/12216/3038 3400/12215/3038 3399/12214/3038 3398/12213/3038 3396/12212/3038 3397/12211/3038
f 3410/12225/3039 3409/12224/3039 3408/12223/3039
f 3409/12228/3040 3411/12227/3040 3408/12226/3040
f 3411/12231/3041 3412/12230/3041 3408/12229/3041
f 3412/12234/3042 3413/12233/3042 3408/12232/3042
f 3413/12237/3043 3414/12236/3043 3408/12235/3043
f 3414/12240/3044 3415/12239/3044 3408/12238/3044
f 3415/12243/3045 3416/12242/3045 3408/12241/3045
f 3416/12246/3046 3417/12245/3046 3408/12244/3046
f 3417/12249/3047 3418/12248/3047 3408/12247/3047
f 3418/12252/3048 3419/12251/3048 3408/12250/3048
f 3419/12255/3049 3420/12254/3049 3408/12253/3049
f 3420/12258/3050 3410/12257/3050 3408/12256/3050
f 3420/12270/3051 3419/12269/3051 3418/12268/3051 3417/12267/3051 3416/12266/3051 3415/12265/3051 3414/12264/3051 3413/12263/3051 3412/12262/3051 3411/12261/3051 3409/12260/3051 3410/12259/3051
o group1198249082
g mesh1198249082
usemtl mat11
f 3423/12273/3052 3422/12272/3052 3421/12271/3052
f 3422/12276/3053 3424/12275/3053 3421/12274/3053
f 3424/12279/3054 3425/12278/3054 3421/12277/3054
f 3425/12282/3055 3426/12281/3055 3421/12280/3055
f 3426/12285/3056 3427/12284/3056 3421/12283/3056
f 3427/12288/3057 3428/12287/3057 3421/12286/3057
f 3428/12291/3058 3429/12290/3058 3421/12289/3058
f 3429/12294/3059 3430/12293/3059 3421/12292/3059
f 3430/12297/3060 3431/12296/3060 3421/12295/3060
f 3431/12300/3061 3432/12299/3061 3421/12298/3061
f 3432/12303/3062 3433/12302/3062 3421/12301/3062
f 3433/12306/3063 3423/12305/3063 3421/12304/3063
f 3433/12318/3064 3432/12317/3064 3431/12316/3064 3430/12315/3064 3429/12314/3064 3428/12313/3064 3427/12312/3064 3426/12311/3064 3425/12310/3064 3424/12309/3064 3422/12308/3064 3423/12307/3064
f 3436/12321/3065 3435/12320/3065 3434/12319/3065
f 3435/12324/3066 3437/12323/3066 3434/12322/3066
f 3437/12327/3067 3438/12326/3067 3434/12325/3067
f 3438/12330/3068 3439/12329/3068 3434/12328/3068
f 3439/12333/3069 3440/12332/3069 3434/12331/3069
f 3440/12336/3070 3441/12335/3070 3434/12334/3070
f 3441/12339/3071 3442/12338/3071 3434/12337/3071
f 3442/12342/3072 3443/12341/3072 3434/12340/3072
f 3443/12345/3073 3444/12344/3073 3434/12343/3073
f 3444/12348/3074 3445/12347/3074 3434/12346/3074
f 3445/12351/3075 3446/12350/3075 3434/12349/3075
f 3446/12354/3076 3436/12353/3076 3434/12352/3076
f 3446/12366/3077 3445/12365/3077 3444/12364/3077 3443/12363/3077 3442/12362/3077 3441/12361/3077 3440/12360/3077 3439/12359/3077 3438/12358/3077 3437/12357/3077 3435/12356/3077 3436/12355/3077
f 3449/12369/3078 3448/12368/3078 3447/12367/3078
f 3448/12372/3079 3450/12371/3079 3447/12370/3079
f 3450/12375/3080 3451/12374/3080 3447/12373/3080
f 3451/12378/3081 3452/12377/3081 3447/12376/3081
f 3452/12381/3082 3453/12380/3082 3447/12379/3082
f 3453/12384/3083 3454/12383/3083 3447/12382/3083
f 3454/12387/3084 3455/12386/3084 3447/12385/3084
f 3455/12390/3085 3456/12389/3085 3447/12388/3085
f 3456/12393/3086 3457/12392/3086 3447/12391/3086
f 3457/12396/3087 3458/12395/3087 3447/12394/3087
f 3458/12399/3088 3459/12398/3088 3447/12397/3088
f 3459/12402/3089 3449/12401/3089 3447/12400/3089
f 3459/12414/3090 3458/12413/3090 3457/12412/3090 3456/12411/3090 3455/12410/3090 3454/12409/3090 3453/12408/3090 3452/12407/3090 3451/12406/3090 3450/12405/3090 3448/12404/3090 3449/12403/3090
f 3462/12417/3091 3461/12416/3091 3460/12415/3091
f 3461/12420/3092 3463/12419/3092 3460/12418/3092
f 3463/12423/3093 3464/12422/3093 3460/12421/3093
f 3464/12426/3094 3465/12425/3094 3460/12424/3094
f 3465/12429/3095 3466/12428/3095 3460/12427/3095
f 3466/12432/3096 3467/12431/3096 3460/12430/3096
f 3467/12435/3097 3468/12434/3097 3460/12433/3097
f 3468/12438/3098 3469/12437/3098 3460/12436/3098
f 3469/12441/3099 3470/12440/3099 3460/12439/3099
f 3470/12444/3100 3471/12443/3100 3460/12442/3100
f 3471/12447/3101 3472/12446/3101 3460/12445/3101
f 3472/12450/3102 3462/12449/3102 3460/12448/3102
f 3472/12462/3103 3471/12461/3103 3470/12460/3103 3469/12459/3103 3468/12458/3103 3467/12457/3103 3466/12456/3103 3465/12455/3103 3464/12454/3103 3463/12453/3103 3461/12452/3103 3462/12451/3103
f 3475/12465/3104 3474/12464/3104 3473/12463/3104
f 3474/12468/3105 3476/12467/3105 3473/12466/3105
f 3476/12471/3106 3477/12470/3106 3473/12469/3106
f 3477/12474/3107 3478/12473/3107 3473/12472/3107
f 3478/12477/3108 3479/12476/3108 3473/12475/3108
f 3479/12480/3109 3480/12479/3109 3473/12478/3109
f 3480/12483/3110 3481/12482/3110 3473/12481/3110
f 3481/12486/3111 3482/12485/3111 3473/12484/3111
f 3482/12489/3112 3483/12488/3112 3473/12487/3112
f 3483/12492/3113 3484/12491/3113 3473/12490/3113
f 3484/12495/3114 3485/12494/3114 3473/12493/3114
f 3485/12498/3115 3475/12497/3115 3473/12496/3115
f 3485/12510/3116 3484/12509/3116 3483/12508/3116 3482/12507/3116 3481/12506/3116 3480/12505/3116 3479/12504/3116 3478/12503/3116 3477/12502/3116 3476/12501/3116 3474/12500/3116 3475/12499/3116
o group160437510
g mesh160437510
usemtl mat11
f 3501/12561/3130 3500/12560/3130 3499/12559/3130
f 3500/12564/3131 3502/12563/3131 3499/12562/3131
f 3502/12567/3132 3503/12566/3132 3499/12565/3132
f 3503/12570/3133 3504/12569/3133 3499/12568/3133
f 3504/12573/3134 3505/12572/3134 3499/12571/3134
f 3505/12576/3135 3506/12575/3135 3499/12574/3135
f 3506/12579/3136 3507/12578/3136 3499/12577/3136
f 3507/12582/3137 3508/12581/3137 3499/12580/3137
f 3508/12585/3138 3509/12584/3138 3499/12583/3138
f 3509/12588/3139 3510/12587/3139 3499/12586/3139
f 3510/12591/3140 3511/12590/3140 3499/12589/3140
f 3511/12594/3141 3501/12593/3141 3499/12592/3141
f 3511/12606/3142 3510/12605/3142 3509/12604/3142 3508/12603/3142 3507/12602/3142 3506/12601/3142 3505/12600/3142 3504/12599/3142 3503/12598/3142 3502/12597/3142 3500/12596/3142 3501/12595/3142
f 3514/12609/3143 3513/12608/3143 3512/12607/3143
f 3513/12612/3144 3515/12611/3144 3512/12610/3144
f 3515/12615/3145 3516/12614/3145 3512/12613/3145
f 3516/12618/3146 3517/12617/3146 3512/12616/3146
f 3517/12621/3147 3518/12620/3147 3512/12619/3147
f 3518/12624/3148 3519/12623/3148 3512/12622/3148
f 3519/12627/3149 3520/12626/3149 3512/12625/3149
f 3520/12630/3150 3521/12629/3150 3512/12628/3150
f 3521/12633/3151 3522/12632/3151 3512/12631/3151
f 3522/12636/3152 3523/12635/3152 3512/12634/3152
f 3523/12639/3153 3524/12638/3153 3512/12637/3153
f 3524/12642/3154 3514/12641/3154 3512/12640/3154
f 3524/12654/3155 3523/12653/3155 3522/12652/3155 3521/12651/3155 3520/12650/3155 3519/12649/3155 3518/12648/3155 3517/12647/3155 3516/12646/3155 3515/12645/3155 3513/12644/3155 3514/12643/3155
f 3527/12657/3156 3526/12656/3156 3525/12655/3156
f 3526/12660/3157 3528/12659/3157 3525/12658/3157
f 3528/12663/3158 3529/12662/3158 3525/12661/3158
f 3529/12666/3159 3530/12665/3159 3525/12664/3159
f 3530/12669/3160 3531/12668/3160 3525/12667/3160
f 3531/12672/3161 3532/12671/3161 3525/12670/3161
f 3532/12675/3162 3533/12674/3162 3525/12673/3162
f 3533/12678/3163 3534/12677/3163 3525/12676/3163
f 3534/12681/3164 3535/12680/3164 3525/12679/3164
f 3535/12684/3165 3536/12683/3165 3525/12682/3165
f 3536/12687/3166 3537/12686/3166 3525/12685/3166
f 3537/12690/3167 3527/12689/3167 3525/12688/3167
f 3537/12702/3168 3536/12701/3168 3535/12700/3168 3534/12699/3168 3533/12698/3168 3532/12697/3168 3531/12696/3168 3530/12695/3168 3529/12694/3168 3528/12693/3168 3526/12692/3168 3527/12691/3168
f 3540/12705/3169 3539/12704/3169 3538/12703/3169
f 3539/12708/3170 3541/12707/3170 3538/12706/3170
f 3541/12711/3171 3542/12710/3171 3538/12709/3171
f 3542/12714/3172 3543/12713/3172 3538/12712/3172
f 3543/12717/3173 3544/12716/3173 3538/12715/3173
f 3544/12720/3174 3545/12719/3174 3538/12718/3174
f 3545/12723/3175 3546/12722/3175 3538/12721/3175
f 3546/12726/3176 3547/12725/3176 3538/12724/3176
f 3547/12729/3177 3548/12728/3177 3538/12727/3177
f 3548/12732/3178 3549/12731/3178 3538/12730/3178
f 3549/12735/3179 3550/12734/3179 3538/12733/3179
f 3550/12738/3180 3540/12737/3180 3538/12736/3180
f 3550/12750/3181 3549/12749/3181 3548/12748/3181 3547/12747/3181 3546/12746/3181 3545/12745/3181 3544/12744/3181 3543/12743/3181 3542/12742/3181 3541/12741/3181 3539/12740/3181 3540/12739/3181
f 3553/12753/3182 3552/12752/3182 3551/12751/3182
f 3552/12756/3183 3554/12755/3183 3551/12754/3183
f 3554/12759/3184 3555/12758/3184 3551/12757/3184
f 3555/12762/3185 3556/12761/3185 3551/12760/3185
f 3556/12765/3186 3557/12764/3186 3551/12763/3186
f 3557/12768/3187 3558/12767/3187 3551/12766/3187
f 3558/12771/3188 3559/12770/3188 3551/12769/3188
f 3559/12774/3189 3560/12773/3189 3551/12772/3189
f 3560/12777/3190 3561/12776/3190 3551/12775/3190
f 3561/12780/3191 3562/12779/3191 3551/12778/3191
f 3562/12783/3192 3563/12782/3192 3551/12781/3192
f 3563/12786/3193 3553/12785/3193 3551/12784/3193
f 3563/12798/3194 3562/12797/3194 3561/12796/3194 3560/12795/3194 3559/12794/3194 3558/12793/3194 3557/12792/3194 3556/12791/3194 3555/12790/3194 3554/12789/3194 3552/12788/3194 3553/12787/3194
o group1205835326
g mesh1205835326
usemtl mat11
f 3566/12801/3195 3565/12800/3195 3564/12799/3195
f 3565/12804/3196 3567/12803/3196 3564/12802/3196
f 3567/12807/3197 3568/12806/3197 3564/12805/3197
f 3568/12810/3198 3569/12809/3198 3564/12808/3198
f 3569/12813/3199 3570/12812/3199 3564/12811/3199
f 3570/12816/3200 3571/12815/3200 3564/12814/3200
f 3571/12819/3201 3572/12818/3201 3564/12817/3201
f 3572/12822/3202 3573/12821/3202 3564/12820/3202
f 3573/12825/3203 3574/12824/3203 3564/12823/3203
f 3574/12828/3204 3575/12827/3204 3564/12826/3204
f 3575/12831/3205 3576/12830/3205 3564/12829/3205
f 3576/12834/3206 3566/12833/3206 3564/12832/3206
f 3576/12846/3207 3575/12845/3207 3574/12844/3207 3573/12843/3207 3572/12842/3207 3571/12841/3207 3570/12840/3207 3569/12839/3207 3568/12838/3207 3567/12837/3207 3565/12836/3207 3566/12835/3207
f 3579/12849/3208 3578/12848/3208 3577/12847/3208
f 3578/12852/3209 3580/12851/3209 3577/12850/3209
f 3580/12855/3210 3581/12854/3210 3577/12853/3210
f 3581/12858/3211 3582/12857/3211 3577/12856/3211
f 3582/12861/3212 3583/12860/3212 3577/12859/3212
f 3583/12864/3213 3584/12863/3213 3577/12862/3213
f 3584/12867/3214 3585/12866/3214 3577/12865/3214
f 3585/12870/3215 3586/12869/3215 3577/12868/3215
f 3586/12873/3216 3587/12872/3216 3577/12871/3216
f 3587/12876/3217 3588/12875/3217 3577/12874/3217
f 3588/12879/3218 3589/12878/3218 3577/12877/3218
f 3589/12882/3219 3579/12881/3219 3577/12880/3219
f 3589/12894/3220 3588/12893/3220 3587/12892/3220 3586/12891/3220 3585/12890/3220 3584/12889/3220 3583/12888/3220 3582/12887/3220 3581/12886/3220 3580/12885/3220 3578/12884/3220 3579/12883/3220
f 3592/12897/3221 3591/12896/3221 3590/12895/3221
f 3591/12900/3222 3593/12899/3222 3590/12898/3222
f 3593/12903/3223 3594/12902/3223 3590/12901/3223
f 3594/12906/3224 3595/12905/3224 3590/12904/3224
f 3595/12909/3225 3596/12908/3225 3590/12907/3225
f 3596/12912/3226 3597/12911/3226 3590/12910/3226
f 3597/12915/3227 3598/12914/3227 3590/12913/3227
f 3598/12918/3228 3599/12917/3228 3590/12916/3228
f 3599/12921/3229 3600/12920/3229 3590/12919/3229
f 3600/12924/3230 3601/12923/3230 3590/12922/3230
f 3601/12927/3231 3602/12926/3231 3590/12925/3231
f 3602/12930/3232 3592/12929/3232 3590/12928/3232
f 3602/12942/3233 3601/12941/3233 3600/12940/3233 3599/12939/3233 3598/12938/3233 3597/12937/3233 3596/12936/3233 3595/12935/3233 3594/12934/3233 3593/12933/3233 3591/12932/3233 3592/12931/3233
f 3605/12945/3234 3604/12944/3234 3603/12943/3234
f 3604/12948/3235 3606/12947/3235 3603/12946/3235
f 3606/12951/3236 3607/12950/3236 3603/12949/3236
f 3607/12954/3237 3608/12953/3237 3603/12952/3237
f 3608/12957/3238 3609/12956/3238 3603/12955/3238
f 3609/12960/3239 3610/12959/3239 3603/12958/3239
f 3610/12963/3240 3611/12962/3240 3603/12961/3240
f 3611/12966/3241 3612/12965/3241 3603/12964/3241
f 3612/12969/3242 3613/12968/3242 3603/12967/3242
f 3613/12972/3243 3614/12971/3243 3603/12970/3243
f 3614/12975/3244 3615/12974/3244 3603/12973/3244
f 3615/12978/3245 3605/12977/3245 3603/12976/3245
f 3615/12990/3246 3614/12989/3246 3613/12988/3246 3612/12987/3246 3611/12986/3246 3610/12985/3246 3609/12984/3246 3608/12983/3246 3607/12982/3246 3606/12981/3246 3604/12980/3246 3605/12979/3246
f 3618/12993/3247 3617/12992/3247 3616/12991/3247
f 3617/12996/3248 3619/12995/3248 3616/12994/3248
f 3619/12999/3249 3620/12998/3249 3616/12997/3249
f 3620/13002/3250 3621/13001/3250 3616/13000/3250
f 3621/13005/3251 3622/13004/3251 3616/13003/3251
f 3622/13008/3252 3623/13007/3252 3616/13006/3252
f 3623/13011/3253 3624/13010/3253 3616/13009/3253
f 3624/13014/3254 3625/13013/3254 3616/13012/3254
f 3625/13017/3255 3626/13016/3255 3616/13015/3255
f 3626/13020/3256 3627/13019/3256 3616/13018/3256
f 3627/13023/3257 3628/13022/3257 3616/13021/3257
f 3628/13026/3258 3618/13025/3258 3616/13024/3258
f 3628/13038/3259 3627/13037/3259 3626/13036/3259 3625/13035/3259 3624/13034/3259 3623/13033/3259 3622/13032/3259 3621/13031/3259 3620/13030/3259 3619/13029/3259 3617/13028/3259 3618/13027/3259
